vehicle_id,trip_id,period,trip_start_time,trip_end_time,trip_distance_km,trip_duration_min,avg_speed_kmh,max_speed_kmh,speed_std,avg_rpm,max_rpm,rpm_std,high_rpm_ratio,idle_ratio,trip_fuel_used_liter,fuel_match_diff_sec,fuel_match_confidence,trip_start_utc,trip_start_kst,trip_hour,day_of_week,is_weekend,model_split,prediction,residual,absolute_error,distance_group
VEH_07,VEH_07_AFTER_0290,After,2026-06-11 06:35:57.127000+00:00,2026-06-11 06:41:40.063000+00:00,0.72867334,5.715599999999999,9.541666666666666,30.0,9.582880424080342,1147.1,1978.0,409.7383697759665,0.0,0.2720518692322243,0.12,15.794,High,2026-06-11 06:35:57.127000+00:00,2026-06-11 15:35:57.127000+09:00,15,3,0,validation,0.23717226,-0.11717226088047028,0.11717226088047028,0.5-1 km
VEH_01,VEH_01_AFTER_0560,After,2026-06-11 06:38:38.063000+00:00,2026-06-11 06:40:26+00:00,0.23499267,1.79895,7.272727272727272,18.0,5.258601768719844,1061.357142857143,1566.25,343.8465931077938,0.0,0.0439603700544583,0.04,2.88,High,2026-06-11 06:38:38.063000+00:00,2026-06-11 15:38:38.063000+09:00,15,3,0,validation,0.30428994,-0.26428993701934816,0.26428993701934816,0-0.5 km
VEH_10,VEH_10_AFTER_0446,After,2026-06-11 06:41:56.063000+00:00,2026-06-11 06:47:49+00:00,1.0331417,5.8822833333333335,14.710526315789474,49.0,13.97725199769977,1193.5645161290322,2072.0,469.9202187251591,0.0,0.2497097029745949,0.19,2.753,High,2026-06-11 06:41:56.063000+00:00,2026-06-11 15:41:56.063000+09:00,15,3,0,validation,0.240805,-0.0508050000667572,0.0508050000667572,1-5 km
VEH_09,VEH_09_AFTER_0551,After,2026-06-11 06:44:37.063000+00:00,2026-06-11 06:53:49.063000+00:00,2.1691883,9.2,17.523809523809526,41.0,12.696527637860555,1107.21,1859.75,419.41080505871565,0.0,0.269505945339438,0.31,2.864,High,2026-06-11 06:44:37.063000+00:00,2026-06-11 15:44:37.063000+09:00,15,3,0,validation,0.37490124,-0.06490123510360718,0.06490123510360718,1-5 km
VEH_10,VEH_10_AFTER_0447,After,2026-06-11 06:50:09.063000+00:00,2026-06-11 06:53:48+00:00,0.7763546,3.64895,15.79310344827586,38.0,11.523227847429782,1171.67,1954.5,481.851443496852,0.0,0.1894868794918937,0.1,3.5,High,2026-06-11 06:50:09.063000+00:00,2026-06-11 15:50:09.063000+09:00,15,3,0,validation,0.18483861,-0.08483860790729522,0.08483860790729522,0.5-1 km
VEH_10,VEH_10_AFTER_0448,After,2026-06-11 06:55:22.063000+00:00,2026-06-11 07:00:04+00:00,1.4372412,4.69895,26.24242424242424,64.0,20.698455956218897,1372.3046875,2509.75,603.2041908320949,0.0,0.2768307601639446,0.2,3.367,High,2026-06-11 06:55:22.063000+00:00,2026-06-11 15:55:22.063000+09:00,15,3,0,validation,0.2700822,-0.07008220553398131,0.07008220553398131,1-5 km
VEH_09,VEH_09_AFTER_0552,After,2026-06-11 06:57:49.063000+00:00,2026-06-11 07:10:11+00:00,3.796272,12.365616666666666,20.051948051948052,77.0,21.011991692992655,1147.9635416666667,2175.0,470.3840379966565,0.0,0.2630902121034585,0.52,18.597,High,2026-06-11 06:57:49.063000+00:00,2026-06-11 15:57:49.063000+09:00,15,3,0,validation,0.66051316,-0.14051316261291502,0.14051316261291502,1-5 km
VEH_10,VEH_10_AFTER_0449,After,2026-06-11 07:02:43.063000+00:00,2026-06-11 07:04:45+00:00,0.25309533,2.0322833333333334,11.058823529411764,37.0,12.614047203463729,1307.8333333333333,2526.75,707.4445796904048,0.0,0.5986613249951143,0.06,2.147,High,2026-06-11 07:02:43.063000+00:00,2026-06-11 16:02:43.063000+09:00,16,3,0,validation,0.10914556,-0.04914555937051773,0.04914555937051773,0-0.5 km
VEH_07,VEH_07_AFTER_0291,After,2026-06-11 07:03:10+00:00,2026-06-11 07:33:50+00:00,10.537818,30.666666666666668,25.38,70.0,21.341561954708627,1257.798611111111,2330.5,474.69561575162214,0.0,0.1583815734347175,1.15,16.54,High,2026-06-11 07:03:10+00:00,2026-06-11 16:03:10+09:00,16,3,0,validation,1.1814522,-0.031452155113220304,0.031452155113220304,5-20 km
VEH_08,VEH_08_AFTER_0363,After,2026-06-11 07:06:02.063000+00:00,2026-06-11 07:09:10+00:00,0.4344126,3.1322833333333335,8.95,29.0,9.578491530507296,1145.40625,1796.25,470.8204762947736,0.0,0.3637898290778645,0.07,3.243,High,2026-06-11 07:06:02.063000+00:00,2026-06-11 16:06:02.063000+09:00,16,3,0,validation,0.13245861,-0.062458612322807305,0.062458612322807305,0-0.5 km
VEH_10,VEH_10_AFTER_0450,After,2026-06-11 07:06:07.063000+00:00,2026-06-11 07:07:00+00:00,0.18025479,0.8822833333333333,13.6,37.0,12.784365451597507,1240.7857142857142,2272.5,507.8184948625737,0.0,0.0,0.03,2.167,High,2026-06-11 07:06:07.063000+00:00,2026-06-11 16:06:07.063000+09:00,16,3,0,validation,0.009853888,0.02014611169695854,0.02014611169695854,0-0.5 km
VEH_10,VEH_10_AFTER_0451,After,2026-06-11 07:09:30.127000+00:00,2026-06-11 07:16:33+00:00,2.6770759,7.047883333333333,25.984375,63.0,19.45948691151375,1243.4406779661017,2465.5,567.5270010357438,0.0,0.1660923373839586,0.31,18.003,High,2026-06-11 07:09:30.127000+00:00,2026-06-11 16:09:30.127000+09:00,16,3,0,validation,0.38973278,-0.07973277807235718,0.07973277807235718,1-5 km
VEH_05,VEH_05_AFTER_0274,After,2026-06-11 07:11:00.063000+00:00,2026-06-11 07:50:36.063000+00:00,40.97382,39.6,41.34090909090909,89.0,29.659642395894483,1012.3706896551724,1843.0,422.760018033636,0.0,0.0862737354870596,8.65,0.854,High,2026-06-11 07:11:00.063000+00:00,2026-06-11 16:11:00.063000+09:00,16,3,0,validation,10.098707,-1.4487071990966793,1.4487071990966793,20-50 km
VEH_03,VEH_03_AFTER_0190,After,2026-06-11 07:12:13.063000+00:00,2026-06-11 07:13:37.127000+00:00,0.4125485,1.4010666666666665,13.357142857142858,27.0,8.812386922128768,1176.340909090909,1816.75,383.8641194356183,0.0,0.0121250181150669,0.05,16.3,High,2026-06-11 07:12:13.063000+00:00,2026-06-11 16:12:13.063000+09:00,16,3,0,validation,0.13800699,-0.08800698518753051,0.08800698518753051,0-0.5 km
VEH_02,VEH_02_AFTER_0246,After,2026-06-11 07:15:46+00:00,2026-06-11 07:18:18+00:00,0.56123626,2.533333333333333,10.538461538461538,33.0,11.533332193225425,1157.090909090909,1919.0,452.6623801155789,0.0,0.2110779724400376,0.14,3.757,High,2026-06-11 07:15:46+00:00,2026-06-11 16:15:46+09:00,16,3,0,validation,0.09500921,0.04499079227447511,0.04499079227447511,0.5-1 km
VEH_01,VEH_01_AFTER_0561,After,2026-06-11 07:16:49.063000+00:00,2026-06-11 07:23:11+00:00,1.5489385,6.365616666666667,14.76086956521739,41.0,12.187279153153908,1097.451612903226,1856.5,406.5859549808885,0.0,0.173241532301699,0.17,1.957,High,2026-06-11 07:16:49.063000+00:00,2026-06-11 16:16:49.063000+09:00,16,3,0,validation,0.23038776,-0.060387762188911426,0.060387762188911426,1-5 km
VEH_03,VEH_03_AFTER_0191,After,2026-06-11 07:19:13+00:00,2026-06-11 07:33:53+00:00,3.1435506,14.666666666666666,14.845588235294118,55.0,13.909306383344353,1221.2009345794393,2265.0,508.1278198979728,0.0,0.179227431320604,0.54,1.96,High,2026-06-11 07:19:13+00:00,2026-06-11 16:19:13+09:00,16,3,0,validation,0.39773166,0.1422683382034302,0.1422683382034302,1-5 km
VEH_10,VEH_10_AFTER_0452,After,2026-06-11 07:19:43.063000+00:00,2026-06-11 07:44:38+00:00,8.814968,24.915616666666665,25.58730158730159,85.0,23.81518451227052,1384.606796116505,2933.75,574.6096982667125,0.0,0.2966131515479734,1.1,4.637,High,2026-06-11 07:19:43.063000+00:00,2026-06-11 16:19:43.063000+09:00,16,3,0,validation,1.2018017,-0.10180165767669669,0.10180165767669669,5-20 km
VEH_09,VEH_09_AFTER_0553,After,2026-06-11 07:22:38.127000+00:00,2026-06-11 07:33:30+00:00,3.3201535,10.86455,16.849056603773583,52.0,13.97625510132,1200.0301204819275,2484.5,504.87852290222975,0.0,0.1568259225167635,0.42,17.503,High,2026-06-11 07:22:38.127000+00:00,2026-06-11 16:22:38.127000+09:00,16,3,0,validation,0.4217633,-0.0017633008956909335,0.0017633008956909335,1-5 km
VEH_01,VEH_01_AFTER_0562,After,2026-06-11 07:26:21.063000+00:00,2026-06-11 07:27:32+00:00,0.3470904,1.1822833333333334,16.09090909090909,41.0,15.424034052292578,1184.475,1878.25,448.7441566471924,0.0,0.0343719976483072,0.04,3.083,High,2026-06-11 07:26:21.063000+00:00,2026-06-11 16:26:21.063000+09:00,16,3,0,validation,0.053993557,-0.013993556648492812,0.013993556648492812,0-0.5 km
VEH_04,VEH_04_AFTER_0285,After,2026-06-11 07:30:44.063000+00:00,2026-06-11 07:33:00+00:00,0.38389352,2.265616666666667,6.578947368421052,25.0,7.220699699829972,1114.2777777777778,1855.5,413.5606304542641,0.0,0.0749035092268144,0.06,6.383,High,2026-06-11 07:30:44.063000+00:00,2026-06-11 16:30:44.063000+09:00,16,3,0,validation,0.04790785,0.012092148363590238,0.012092148363590238,0-0.5 km
VEH_08,VEH_08_AFTER_0364,After,2026-06-11 07:33:30.063000+00:00,2026-06-11 08:33:10+00:00,31.50777,59.665616666666665,31.463022508038584,99.0,27.443090764996345,1323.206093189964,2639.25,523.298326939051,0.0,0.1605903792410927,3.08,16.8,High,2026-06-11 07:33:30.063000+00:00,2026-06-11 16:33:30.063000+09:00,16,3,0,validation,2.9424617,0.13753827095031745,0.13753827095031745,20-50 km
VEH_01,VEH_01_AFTER_0563,After,2026-06-11 07:36:41.063000+00:00,2026-06-11 07:38:32+00:00,0.30841368,1.84895,12.916666666666666,36.0,14.262178032201891,1036.638888888889,1708.0,405.08912104332586,0.0,0.3756112001469943,0.05,2.587,High,2026-06-11 07:36:41.063000+00:00,2026-06-11 16:36:41.063000+09:00,16,3,0,validation,0.16836418,-0.11836418211460113,0.11836418211460113,0-0.5 km
VEH_04,VEH_04_AFTER_0286,After,2026-06-11 07:42:11.063000+00:00,2026-06-11 08:40:52+00:00,27.092598,58.68228333333333,22.576642335766422,87.0,24.54333947965684,1159.21,2162.5,433.3377253751782,0.0,0.2487659000926628,2.47,12.05,High,2026-06-11 07:42:11.063000+00:00,2026-06-11 16:42:11.063000+09:00,16,3,0,validation,3.7696972,-1.2996971893310545,1.2996971893310545,20-50 km
VEH_09,VEH_09_AFTER_0554,After,2026-06-11 07:42:41.063000+00:00,2026-06-11 07:45:54+00:00,0.43916667,3.215616666666667,7.666666666666667,23.0,7.268654162452175,1054.15625,1840.5,417.05071142300847,0.0,0.2404699698217875,0.11,17.753,High,2026-06-11 07:42:41.063000+00:00,2026-06-11 16:42:41.063000+09:00,16,3,0,validation,0.17159879,-0.06159879207611084,0.06159879207611084,0-0.5 km
VEH_03,VEH_03_AFTER_0192,After,2026-06-11 07:42:43.063000+00:00,2026-06-11 07:48:16.127000+00:00,1.0466578,5.551066666666667,14.145833333333334,32.0,9.634983098353391,1167.5555555555557,2077.0,474.38891653979704,0.0,0.1257269494557384,0.17,0.096,High,2026-06-11 07:42:43.063000+00:00,2026-06-11 16:42:43.063000+09:00,16,3,0,validation,0.22839434,-0.05839434444904326,0.05839434444904326,1-5 km
VEH_01,VEH_01_AFTER_0565,After,2026-06-11 07:43:54.063000+00:00,2026-06-11 07:47:35+00:00,0.89501494,3.682283333333334,15.77777777777778,38.0,14.05895874478812,1089.4,1774.0,407.4861326883816,0.0,0.2357645831522211,0.11,1.79,High,2026-06-11 07:43:54.063000+00:00,2026-06-11 16:43:54.063000+09:00,16,3,0,validation,0.21234737,-0.1023473733663559,0.1023473733663559,0.5-1 km
VEH_09,VEH_09_AFTER_0555,After,2026-06-11 07:47:15.063000+00:00,2026-06-11 07:56:13+00:00,1.4838648,8.965616666666667,16.27536231884058,71.0,16.286283068062914,1243.824074074074,3243.25,575.573766931484,0.0185185185185185,0.1924051082495166,0.34,17.497,High,2026-06-11 07:47:15.063000+00:00,2026-06-11 16:47:15.063000+09:00,16,3,0,validation,0.31805298,0.02194702267646792,0.02194702267646792,1-5 km
VEH_10,VEH_10_AFTER_0454,After,2026-06-11 07:48:50.127000+00:00,2026-06-11 08:05:40+00:00,6.6867228,16.831216666666666,26.02857142857143,76.0,19.9856887572593,1307.473404255319,2624.5,541.6049871064924,0.0,0.1185565626187682,0.7000000000000001,19.503,High,2026-06-11 07:48:50.127000+00:00,2026-06-11 16:48:50.127000+09:00,16,3,0,validation,0.76674646,-0.06674646139144891,0.06674646139144891,5-20 km
VEH_03,VEH_03_AFTER_0193,After,2026-06-11 07:54:49.063000+00:00,2026-06-11 08:23:37+00:00,20.468395,28.79895,39.02941176470589,100.0,25.73677306674777,1236.2462406015038,2744.25,472.11536935197114,0.0,0.0463701063989069,1.89,3.613,High,2026-06-11 07:54:49.063000+00:00,2026-06-11 16:54:49.063000+09:00,16,3,0,validation,2.390455,-0.5004550075531007,0.5004550075531007,20-50 km
VEH_02,VEH_02_AFTER_0248,After,2026-06-11 07:57:15+00:00,2026-06-11 08:15:31.063000+00:00,10.541243,18.26771666666667,34.77272727272727,101.0,27.036560798938737,1407.9683908045977,2564.75,571.0872681321987,0.0,0.1257681088055851,1.32,0.75,High,2026-06-11 07:57:15+00:00,2026-06-11 16:57:15+09:00,16,3,0,validation,1.2832155,0.03678447723388678,0.03678447723388678,5-20 km
VEH_09,VEH_09_AFTER_0556,After,2026-06-11 08:00:43.063000+00:00,2026-06-11 08:09:17+00:00,2.7605042,8.565616666666667,19.112676056338028,57.0,14.45785453058146,1225.7041666666669,2124.5,487.28695449837926,0.0,0.1386648422159957,0.38,4.647,High,2026-06-11 08:00:43.063000+00:00,2026-06-11 17:00:43.063000+09:00,17,3,0,validation,0.4316508,-0.0516507875919342,0.0516507875919342,1-5 km
VEH_09,VEH_09_AFTER_0557,After,2026-06-11 08:11:19.063000+00:00,2026-06-11 08:30:30+00:00,6.285978,19.18228333333333,18.81045751633987,66.0,15.76409075421157,1175.288167938931,2243.75,443.30965354353367,0.0,0.0929767588283856,0.67,17.117,High,2026-06-11 08:11:19.063000+00:00,2026-06-11 17:11:19.063000+09:00,17,3,0,validation,0.7169749,-0.04697491407394405,0.04697491407394405,5-20 km
VEH_02,VEH_02_AFTER_0249,After,2026-06-11 08:18:01.063000+00:00,2026-06-11 08:25:52.187000+00:00,1.6437006,7.852066666666667,18.96551724137931,57.0,14.67341663577178,1278.122023809524,2273.75,509.5835783796781,0.0,0.0764932205354038,0.33,0.216,High,2026-06-11 08:18:01.063000+00:00,2026-06-11 17:18:01.063000+09:00,17,3,0,validation,0.31093594,0.019064055681228653,0.019064055681228653,1-5 km
VEH_03,VEH_03_AFTER_0194,After,2026-06-11 08:26:59.063000+00:00,2026-06-11 08:34:07+00:00,1.0593996,7.1322833333333335,19.394736842105264,51.0,15.23075053215872,1274.875,2057.75,519.5974306034489,0.0,0.2646052228989959,0.25,17.743,High,2026-06-11 08:26:59.063000+00:00,2026-06-11 17:26:59.063000+09:00,17,3,0,validation,0.3391362,-0.08913621306419373,0.08913621306419373,1-5 km
VEH_12,VEH_12_AFTER_0387,After,2026-06-11 08:29:17.127000+00:00,2026-06-11 09:19:16+00:00,41.026283,49.98121666666667,43.127450980392155,89.0,29.11494177701494,1117.3942307692307,1777.25,457.3646456617863,0.0,0.0258675767067146,1.18,5.38,High,2026-06-11 08:29:17.127000+00:00,2026-06-11 17:29:17.127000+09:00,17,3,0,validation,11.6911335,-10.511133499145508,10.511133499145508,20-50 km
VEH_09,VEH_09_AFTER_0558,After,2026-06-11 08:38:27.063000+00:00,2026-06-11 08:52:19+00:00,2.866526,13.865616666666666,16.69148936170213,58.0,14.215684023285228,1182.2033898305085,2144.0,465.1589724486952,0.0,0.0713614994423191,0.45,19.28,High,2026-06-11 08:38:27.063000+00:00,2026-06-11 17:38:27.063000+09:00,17,3,0,validation,0.45951948,-0.009519475698471058,0.009519475698471058,1-5 km
VEH_11,VEH_11_AFTER_0196,After,2026-06-11 08:42:48.403000+00:00,2026-06-11 10:41:44+00:00,88.25796,118.92661666666666,32.17830882352941,91.0,25.81451455762445,1132.282786885246,1833.25,408.6859761076916,0.0,0.0192963870238982,24.41,2.177,High,2026-06-11 08:42:48.403000+00:00,2026-06-11 17:42:48.403000+09:00,17,3,0,validation,24.520374,-0.11037429809570298,0.11037429809570298,50+ km
VEH_05,VEH_05_AFTER_0275,After,2026-06-11 08:44:00.063000+00:00,2026-06-11 08:51:23+00:00,0.19459419,7.382283333333333,1.125,10.0,2.0879116360612584,922.5833333333334,1540.0,444.64352919564186,0.0,0.4455678414700226,0.34,5.883,High,2026-06-11 08:44:00.063000+00:00,2026-06-11 17:44:00.063000+09:00,17,3,0,validation,0.30197704,0.03802296161651614,0.03802296161651614,0-0.5 km
VEH_05,VEH_05_AFTER_0276,After,2026-06-11 09:12:50.063000+00:00,2026-06-11 09:55:37.063000+00:00,41.53831,42.78333333333333,45.891666666666666,88.0,28.71172694020492,966.2,1598.5,398.22621502524584,0.0,0.0655362353686925,11.39,0.657,High,2026-06-11 09:12:50.063000+00:00,2026-06-11 18:12:50.063000+09:00,18,3,0,validation,10.522543,0.8674570465087896,0.8674570465087896,20-50 km
VEH_12,VEH_12_AFTER_0388,After,2026-06-11 09:26:13.063000+00:00,2026-06-11 09:29:30+00:00,0.1134454,3.2822833333333334,0.8888888888888888,6.0,1.4098419489388354,622.625,1045.0,422.375,0.0,0.6901321192386936,0.17,4.653,High,2026-06-11 09:26:13.063000+00:00,2026-06-11 18:26:13.063000+09:00,18,3,0,validation,0.6800554,-0.5100553798675537,0.5100553798675537,0-0.5 km
VEH_05,VEH_05_AFTER_0277,After,2026-06-11 10:21:50.063000+00:00,2026-06-11 10:23:40+00:00,0.6135289,1.8322833333333333,19.25,46.0,16.310145104606928,887.0,1459.0,518.8397311951608,0.0,0.0110635645534419,0.31,12.897,High,2026-06-11 10:21:50.063000+00:00,2026-06-11 19:21:50.063000+09:00,19,3,0,validation,0.084728256,0.22527174413204193,0.22527174413204193,0.5-1 km
VEH_12,VEH_12_AFTER_0390,After,2026-06-11 10:24:33.063000+00:00,2026-06-11 11:00:30+00:00,40.58992,35.948949999999996,41.597938144329895,93.0,31.590700639314285,1180.9807692307693,1767.5,392.94840621981194,0.0,0.126084065653881,11.64,4.263,High,2026-06-11 10:24:33.063000+00:00,2026-06-11 19:24:33.063000+09:00,19,3,0,validation,11.805236,-0.16523586273193303,0.16523586273193303,20-50 km
VEH_06,VEH_06_AFTER_0453,After,2026-06-11 10:53:49.063000+00:00,2026-06-11 10:56:20+00:00,0.6246921,2.515616666666667,12.73913043478261,36.0,11.647792816869892,990.0,1517.75,446.04983839626414,0.0,0.0596147049605569,0.33,9.853,High,2026-06-11 10:53:49.063000+00:00,2026-06-11 19:53:49.063000+09:00,19,3,0,validation,0.7067875,-0.3767875266075134,0.3767875266075134,0.5-1 km
VEH_11,VEH_11_AFTER_0200,After,2026-06-11 11:05:51.520000+00:00,2026-06-11 11:08:34+00:00,0.60698396,2.7079999999999997,6.68,25.0,8.889184439530997,970.375,1627.5,508.7758132272013,0.0,0.0566914613937377,0.23,13.173,High,2026-06-11 11:05:51.520000+00:00,2026-06-11 20:05:51.520000+09:00,20,3,0,validation,0.1847479,0.045252095460891734,0.045252095460891734,0.5-1 km
VEH_05,VEH_05_AFTER_0278,After,2026-06-11 11:46:26.063000+00:00,2026-06-11 11:47:37+00:00,0.10528205,1.1822833333333334,3.8461538461538463,17.0,5.681903173113658,854.4285714285714,1611.5,438.31380870097985,0.0,0.2227419534469317,0.12,21.587,High,2026-06-11 11:46:26.063000+00:00,2026-06-11 20:46:26.063000+09:00,20,3,0,validation,-0.07633335,0.19633335143327713,0.19633335143327713,0-0.5 km
VEH_06,VEH_06_AFTER_0457,After,2026-06-11 15:38:09+00:00,2026-06-11 16:17:35+00:00,42.665913,39.43333333333333,43.017857142857146,88.0,25.29362643563208,1164.970238095238,1952.75,430.2718313073841,0.0,0.007955476606921,12.86,10.8,High,2026-06-11 15:38:09+00:00,2026-06-12 00:38:09+09:00,0,4,0,validation,13.541314,-0.6813141250610357,0.6813141250610357,20-50 km
VEH_12,VEH_12_AFTER_0395,After,2026-06-11 15:40:05+00:00,2026-06-11 16:30:23+00:00,62.53792,50.3,42.594339622641506,91.0,31.96837420157934,1054.2211538461538,1625.25,408.8325682714599,0.0,0.1276325927129688,16.28,4.273,High,2026-06-11 15:40:05+00:00,2026-06-12 00:40:05+09:00,0,4,0,validation,15.669716,0.6102841186523449,0.6102841186523449,50+ km
VEH_12,VEH_12_AFTER_0396,After,2026-06-11 16:47:45.063000+00:00,2026-06-11 17:11:43+00:00,18.91545,23.965616666666666,36.45263157894737,88.0,27.70512717931756,1083.3083333333334,1661.5,396.0965459083878,0.0,0.1231710894965163,5.48,4.61,High,2026-06-11 16:47:45.063000+00:00,2026-06-12 01:47:45.063000+09:00,1,4,0,validation,6.0373216,-0.5573215675354,0.5573215675354,5-20 km
VEH_06,VEH_06_AFTER_0459,After,2026-06-11 16:57:57+00:00,2026-06-11 17:31:42+00:00,31.629475,33.75,41.300813008130085,90.0,31.43400234465949,1072.5645161290322,1893.25,423.1781347622948,0.0,0.1187571518085854,7.72,6.86,High,2026-06-11 16:57:57+00:00,2026-06-12 01:57:57+09:00,1,4,0,validation,7.4204893,0.29951068878173803,0.29951068878173803,20-50 km
VEH_12,VEH_12_AFTER_0397,After,2026-06-11 17:24:46.063000+00:00,2026-06-11 18:27:40.127000+00:00,75.710724,62.901066666666665,44.21951219512195,93.0,30.63303296614842,1086.0092592592594,1680.25,398.7892119433703,0.0,0.0599636731330986,17.51,0.923,High,2026-06-11 17:24:46.063000+00:00,2026-06-12 02:24:46.063000+09:00,2,4,0,validation,17.413544,0.09645629882812656,0.09645629882812656,50+ km
VEH_06,VEH_06_AFTER_0460,After,2026-06-11 18:02:47.063000+00:00,2026-06-11 18:58:16+00:00,67.145676,55.482283333333335,52.42465753424658,89.0,32.301413433690854,1070.4621212121212,1881.75,464.9491383116142,0.0,0.1368555350963522,15.23,5.82,High,2026-06-11 18:02:47.063000+00:00,2026-06-12 03:02:47.063000+09:00,3,4,0,validation,15.096177,0.13382289886474652,0.13382289886474652,50+ km
VEH_12,VEH_12_AFTER_0398,After,2026-06-11 18:37:53.063000+00:00,2026-06-11 19:12:42+00:00,41.16972,34.81561666666666,46.75581395348837,89.0,27.95883021744968,1129.2083333333333,1745.0,411.7989147394096,0.0,0.0055559659510631,10.3,4.773,High,2026-06-11 18:37:53.063000+00:00,2026-06-12 03:37:53.063000+09:00,3,4,0,validation,10.295569,0.004430580139160867,0.004430580139160867,20-50 km
VEH_05,VEH_05_AFTER_0284,After,2026-06-11 18:43:38+00:00,2026-06-11 18:44:42+00:00,0.17374294,1.0666666666666669,4.454545454545454,25.0,7.126948044552596,971.0,1323.0,352.0,0.0,0.2373689227836034,18.08,26.647,High,2026-06-11 18:43:38+00:00,2026-06-12 03:43:38+09:00,3,4,0,validation,15.70737,2.372630195617674,2.372630195617674,0-0.5 km
VEH_06,VEH_06_AFTER_0463,After,2026-06-11 19:29:49+00:00,2026-06-11 20:02:12+00:00,32.510048,32.38333333333333,43.09836065573771,95.0,31.985501284089914,1211.4941860465117,1878.75,467.30136150689515,0.0,0.0921266794474188,9.29,16.487,High,2026-06-11 19:29:49+00:00,2026-06-12 04:29:49+09:00,4,4,0,validation,9.757339,-0.46733852386474695,0.46733852386474695,20-50 km
VEH_06,VEH_06_AFTER_0465,After,2026-06-11 20:29:40+00:00,2026-06-11 20:40:46+00:00,5.6306186,11.1,26.651515151515152,87.0,27.242731821501582,1217.448275862069,1797.75,420.04984504772,0.0,0.2286893663647877,2.13,4.137,High,2026-06-11 20:29:40+00:00,2026-06-12 05:29:40+09:00,5,4,0,validation,4.3870125,-2.2570124816894532,2.2570124816894532,5-20 km
VEH_06,VEH_06_AFTER_0466,After,2026-06-11 20:45:30.063000+00:00,2026-06-11 21:14:16.063000+00:00,27.004152,28.766666666666666,47.46875,93.0,31.979470343292117,1074.1724137931035,1883.75,430.3947271233152,0.0,0.0667051386801814,6.8,0.77,High,2026-06-11 20:45:30.063000+00:00,2026-06-12 05:45:30.063000+09:00,5,4,0,validation,6.6385665,0.1614335060119627,0.1614335060119627,20-50 km
VEH_05,VEH_05_AFTER_0286,After,2026-06-11 22:20:02.063000+00:00,2026-06-11 22:29:24+00:00,3.8214908,9.365616666666666,25.62,71.0,19.19050807039772,960.3125,1405.0,429.3658250475345,0.0,0.0,1.41,4.73,High,2026-06-11 22:20:02.063000+00:00,2026-06-12 07:20:02.063000+09:00,7,4,0,validation,4.326698,-2.916697826385498,2.916697826385498,1-5 km
VEH_04,VEH_04_AFTER_0291,After,2026-06-11 23:22:10.127000+00:00,2026-06-11 23:24:01+00:00,0.1,1.847883333333333,0.5384615384615384,2.0,0.6343239424027171,809.0,830.0,21.0,0.0,0.3065385827816768,0.06,4.683,High,2026-06-11 23:22:10.127000+00:00,2026-06-12 08:22:10.127000+09:00,8,4,0,validation,0.6598471,-0.59984708070755,0.59984708070755,0-0.5 km
VEH_05,VEH_05_AFTER_0287,After,2026-06-11 23:40:41.063000+00:00,2026-06-11 23:41:50+00:00,0.12117617,1.14895,5.0,18.0,5.709640969448079,863.0833333333334,1601.5,465.57112477281305,0.0,0.0731586391938988,0.1,4.897,High,2026-06-11 23:40:41.063000+00:00,2026-06-12 08:40:41.063000+09:00,8,4,0,validation,-0.016020566,0.11602056622505189,0.11602056622505189,0-0.5 km
VEH_06,VEH_06_AFTER_0469,After,2026-06-11 23:59:02.063000+00:00,2026-06-12 00:40:03.063000+00:00,41.57561,41.016666666666666,46.8,89.0,31.504126713813225,904.9342105263158,1753.0,404.288229664715,0.0,0.2034925476106548,10.71,0.477,High,2026-06-11 23:59:02.063000+00:00,2026-06-12 08:59:02.063000+09:00,8,4,0,validation,10.249894,0.46010585784912195,0.46010585784912195,20-50 km
VEH_11,VEH_11_AFTER_0202,After,2026-06-12 00:00:13.087000+00:00,2026-06-12 01:08:20.703000+00:00,59.723293,68.12693333333333,38.35403726708075,94.0,30.17040834329386,1079.8628048780488,1864.5,410.48915858734006,0.0,0.121878112765577,15.24,0.003,High,2026-06-12 00:00:13.087000+00:00,2026-06-12 09:00:13.087000+09:00,9,4,0,validation,15.662203,-0.4222028350830076,0.4222028350830076,50+ km
VEH_01,VEH_01_AFTER_0567,After,2026-06-12 00:43:05.063000+00:00,2026-06-12 01:31:57.063000+00:00,30.726435,48.86666666666667,33.237668161434975,98.0,29.980143173391586,1250.69918699187,2431.75,510.4047104549718,0.0,0.1769096747003132,2.91,0.574,High,2026-06-12 00:43:05.063000+00:00,2026-06-12 09:43:05.063000+09:00,9,4,0,validation,2.9013007,0.008699331283569478,0.008699331283569478,20-50 km
VEH_09,VEH_09_AFTER_0560,After,2026-06-12 01:07:22.063000+00:00,2026-06-12 01:17:15.127000+00:00,1.5975134,9.8844,20.13432835820895,54.0,13.975346654059644,1175.266129032258,2086.25,445.7520780236867,0.0,0.1170918728831995,0.34,15.486,High,2026-06-12 01:07:22.063000+00:00,2026-06-12 10:07:22.063000+09:00,10,4,0,validation,0.30548137,0.0345186257362366,0.0345186257362366,1-5 km
VEH_11,VEH_11_AFTER_0203,After,2026-06-12 01:20:51.877000+00:00,2026-06-12 02:37:16+00:00,70.475975,76.40204999999999,37.21846153846154,93.0,30.163018071333603,1079.8566666666666,1717.75,380.416701730557,0.0,0.0283765822948468,15.69,27.0,High,2026-06-12 01:20:51.877000+00:00,2026-06-12 10:20:51.877000+09:00,10,4,0,validation,15.829253,-0.1392531967163091,0.1392531967163091,50+ km
VEH_09,VEH_09_AFTER_0561,After,2026-06-12 01:22:39.063000+00:00,2026-06-12 01:28:43.127000+00:00,1.7925438,6.067733333333334,15.979166666666666,41.0,12.963875422581868,1182.5380434782608,2037.25,434.8220524567421,0.0,0.1423588827813276,0.26,0.833,High,2026-06-12 01:22:39.063000+00:00,2026-06-12 10:22:39.063000+09:00,10,4,0,validation,0.28619415,-0.026194145679473868,0.026194145679473868,1-5 km
VEH_04,VEH_04_AFTER_0294,After,2026-06-12 01:31:06.063000+00:00,2026-06-12 02:02:33+00:00,22.990555,31.44895,43.18536585365854,105.0,32.02125483880226,1595.5185185185185,3860.0,748.1769322020606,0.0493827160493827,0.145972136612674,2.46,4.707,High,2026-06-12 01:31:06.063000+00:00,2026-06-12 10:31:06.063000+09:00,10,4,0,validation,2.519438,-0.059438028335571325,0.059438028335571325,20-50 km
VEH_03,VEH_03_AFTER_0195,After,2026-06-12 01:32:08.063000+00:00,2026-06-12 02:14:07+00:00,24.068056,41.982283333333335,33.025925925925925,112.0,30.791582454764924,1287.2863636363636,2696.5,517.7169595375811,0.0,0.1474387628549371,2.7,0.657,High,2026-06-12 01:32:08.063000+00:00,2026-06-12 10:32:08.063000+09:00,10,4,0,validation,2.6223662,0.07763381004333514,0.07763381004333514,20-50 km
VEH_01,VEH_01_AFTER_0568,After,2026-06-12 01:35:03.063000+00:00,2026-06-12 01:40:36.063000+00:00,0.96899945,5.55,12.21875,30.0,11.406506846423229,1151.5625,1816.25,400.3443293356982,0.0,0.1174009105516872,0.15,15.68,High,2026-06-12 01:35:03.063000+00:00,2026-06-12 10:35:03.063000+09:00,10,4,0,validation,0.25920692,-0.10920692086219788,0.10920692086219788,0.5-1 km
VEH_09,VEH_09_AFTER_0562,After,2026-06-12 01:35:08.063000+00:00,2026-06-12 01:37:39+00:00,0.2108378,2.515616666666667,8.363636363636363,26.0,7.803721652221096,1195.421052631579,2060.0,464.6291394094495,0.0,0.0834058900549658,0.09,18.753,High,2026-06-12 01:35:08.063000+00:00,2026-06-12 10:35:08.063000+09:00,10,4,0,validation,0.057113048,0.03288695231080055,0.03288695231080055,0-0.5 km
VEH_08,VEH_08_AFTER_0367,After,2026-06-12 01:36:16.063000+00:00,2026-06-12 02:06:33+00:00,26.657701,30.282283333333332,47.2043795620438,101.0,29.36061682314414,1302.1151960784314,2300.75,525.2233402996765,0.0,0.0950697751060265,2.12,4.337,High,2026-06-12 01:36:16.063000+00:00,2026-06-12 10:36:16.063000+09:00,10,4,0,validation,2.1924686,-0.07246864318847646,0.07246864318847646,20-50 km
VEH_06,VEH_06_AFTER_0470,After,2026-06-12 01:39:16.063000+00:00,2026-06-12 02:07:34+00:00,33.173115,28.29895,49.14772727272727,89.0,30.268322690084336,929.431818181818,1890.5,478.54157094652385,0.0,0.0798129260688051,8.0,3.59,High,2026-06-12 01:39:16.063000+00:00,2026-06-12 10:39:16.063000+09:00,10,4,0,validation,7.282105,0.7178950309753418,0.7178950309753418,20-50 km
VEH_09,VEH_09_AFTER_0563,After,2026-06-12 01:41:42.063000+00:00,2026-06-12 02:00:00+00:00,4.3084455,18.29895,16.589147286821706,53.0,13.262766208070415,1148.425,2024.25,451.9893963081435,0.0,0.1826449134751426,0.5700000000000001,18.36,High,2026-06-12 01:41:42.063000+00:00,2026-06-12 10:41:42.063000+09:00,10,4,0,validation,0.6664741,-0.09647410392761224,0.09647410392761224,1-5 km
VEH_01,VEH_01_AFTER_0569,After,2026-06-12 01:43:40.063000+00:00,2026-06-12 01:51:46.127000+00:00,2.0171063,8.101066666666666,16.147540983606557,64.0,17.409095103246866,1082.3402777777778,2139.25,449.349549784563,0.0,0.2046971912129482,0.25,0.55,High,2026-06-12 01:43:40.063000+00:00,2026-06-12 10:43:40.063000+09:00,10,4,0,validation,0.3261612,-0.0761612057685852,0.0761612057685852,1-5 km
VEH_02,VEH_02_AFTER_0254,After,2026-06-12 01:56:55.063000+00:00,2026-06-12 02:08:58.063000+00:00,2.870285,12.05,22.16842105263158,65.0,16.376910981512932,1362.3341836734694,2800.5,610.4061669936874,0.0,0.1106698563684143,0.55,0.074,High,2026-06-12 01:56:55.063000+00:00,2026-06-12 10:56:55.063000+09:00,10,4,0,validation,0.43494672,0.11505328416824345,0.11505328416824345,1-5 km
VEH_07,VEH_07_AFTER_0296,After,2026-06-12 02:05:57.063000+00:00,2026-06-12 02:40:59.127000+00:00,12.5977335,35.0344,23.832369942196532,86.0,21.499850614929834,1236.8646616541353,2398.0,489.7387360785983,0.0,0.1573083559280256,1.36,0.52,High,2026-06-12 02:05:57.063000+00:00,2026-06-12 11:05:57.063000+09:00,11,4,0,validation,1.4782529,-0.11825288772582998,0.11825288772582998,5-20 km
VEH_08,VEH_08_AFTER_0368,After,2026-06-12 02:08:02.063000+00:00,2026-06-12 02:19:41+00:00,3.0866418,11.64895,17.290697674418606,61.0,15.42940885623248,1223.9868421052631,2226.25,498.4220246232116,0.0,0.2691396158198523,0.36,3.95,High,2026-06-12 02:08:02.063000+00:00,2026-06-12 11:08:02.063000+09:00,11,4,0,validation,0.4217633,-0.06176330089569093,0.06176330089569093,1-5 km
VEH_09,VEH_09_AFTER_0565,After,2026-06-12 02:08:13.063000+00:00,2026-06-12 02:18:48.127000+00:00,2.5129342,10.5844,17.905882352941177,61.0,14.671800506543368,1163.918918918919,2564.75,490.029958247363,0.0,0.1620551819261654,0.34,0.786,High,2026-06-12 02:08:13.063000+00:00,2026-06-12 11:08:13.063000+09:00,11,4,0,validation,0.36417162,-0.02417162418365476,0.02417162418365476,1-5 km
VEH_10,VEH_10_AFTER_0460,After,2026-06-12 02:09:41.127000+00:00,2026-06-12 02:38:31+00:00,10.068165,28.831216666666663,26.26993865030675,69.0,21.807034760070223,1351.611111111111,3125.0,559.6160011960629,0.0058479532163742,0.1485250670936604,1.21,1.583,High,2026-06-12 02:09:41.127000+00:00,2026-06-12 11:09:41.127000+09:00,11,4,0,validation,1.1956317,0.014368257522582972,0.014368257522582972,5-20 km
VEH_02,VEH_02_AFTER_0255,After,2026-06-12 02:10:20.063000+00:00,2026-06-12 02:31:06.127000+00:00,8.719412,20.767733333333336,24.807692307692307,78.0,20.61027730458744,1359.8459302325582,2432.25,563.7605799664736,0.0,0.1305393505778755,1.18,16.423,High,2026-06-12 02:10:20.063000+00:00,2026-06-12 11:10:20.063000+09:00,11,4,0,validation,1.0098686,0.17013137817382806,0.17013137817382806,5-20 km
VEH_01,VEH_01_AFTER_0571,After,2026-06-12 02:19:18+00:00,2026-06-12 02:32:17+00:00,2.2824554,12.983333333333333,15.986301369863014,46.0,14.814370245548403,1189.6911764705883,2271.75,503.0618885352528,0.0,0.2892810320604732,1.13,1.287,High,2026-06-12 02:19:18+00:00,2026-06-12 11:19:18+09:00,11,4,0,validation,0.36728054,0.7627194571495055,0.7627194571495055,1-5 km
VEH_06,VEH_06_AFTER_0472,After,2026-06-12 02:23:09.063000+00:00,2026-06-12 02:32:59+00:00,9.656606,9.832283333333333,41.51063829787234,88.0,27.74187428697416,970.7884615384615,1732.75,391.28345084519674,0.0,0.0,2.74,5.18,High,2026-06-12 02:23:09.063000+00:00,2026-06-12 11:23:09.063000+09:00,11,4,0,validation,3.2634475,-0.5234475231170652,0.5234475231170652,5-20 km
VEH_09,VEH_09_AFTER_0566,After,2026-06-12 02:23:25.063000+00:00,2026-06-12 02:27:21+00:00,1.7192483,3.932283333333334,25.048780487804876,54.0,13.728999429749363,1199.2010869565215,2149.5,514.6361859192513,0.0,0.0298127149955408,0.2,1.447,High,2026-06-12 02:23:25.063000+00:00,2026-06-12 11:23:25.063000+09:00,11,4,0,validation,0.19273564,0.007264357805252086,0.007264357805252086,1-5 km
VEH_09,VEH_09_AFTER_0567,After,2026-06-12 02:29:35.063000+00:00,2026-06-12 02:42:52+00:00,5.881263,13.282283333333334,26.176470588235293,85.0,19.841979544620415,1260.001968503937,2628.75,549.022878895992,0.0,0.1390182255357647,0.74,1.273,High,2026-06-12 02:29:35.063000+00:00,2026-06-12 11:29:35.063000+09:00,11,4,0,validation,0.71591324,0.024086763858795157,0.024086763858795157,5-20 km
VEH_02,VEH_02_AFTER_0256,After,2026-06-12 02:32:13.063000+00:00,2026-06-12 02:42:43+00:00,2.6060085,10.49895,20.62962962962963,62.0,16.24689481780597,1277.5773195876288,2600.25,559.1234526102395,0.0,0.1651414225819014,0.49,16.88,High,2026-06-12 02:32:13.063000+00:00,2026-06-12 11:32:13.063000+09:00,11,4,0,validation,0.406797,0.08320300817489623,0.08320300817489623,1-5 km
VEH_08,VEH_08_AFTER_0370,After,2026-06-12 02:33:37.063000+00:00,2026-06-12 02:40:39+00:00,1.4183509,7.032283333333334,14.695652173913045,51.0,13.937546358226497,1198.59693877551,2522.0,505.462098682893,0.0,0.3264060456329022,0.31,1.477,High,2026-06-12 02:33:37.063000+00:00,2026-06-12 11:33:37.063000+09:00,11,4,0,validation,0.26365796,0.04634204268455505,0.04634204268455505,1-5 km
VEH_01,VEH_01_AFTER_0572,After,2026-06-12 02:33:42.063000+00:00,2026-06-12 02:41:05.127000+00:00,1.4288605,7.3844,15.565217391304348,51.0,14.891859716714572,1147.4324324324325,2400.75,486.6502283560012,0.0,0.2951876528533111,0.23,0.12,High,2026-06-12 02:33:42.063000+00:00,2026-06-12 11:33:42.063000+09:00,11,4,0,validation,0.26944354,-0.039443541765213,0.039443541765213,1-5 km
VEH_04,VEH_04_AFTER_0298,After,2026-06-12 02:38:31+00:00,2026-06-12 02:45:44+00:00,1.5270708,7.216666666666667,17.488372093023255,50.0,15.653771509326369,1284.8,2297.0,506.444491035296,0.0,0.385012496663512,0.94,1.187,High,2026-06-12 02:38:31+00:00,2026-06-12 11:38:31+09:00,11,4,0,validation,0.28977847,0.650221529006958,0.650221529006958,1-5 km
VEH_06,VEH_06_AFTER_0473,After,2026-06-12 02:38:50.063000+00:00,2026-06-12 02:40:56+00:00,0.6938265,2.09895,16.533333333333335,39.0,13.6130656193069,795.9166666666666,1161.0,424.43984327058126,0.0,0.0572789913502419,0.27,4.223,High,2026-06-12 02:38:50.063000+00:00,2026-06-12 11:38:50.063000+09:00,11,4,0,validation,0.61662316,-0.3466231632232666,0.3466231632232666,0.5-1 km
VEH_10,VEH_10_AFTER_0461,After,2026-06-12 02:41:50.063000+00:00,2026-06-12 02:57:22+00:00,4.9995227,15.532283333333334,24.576576576576574,77.0,20.607682268036655,1414.778350515464,2935.75,604.7719024262698,0.0,0.2807919184331746,0.61,2.69,High,2026-06-12 02:41:50.063000+00:00,2026-06-12 11:41:50.063000+09:00,11,4,0,validation,0.6768897,-0.06688971757888795,0.06688971757888795,1-5 km
VEH_11,VEH_11_AFTER_0204,After,2026-06-12 02:44:13.083000+00:00,2026-06-12 02:47:01+00:00,0.53383017,2.7986166666666668,14.416666666666666,27.0,8.200186312246544,751.25,1318.25,406.32979985474856,0.0,0.0,0.21,7.453,High,2026-06-12 02:44:13.083000+00:00,2026-06-12 11:44:13.083000+09:00,11,4,0,validation,0.40518054,-0.19518054366111756,0.19518054366111756,0.5-1 km
VEH_03,VEH_03_AFTER_0196,After,2026-06-12 02:47:13+00:00,2026-06-12 03:17:28+00:00,24.147135,30.25,44.551515151515154,107.0,29.58734497302522,1342.6222222222225,2712.25,534.0035583584685,0.0,0.0912439984503556,2.68,23.733,High,2026-06-12 02:47:13+00:00,2026-06-12 11:47:13+09:00,11,4,0,validation,2.3488696,0.3311304378509523,0.3311304378509523,20-50 km
VEH_09,VEH_09_AFTER_0568,After,2026-06-12 02:47:38.063000+00:00,2026-06-12 03:01:03+00:00,3.7164388,13.415616666666669,19.327272727272728,75.0,17.618744713777318,1178.5852272727273,2208.5,506.2505525899953,0.0,0.2702433548964254,0.46,17.167,High,2026-06-12 02:47:38.063000+00:00,2026-06-12 11:47:38.063000+09:00,11,4,0,validation,0.6122952,-0.1522952103614807,0.1522952103614807,1-5 km
VEH_02,VEH_02_AFTER_0258,After,2026-06-12 02:51:23+00:00,2026-06-12 02:54:48.127000+00:00,0.18668865,3.4187833333333333,13.1,31.0,8.87825057842666,1178.720588235294,2261.75,516.3881554374815,0.0,0.0594448473659919,0.21,16.41,High,2026-06-12 02:51:23+00:00,2026-06-12 11:51:23+09:00,11,4,0,validation,0.13883094,0.07116905510425567,0.07116905510425567,0-0.5 km
VEH_08,VEH_08_AFTER_0371,After,2026-06-12 03:01:32.127000+00:00,2026-06-12 03:04:05+00:00,0.5525406,2.547883333333333,10.93103448275862,37.0,10.322159071403748,1079.576923076923,1916.0,428.0907623549117,0.0,0.0527244359887559,0.13,3.833,High,2026-06-12 03:01:32.127000+00:00,2026-06-12 12:01:32.127000+09:00,12,4,0,validation,0.04677289,0.08322711020708085,0.08322711020708085,0.5-1 km
VEH_09,VEH_09_AFTER_0569,After,2026-06-12 03:13:15.063000+00:00,2026-06-12 03:19:34+00:00,2.630262,6.315616666666667,25.729166666666668,73.0,22.23149003790694,1261.1220930232555,2225.5,514.2348045603298,0.0,0.1250997015924366,0.37,1.927,High,2026-06-12 03:13:15.063000+00:00,2026-06-12 12:13:15.063000+09:00,12,4,0,validation,0.42097583,-0.05097583413124085,0.05097583413124085,1-5 km
VEH_01,VEH_01_AFTER_0574,After,2026-06-12 03:23:33+00:00,2026-06-12 03:29:10+00:00,1.3393465,5.616666666666666,19.294117647058822,37.0,11.648098586981543,1159.301724137931,1837.75,408.1040022285477,0.0,0.1458418937025457,0.43,1.52,High,2026-06-12 03:23:33+00:00,2026-06-12 12:23:33+09:00,12,4,0,validation,0.42193145,0.008068554401397698,0.008068554401397698,1-5 km
VEH_04,VEH_04_AFTER_0299,After,2026-06-12 03:23:34.063000+00:00,2026-06-12 04:02:00.127000+00:00,27.754873,38.4344,40.68600682593857,115.0,32.849907539466365,1612.8938906752412,3933.0,781.5245427542927,0.0643086816720257,0.1424188683569625,3.41,3.356,High,2026-06-12 03:23:34.063000+00:00,2026-06-12 12:23:34.063000+09:00,12,4,0,validation,3.113323,0.29667702674865737,0.29667702674865737,20-50 km
VEH_12,VEH_12_AFTER_0404,After,2026-06-12 03:24:14.063000+00:00,2026-06-12 04:02:14+00:00,41.492104,37.99895,39.41414141414141,89.0,29.41586533409717,1063.5,1738.0,408.55186329277706,0.0,0.0587206159447197,10.32,15.953,High,2026-06-12 03:24:14.063000+00:00,2026-06-12 12:24:14.063000+09:00,12,4,0,validation,10.364265,-0.044265441894530966,0.044265441894530966,20-50 km
VEH_09,VEH_09_AFTER_0570,After,2026-06-12 03:26:12.063000+00:00,2026-06-12 03:31:00+00:00,2.1920047,4.7989500000000005,21.065217391304348,62.0,17.82572905261069,1142.091463414634,2163.5,474.99696647329654,0.0,0.0877442899574477,0.24,17.777,High,2026-06-12 03:26:12.063000+00:00,2026-06-12 12:26:12.063000+09:00,12,4,0,validation,0.31421122,-0.07421121954917909,0.07421121954917909,1-5 km
VEH_07,VEH_07_AFTER_0297,After,2026-06-12 03:27:37.063000+00:00,2026-06-12 03:53:26+00:00,10.781169,25.815616666666664,28.613793103448277,77.0,22.860049840624026,1323.0382352941176,2462.5,532.5833316540326,0.0,0.2083181528791341,1.13,20.5,High,2026-06-12 03:27:37.063000+00:00,2026-06-12 12:27:37.063000+09:00,12,4,0,validation,1.2011797,-0.07117974281311046,0.07117974281311046,5-20 km
VEH_09,VEH_09_AFTER_0571,After,2026-06-12 03:36:01.063000+00:00,2026-06-12 03:37:38+00:00,0.225,1.6156166666666667,7.277777777777778,19.0,6.739646838386477,1050.892857142857,1628.0,377.4596680711837,0.0,0.0414902098843409,0.04,18.86,High,2026-06-12 03:36:01.063000+00:00,2026-06-12 12:36:01.063000+09:00,12,4,0,validation,0.012371606,0.027628393806517125,0.027628393806517125,0-0.5 km
VEH_09,VEH_09_AFTER_0572,After,2026-06-12 03:42:52.063000+00:00,2026-06-12 03:48:32+00:00,0.7345277,5.665616666666667,13.745098039215684,34.0,9.21602001898804,1127.071428571429,1918.75,433.1463790848143,0.0,0.1518317907205142,0.18,17.36,High,2026-06-12 03:42:52.063000+00:00,2026-06-12 12:42:52.063000+09:00,12,4,0,validation,0.22839434,-0.04839434444904328,0.04839434444904328,0.5-1 km
VEH_02,VEH_02_AFTER_0260,After,2026-06-12 03:43:11+00:00,2026-06-12 04:03:21+00:00,9.239446,20.166666666666668,26.74342105263158,83.0,19.43460583819164,1343.2185714285715,3100.5,554.7640332462745,0.0114285714285714,0.1227423872957014,1.18,18.38,High,2026-06-12 03:43:11+00:00,2026-06-12 12:43:11+09:00,12,4,0,validation,1.0387459,0.1412541198730468,0.1412541198730468,5-20 km
VEH_09,VEH_09_AFTER_0573,After,2026-06-12 03:58:11.063000+00:00,2026-06-12 04:05:33+00:00,1.2066716,7.365616666666667,12.56338028169014,39.0,10.341673379681142,1151.5570175438595,1935.5,446.35595704476776,0.0,0.1378219447424102,0.25,18.55,High,2026-06-12 03:58:11.063000+00:00,2026-06-12 12:58:11.063000+09:00,12,4,0,validation,0.2623279,-0.012327909469604492,0.012327909469604492,1-5 km
VEH_10,VEH_10_AFTER_0462,After,2026-06-12 03:59:17.063000+00:00,2026-06-12 04:08:47+00:00,1.8323916,9.49895,18.345238095238095,56.0,13.5721125558634,1230.5833333333333,2470.25,506.8055027841842,0.0,0.1568937015917829,0.36,18.003,High,2026-06-12 03:59:17.063000+00:00,2026-06-12 12:59:17.063000+09:00,12,4,0,validation,0.32684907,0.033150926828384386,0.033150926828384386,1-5 km
VEH_08,VEH_08_AFTER_0372,After,2026-06-12 04:03:09.063000+00:00,2026-06-12 04:14:26+00:00,3.290673,11.282283333333334,17.114035087719298,43.0,12.039961802651002,1227.030991735537,2279.75,473.7383609968779,0.0,0.0914444359770903,0.67,1.44,High,2026-06-12 04:03:09.063000+00:00,2026-06-12 13:03:09.063000+09:00,13,4,0,validation,0.41885018,0.25114981651306156,0.25114981651306156,1-5 km
VEH_10,VEH_10_AFTER_0463,After,2026-06-12 04:11:53.063000+00:00,2026-06-12 04:25:00.063000+00:00,2.3532505,13.116666666666667,16.453125,58.0,14.455134995370155,1315.547520661157,2510.75,587.0658817355895,0.0,0.257815258426356,0.53,16.564,High,2026-06-12 04:11:53.063000+00:00,2026-06-12 13:11:53.063000+09:00,13,4,0,validation,0.37101907,0.1589809346199036,0.1589809346199036,1-5 km
VEH_09,VEH_09_AFTER_0574,After,2026-06-12 04:13:01.063000+00:00,2026-06-12 04:15:14.127000+00:00,0.3058766,2.2177333333333333,13.526315789473683,28.0,9.43882475429978,1188.3977272727273,1935.75,473.67746901655096,0.0,0.2905492466541825,0.09,0.74,High,2026-06-12 04:13:01.063000+00:00,2026-06-12 13:13:01.063000+09:00,13,4,0,validation,0.09700121,-0.007001209855079654,0.007001209855079654,0-0.5 km
VEH_09,VEH_09_AFTER_0575,After,2026-06-12 04:16:43.063000+00:00,2026-06-12 04:22:40+00:00,3.4496827,5.94895,25.607843137254903,76.0,21.37166754793167,1252.4666666666667,2521.5,528.3576508599286,0.0,0.0402704409738171,0.33,1.353,High,2026-06-12 04:16:43.063000+00:00,2026-06-12 13:16:43.063000+09:00,13,4,0,validation,0.41401625,-0.08401624679565428,0.08401624679565428,1-5 km
VEH_12,VEH_12_AFTER_0405,After,2026-06-12 04:18:34.063000+00:00,2026-06-12 04:19:44+00:00,0.10238375,1.1656166666666663,0.5384615384615384,2.0,0.6343239424027171,626.25,1043.0,416.75,0.0,0.339914454862193,0.07,5.48,High,2026-06-12 04:18:34.063000+00:00,2026-06-12 13:18:34.063000+09:00,13,4,0,validation,0.46872473,-0.3987247276306152,0.3987247276306152,0-0.5 km
VEH_01,VEH_01_AFTER_0576,After,2026-06-12 04:18:46.063000+00:00,2026-06-12 04:29:00+00:00,1.2531806,10.232283333333331,8.478260869565217,39.0,10.561906799261909,1102.6973684210527,1782.0,416.51182360600654,0.0,0.3311955945843006,0.28,17.367,High,2026-06-12 04:18:46.063000+00:00,2026-06-12 13:18:46.063000+09:00,13,4,0,validation,0.30240634,-0.02240634083747861,0.02240634083747861,1-5 km
VEH_08,VEH_08_AFTER_0373,After,2026-06-12 04:19:32.127000+00:00,2026-06-12 04:26:04.063000+00:00,1.5576591,6.532266666666667,15.453125,35.0,10.187200436546588,1161.021186440678,1931.75,441.58142061706536,0.0,0.1779022801302932,0.35,0.71,High,2026-06-12 04:19:32.127000+00:00,2026-06-12 13:19:32.127000+09:00,13,4,0,validation,0.25742123,0.09257877469062803,0.09257877469062803,1-5 km
VEH_09,VEH_09_AFTER_0576,After,2026-06-12 04:23:51.063000+00:00,2026-06-12 04:30:09+00:00,1.3076879,6.2989500000000005,16.051724137931036,42.0,12.903384231028513,1261.68,2310.5,520.3782519475617,0.0,0.2097153215110837,0.27,17.45,High,2026-06-12 04:23:51.063000+00:00,2026-06-12 13:23:51.063000+09:00,13,4,0,validation,0.27806997,-0.008069972991943342,0.008069972991943342,1-5 km
VEH_08,VEH_08_AFTER_0374,After,2026-06-12 04:29:16.063000+00:00,2026-06-12 04:31:18+00:00,0.22012885,2.0322833333333334,8.869565217391305,21.0,7.146323760453688,1095.407894736842,1942.5,424.219788572646,0.0,0.0373898056290871,0.07,1.897,High,2026-06-12 04:29:16.063000+00:00,2026-06-12 13:29:16.063000+09:00,13,4,0,validation,0.052979503,0.017020497173070914,0.017020497173070914,0-0.5 km
VEH_10,VEH_10_AFTER_0464,After,2026-06-12 04:29:22.063000+00:00,2026-06-12 04:31:21+00:00,0.38916665,1.9822833333333336,11.695652173913045,24.0,8.441279434286763,1107.9891304347825,1826.75,448.4400648132129,0.0,0.017027417027417,0.06,16.87,High,2026-06-12 04:29:22.063000+00:00,2026-06-12 13:29:22.063000+09:00,13,4,0,validation,0.075337686,-0.01533768564462662,0.01533768564462662,0-0.5 km
VEH_09,VEH_09_AFTER_0577,After,2026-06-12 04:33:43.063000+00:00,2026-06-12 04:34:59+00:00,0.25583333,1.2656166666666666,11.133333333333333,20.0,6.009621914526368,1040.2083333333333,1644.0,339.2378994607701,0.0,0.0,0.03,18.047,High,2026-06-12 04:33:43.063000+00:00,2026-06-12 13:33:43.063000+09:00,13,4,0,validation,-0.10289763,0.13289762914180756,0.13289762914180756,0-0.5 km
VEH_08,VEH_08_AFTER_0375,After,2026-06-12 04:34:12.127000+00:00,2026-06-12 04:37:17+00:00,0.7180803,3.0812166666666667,12.333333333333334,40.0,11.953614051360738,1104.669642857143,1976.5,444.1115783101789,0.0,0.0298693554507507,0.11,1.587,High,2026-06-12 04:34:12.127000+00:00,2026-06-12 13:34:12.127000+09:00,13,4,0,validation,0.105116785,0.004883215427398682,0.004883215427398682,0.5-1 km
VEH_10,VEH_10_AFTER_0465,After,2026-06-12 04:34:14.063000+00:00,2026-06-12 04:40:00.127000+00:00,0.9660174,5.767733333333334,16.081632653061224,48.0,13.860583865391314,1294.71875,2485.75,562.0761588952493,0.0,0.3513687222264456,0.22,15.876,High,2026-06-12 04:34:14.063000+00:00,2026-06-12 13:34:14.063000+09:00,13,4,0,validation,0.25584495,-0.035844950675964354,0.035844950675964354,0.5-1 km
VEH_04,VEH_04_AFTER_0300,After,2026-06-12 04:38:45.063000+00:00,2026-06-12 05:31:05+00:00,26.639353,52.33228333333333,29.881844380403457,98.0,27.26337313602043,1381.5812883435583,3886.0,647.7215282883194,0.0153374233128834,0.1906335807334579,2.81,4.02,High,2026-06-12 04:38:45.063000+00:00,2026-06-12 13:38:45.063000+09:00,13,4,0,validation,2.81922,-0.009220066070556587,0.009220066070556587,20-50 km
VEH_09,VEH_09_AFTER_0578,After,2026-06-12 04:39:15.063000+00:00,2026-06-12 04:43:20+00:00,0.79850614,4.082283333333334,15.666666666666666,39.0,11.669387437847934,1144.0686274509803,2104.25,458.39144928812647,0.0,0.1552251768764057,0.13,17.52,High,2026-06-12 04:39:15.063000+00:00,2026-06-12 13:39:15.063000+09:00,13,4,0,validation,0.16418989,-0.0341898900270462,0.0341898900270462,0.5-1 km
VEH_08,VEH_08_AFTER_0376,After,2026-06-12 04:39:45.063000+00:00,2026-06-12 05:02:42+00:00,7.3315625,22.94895,18.777173913043477,61.0,15.385598879562592,1262.9136029411766,2702.5,515.9005773198268,0.0,0.1958655618413344,0.92,5.627,High,2026-06-12 04:39:45.063000+00:00,2026-06-12 13:39:45.063000+09:00,13,4,0,validation,0.74034923,0.17965076684951786,0.17965076684951786,5-20 km
VEH_01,VEH_01_AFTER_0577,After,2026-06-12 04:40:15.063000+00:00,2026-06-12 04:48:46+00:00,1.5151178,8.515616666666666,12.583333333333334,36.0,9.671765896440812,1112.93125,1893.75,458.8970506398331,0.0,0.1429617289903993,0.28,2.913,High,2026-06-12 04:40:15.063000+00:00,2026-06-12 13:40:15.063000+09:00,13,4,0,validation,0.27449468,0.005505322217941311,0.005505322217941311,1-5 km
VEH_02,VEH_02_AFTER_0261,After,2026-06-12 04:44:35.063000+00:00,2026-06-12 04:45:29.127000+00:00,0.100620225,0.9010666666666668,10.2,28.0,11.142710621747296,1206.8,1951.0,492.33363687645794,0.0,0.3566378039097062,0.03,15.74,High,2026-06-12 04:44:35.063000+00:00,2026-06-12 13:44:35.063000+09:00,13,4,0,validation,0.061276402,-0.031276402324438096,0.031276402324438096,0-0.5 km
VEH_10,VEH_10_AFTER_0466,After,2026-06-12 04:45:08.063000+00:00,2026-06-12 04:49:13.127000+00:00,0.97264796,4.0844,16.826923076923077,52.0,16.041677873404726,1254.0214285714285,2794.0,612.3640063936896,0.0,0.2363333838783313,0.22,0.573,High,2026-06-12 04:45:08.063000+00:00,2026-06-12 13:45:08.063000+09:00,13,4,0,validation,0.19030815,0.029691846370697023,0.029691846370697023,0.5-1 km
VEH_03,VEH_03_AFTER_0197,After,2026-06-12 04:46:09.063000+00:00,2026-06-12 05:21:32+00:00,24.296713,35.38228333333333,35.98198198198198,101.0,27.64233663151735,1278.953642384106,2388.0,490.96258877785,0.0,0.0999476985385815,2.59,3.883,High,2026-06-12 04:46:09.063000+00:00,2026-06-12 13:46:09.063000+09:00,13,4,0,validation,2.340463,0.2495370769500731,0.2495370769500731,20-50 km
VEH_02,VEH_02_AFTER_0262,After,2026-06-12 04:46:34.063000+00:00,2026-06-12 04:54:50+00:00,3.0261486,8.265616666666666,25.75,67.0,18.835045223503673,1382.1161616161617,2899.25,613.8316634073452,0.0,0.1297681376215407,0.5,0.697,High,2026-06-12 04:46:34.063000+00:00,2026-06-12 13:46:34.063000+09:00,13,4,0,validation,0.42784506,0.0721549391746521,0.0721549391746521,1-5 km
VEH_07,VEH_07_AFTER_0298,After,2026-06-12 04:48:01.063000+00:00,2026-06-12 05:11:34+00:00,10.221241,23.54895,28.1015625,89.0,23.30666476694153,1330.5544554455446,2362.25,562.0213756945324,0.0,0.1249889904141692,1.23,18.003,High,2026-06-12 04:48:01.063000+00:00,2026-06-12 13:48:01.063000+09:00,13,4,0,validation,1.1035795,0.12642047882080076,0.12642047882080076,5-20 km
VEH_09,VEH_09_AFTER_0579,After,2026-06-12 04:49:09.127000+00:00,2026-06-12 04:50:59+00:00,0.17208198,1.8312166666666667,13.2,28.0,7.984985911070852,1111.2236842105262,1970.5,439.3782531116888,0.0,0.0081912571799063,0.06,2.22,High,2026-06-12 04:49:09.127000+00:00,2026-06-12 13:49:09.127000+09:00,13,4,0,validation,0.061042015,-0.0010420145094394706,0.0010420145094394706,0-0.5 km
VEH_01,VEH_01_AFTER_0578,After,2026-06-12 04:51:18.063000+00:00,2026-06-12 04:58:01+00:00,0.751341,6.715616666666667,7.567567567567568,20.0,6.331135163748349,1066.375,1655.5,342.5808754878182,0.0,0.1294475468308076,0.15,2.993,High,2026-06-12 04:51:18.063000+00:00,2026-06-12 13:51:18.063000+09:00,13,4,0,validation,0.28275713,-0.13275713324546815,0.13275713324546815,0.5-1 km
VEH_10,VEH_10_AFTER_0467,After,2026-06-12 04:52:06.063000+00:00,2026-06-12 05:00:59.063000+00:00,3.6937363,8.883333333333333,22.9873417721519,73.0,20.11957524709948,1364.7142857142858,2904.5,636.7392032929998,0.0,0.1851386413955913,0.48,0.407,High,2026-06-12 04:52:06.063000+00:00,2026-06-12 13:52:06.063000+09:00,13,4,0,validation,0.63853544,-0.15853543996810915,0.15853543996810915,1-5 km
VEH_02,VEH_02_AFTER_0263,After,2026-06-12 04:56:16.063000+00:00,2026-06-12 05:11:43.127000+00:00,5.0692883,15.451066666666666,22.11965811965812,77.0,19.221676862895688,1369.5877483443708,3064.75,595.0401860480926,0.0066225165562913,0.2291754590612998,0.76,0.796,High,2026-06-12 04:56:16.063000+00:00,2026-06-12 13:56:16.063000+09:00,13,4,0,validation,0.6827108,0.07728917360305787,0.07728917360305787,5-20 km
VEH_01,VEH_01_AFTER_0579,After,2026-06-12 05:01:36.063000+00:00,2026-06-12 05:11:24+00:00,1.9005064,9.79895,12.376470588235296,56.0,14.267178681969767,1137.775641025641,2169.0,492.20018791500223,0.0,0.3359899019680106,0.33,1.11,High,2026-06-12 05:01:36.063000+00:00,2026-06-12 14:01:36.063000+09:00,14,4,0,validation,0.3119678,0.01803220987319948,0.01803220987319948,1-5 km
VEH_01,VEH_01_AFTER_0580,After,2026-06-12 05:14:47.063000+00:00,2026-06-12 05:17:33+00:00,0.9482166,2.765616666666667,16.38095238095238,35.0,13.047445254316996,1140.3295454545455,1799.0,384.9273941747417,0.0,0.049231885811056,0.1,2.237,High,2026-06-12 05:14:47.063000+00:00,2026-06-12 14:14:47.063000+09:00,14,4,0,validation,0.20156059,-0.1015605866909027,0.1015605866909027,0.5-1 km
VEH_02,VEH_02_AFTER_0264,After,2026-06-12 05:16:47.063000+00:00,2026-06-12 05:20:12.063000+00:00,1.0828515,3.4166666666666665,18.103448275862068,50.0,17.374862594517374,1322.0,2545.75,605.5325806676301,0.0,0.2138282054214799,0.16,0.19,High,2026-06-12 05:16:47.063000+00:00,2026-06-12 14:16:47.063000+09:00,14,4,0,validation,0.19239704,-0.03239704310894012,0.03239704310894012,1-5 km
VEH_01,VEH_01_AFTER_0581,After,2026-06-12 05:21:15.063000+00:00,2026-06-12 05:27:14+00:00,1.8330549,5.982283333333333,19.11111111111111,55.0,18.215039234681537,1260.2241379310344,2097.0,514.1831752335177,0.0,0.1278024014067449,0.3,1.39,High,2026-06-12 05:21:15.063000+00:00,2026-06-12 14:21:15.063000+09:00,14,4,0,validation,0.31068763,-0.010687631368637096,0.010687631368637096,1-5 km
VEH_08,VEH_08_AFTER_0377,After,2026-06-12 05:21:15.063000+00:00,2026-06-12 05:31:31+00:00,2.1150813,10.265616666666666,15.972972972972974,39.0,12.776639338380548,1240.418181818182,2541.25,534.2841877744326,0.0,0.2800706468214071,0.32,2.267,High,2026-06-12 05:21:15.063000+00:00,2026-06-12 14:21:15.063000+09:00,14,4,0,validation,0.34896347,-0.028963469266891473,0.028963469266891473,1-5 km
VEH_10,VEH_10_AFTER_0470,After,2026-06-12 05:25:07.063000+00:00,2026-06-12 05:53:32+00:00,15.549907,28.415616666666665,30.77319587628866,91.0,27.33450866602835,1448.9161849710983,3046.0,600.3103805083992,0.0057803468208092,0.2091425866572575,1.75,0.413,High,2026-06-12 05:25:07.063000+00:00,2026-06-12 14:25:07.063000+09:00,14,4,0,validation,1.6218828,0.12811720371246338,0.12811720371246338,5-20 km
VEH_02,VEH_02_AFTER_0265,After,2026-06-12 05:25:48.063000+00:00,2026-06-12 05:36:14.063000+00:00,4.806944,10.433333333333334,22.863636363636363,87.0,25.406922442298686,1449.577922077922,3575.0,611.5332103040465,0.0129870129870129,0.1829281899085714,0.7000000000000001,16.244,High,2026-06-12 05:25:48.063000+00:00,2026-06-12 14:25:48.063000+09:00,14,4,0,validation,0.83208543,-0.13208543062210076,0.13208543062210076,1-5 km
VEH_01,VEH_01_AFTER_0582,After,2026-06-12 05:31:00.063000+00:00,2026-06-12 05:41:32+00:00,1.6323864,10.532283333333334,9.720588235294118,29.0,8.97848013509704,1065.109375,1646.5,343.6228113420431,0.0,0.1353183493864656,0.35,1.97,High,2026-06-12 05:31:00.063000+00:00,2026-06-12 14:31:00.063000+09:00,14,4,0,validation,0.38701892,-0.03701891899108889,0.03701891899108889,1-5 km
VEH_08,VEH_08_AFTER_0378,After,2026-06-12 05:32:55.063000+00:00,2026-06-12 05:43:21+00:00,2.6818643,10.432283333333334,18.13432835820895,53.0,15.422309409876718,1288.40306122449,2290.75,558.3847327206636,0.0,0.2401263363497522,0.5,3.413,High,2026-06-12 05:32:55.063000+00:00,2026-06-12 14:32:55.063000+09:00,14,4,0,validation,0.40117204,0.09882795810699463,0.09882795810699463,1-5 km
VEH_02,VEH_02_AFTER_0266,After,2026-06-12 05:37:41.127000+00:00,2026-06-12 05:48:29+00:00,2.5689232,10.797883333333337,19.472972972972972,66.0,19.048460938732152,1378.0555555555557,2466.25,548.7632582273042,0.0,0.2431836173492771,0.52,18.267,High,2026-06-12 05:37:41.127000+00:00,2026-06-12 14:37:41.127000+09:00,14,4,0,validation,0.406797,0.11320300817489626,0.11320300817489626,1-5 km
VEH_07,VEH_07_AFTER_0302,After,2026-06-12 05:43:49+00:00,2026-06-12 05:47:49.127000+00:00,1.756747,4.002116666666667,27.551724137931036,73.0,20.018243759986664,1256.3103448275865,2140.0,509.1409797951621,0.0,0.1343068552774755,1.09,0.16,High,2026-06-12 05:43:49+00:00,2026-06-12 14:43:49+09:00,14,4,0,validation,0.21872735,0.8712726497650147,0.8712726497650147,1-5 km
VEH_09,VEH_09_AFTER_0581,After,2026-06-12 05:44:03+00:00,2026-06-12 05:52:41+00:00,2.6524503,8.633333333333333,21.208333333333332,60.0,15.022148000720655,1242.9193548387098,2175.75,522.6403341683301,0.0,0.1472000442790131,0.77,29.047,High,2026-06-12 05:44:03+00:00,2026-06-12 14:44:03+09:00,14,4,0,validation,0.40189955,0.3681004536151886,0.3681004536151886,1-5 km
VEH_01,VEH_01_AFTER_0583,After,2026-06-12 05:45:54.063000+00:00,2026-06-12 05:50:15+00:00,0.8334411,4.34895,10.464285714285714,29.0,10.499939261243176,1042.4772727272727,1519.25,317.04778917354827,0.0,0.1199074371665488,0.09,2.883,High,2026-06-12 05:45:54.063000+00:00,2026-06-12 14:45:54.063000+09:00,14,4,0,validation,0.43800113,-0.34800112605094913,0.34800112605094913,0.5-1 km
VEH_08,VEH_08_AFTER_0379,After,2026-06-12 05:46:16.063000+00:00,2026-06-12 06:00:40+00:00,2.3892117,14.39895,10.336283185840708,54.0,12.7401606104469,1223.9537037037037,2463.25,537.0217792372778,0.0,0.3287549686663256,0.33,3.36,High,2026-06-12 05:46:16.063000+00:00,2026-06-12 14:46:16.063000+09:00,14,4,0,validation,0.3399904,-0.009990407228469833,0.009990407228469833,1-5 km
VEH_04,VEH_04_AFTER_0301,After,2026-06-12 05:46:56.063000+00:00,2026-06-12 05:49:17+00:00,0.4,2.3489500000000003,10.052631578947368,21.0,6.676539319536624,1060.857142857143,1716.0,364.1978839030449,0.0,0.1513083130230929,0.07,5.027,High,2026-06-12 05:46:56.063000+00:00,2026-06-12 14:46:56.063000+09:00,14,4,0,validation,0.12373242,-0.05373241782188415,0.05373241782188415,0-0.5 km
VEH_03,VEH_03_AFTER_0198,After,2026-06-12 05:48:27+00:00,2026-06-12 05:58:27+00:00,1.1610973,10.0,14.625,44.0,13.487510757310684,1223.6644736842106,2150.5,554.3253405228519,0.0,0.2232897707061002,0.39,17.57,High,2026-06-12 05:48:27+00:00,2026-06-12 14:48:27+09:00,14,4,0,validation,0.2625913,0.12740869760513307,0.12740869760513307,1-5 km
VEH_01,VEH_01_AFTER_0584,After,2026-06-12 05:52:45.127000+00:00,2026-06-12 05:54:07+00:00,0.14597127,1.3645500000000002,6.125,21.0,6.771955035290769,1119.4375,1656.5,402.59988570384616,0.0,0.1227768919416165,0.04,1.217,High,2026-06-12 05:52:45.127000+00:00,2026-06-12 14:52:45.127000+09:00,14,4,0,validation,0.13160591,-0.09160590827465057,0.09160590827465057,0-0.5 km
VEH_10,VEH_10_AFTER_0471,After,2026-06-12 05:54:49.063000+00:00,2026-06-12 06:14:26.127000+00:00,10.592657,19.617733333333337,32.72789115646258,82.0,23.576928023145022,1373.4659863945578,3028.0,558.4814076463173,0.0068027210884353,0.1627405610572714,1.03,0.696,High,2026-06-12 05:54:49.063000+00:00,2026-06-12 14:54:49.063000+09:00,14,4,0,validation,1.1321355,-0.10213551044464109,0.10213551044464109,5-20 km
VEH_09,VEH_09_AFTER_0582,After,2026-06-12 05:56:24.063000+00:00,2026-06-12 06:09:31+00:00,3.766936,13.115616666666666,24.337209302325583,68.0,17.654046551821114,1190.1824324324325,2167.0,486.2135734589326,0.0,0.1044697017147427,0.51,1.397,High,2026-06-12 05:56:24.063000+00:00,2026-06-12 14:56:24.063000+09:00,14,4,0,validation,0.6354818,-0.1254817748069763,0.1254817748069763,1-5 km
VEH_01,VEH_01_AFTER_0585,After,2026-06-12 05:57:03.063000+00:00,2026-06-12 06:06:43+00:00,1.2900062,9.665616666666669,10.59016393442623,28.0,8.705334805249374,1142.3974358974358,1866.75,404.8916312673657,0.0,0.1736572499827577,0.31,17.957,High,2026-06-12 05:57:03.063000+00:00,2026-06-12 14:57:03.063000+09:00,14,4,0,validation,0.24976678,0.06023321807384491,0.06023321807384491,1-5 km
VEH_02,VEH_02_AFTER_0267,After,2026-06-12 05:57:14.063000+00:00,2026-06-12 05:58:48+00:00,0.17380342,1.5656166666666669,7.388888888888889,29.0,8.179506157932417,1051.1029411764705,1834.75,403.0421454646663,0.0,0.0880854684285914,0.04,17.377,High,2026-06-12 05:57:14.063000+00:00,2026-06-12 14:57:14.063000+09:00,14,4,0,validation,0.08181217,-0.04181217312812805,0.04181217312812805,0-0.5 km
VEH_05,VEH_05_AFTER_0291,After,2026-06-12 05:57:31.063000+00:00,2026-06-12 06:05:38+00:00,3.7618134,8.115616666666666,23.24590163934426,74.0,21.99974346922338,1049.2045454545455,1713.0,448.2415873847016,0.0,0.0815000982780362,1.69,6.723,High,2026-06-12 05:57:31.063000+00:00,2026-06-12 14:57:31.063000+09:00,14,4,0,validation,1.4250093,0.2649907493591308,0.2649907493591308,1-5 km
VEH_02,VEH_02_AFTER_0268,After,2026-06-12 05:59:43.063000+00:00,2026-06-12 06:01:42+00:00,0.46281147,1.9822833333333336,17.652173913043477,48.0,15.583181278300108,1159.925925925926,2313.0,540.8876741011142,0.0,0.1874433919940408,0.07,21.927,High,2026-06-12 05:59:43.063000+00:00,2026-06-12 14:59:43.063000+09:00,14,4,0,validation,0.117240034,-0.0472400340437889,0.0472400340437889,0-0.5 km
VEH_08,VEH_08_AFTER_0380,After,2026-06-12 06:08:55.063000+00:00,2026-06-12 06:23:04+00:00,3.879352,14.14895,16.869565217391305,51.0,15.629694001917402,1209.3885869565215,3030.5,513.5157158650499,0.0108695652173913,0.2481905808913996,0.43,8.367,High,2026-06-12 06:08:55.063000+00:00,2026-06-12 15:08:55.063000+09:00,15,4,0,validation,0.6346398,-0.20463979959487916,0.20463979959487916,1-5 km
VEH_07,VEH_07_AFTER_0303,After,2026-06-12 06:09:33.063000+00:00,2026-06-12 06:11:59+00:00,0.36872754,2.432283333333334,13.35,42.0,14.050889651548758,1188.946428571429,2324.0,550.9963959774166,0.0,0.3809306726897229,0.08,4.003,High,2026-06-12 06:09:33.063000+00:00,2026-06-12 15:09:33.063000+09:00,15,4,0,validation,0.099597774,-0.019597774446010588,0.019597774446010588,0-0.5 km
VEH_02,VEH_02_AFTER_0269,After,2026-06-12 06:09:38.063000+00:00,2026-06-12 06:11:34.127000+00:00,0.56197536,1.9344,18.666666666666668,55.0,17.541485219436343,1206.5288461538462,2285.5,575.5445804381669,0.0,0.0427226079608318,0.1,16.73,High,2026-06-12 06:09:38.063000+00:00,2026-06-12 15:09:38.063000+09:00,15,4,0,validation,0.101853505,-0.0018535047769546453,0.0018535047769546453,0.5-1 km
VEH_03,VEH_03_AFTER_0199,After,2026-06-12 06:11:27.063000+00:00,2026-06-12 06:14:04+00:00,0.46265724,2.615616666666667,8.689655172413794,29.0,9.150479347820369,1075.178571428571,1717.75,386.900235870963,0.0,0.0945898376247255,0.06,0.43,High,2026-06-12 06:11:27.063000+00:00,2026-06-12 15:11:27.063000+09:00,15,4,0,validation,0.10295586,-0.042955862879753115,0.042955862879753115,0-0.5 km
VEH_01,VEH_01_AFTER_0586,After,2026-06-12 06:13:32.063000+00:00,2026-06-12 06:17:34+00:00,0.53120005,4.032283333333334,14.193548387096774,38.0,11.62150219272021,1212.0882352941176,1950.75,508.0067228392031,0.0,0.1682078379568471,0.18,22.5,High,2026-06-12 06:13:32.063000+00:00,2026-06-12 15:13:32.063000+09:00,15,4,0,validation,0.13203079,0.04796921491622924,0.04796921491622924,0.5-1 km
VEH_10,VEH_10_AFTER_0472,After,2026-06-12 06:16:37.063000+00:00,2026-06-12 06:19:44.063000+00:00,0.3373574,3.1166666666666667,11.545454545454543,42.0,13.391745329687488,1270.076923076923,2501.0,604.9369832455483,0.0,0.3374680837905413,0.07,0.304,High,2026-06-12 06:16:37.063000+00:00,2026-06-12 15:16:37.063000+09:00,15,4,0,validation,0.10717578,-0.0371757823228836,0.0371757823228836,0-0.5 km
VEH_02,VEH_02_AFTER_0270,After,2026-06-12 06:17:30.063000+00:00,2026-06-12 06:21:47+00:00,0.15374793,4.282283333333334,13.454545454545457,26.0,8.449819467646199,1261.4791666666667,2390.0,541.1814986642908,0.0,0.1856107180141514,0.18,20.337,High,2026-06-12 06:17:30.063000+00:00,2026-06-12 15:17:30.063000+09:00,15,4,0,validation,0.11919338,0.060806617438793176,0.060806617438793176,0-0.5 km
VEH_06,VEH_06_AFTER_0479,After,2026-06-12 06:18:36+00:00,2026-06-12 06:29:41+00:00,9.701847,11.083333333333334,32.65,89.0,24.361735707183648,1074.642857142857,1502.5,325.86077924319085,0.0,0.0615613255405192,3.48,17.317,High,2026-06-12 06:18:36+00:00,2026-06-12 15:18:36+09:00,15,4,0,validation,4.1747127,-0.6947126579284668,0.6947126579284668,5-20 km
VEH_09,VEH_09_AFTER_0585,After,2026-06-12 06:23:20.127000+00:00,2026-06-12 06:25:11+00:00,0.27751267,1.847883333333333,7.363636363636363,23.0,7.320863427377541,1092.59375,1699.25,379.09700353067615,0.0,0.0749974921801617,0.05,1.247,High,2026-06-12 06:23:20.127000+00:00,2026-06-12 15:23:20.127000+09:00,15,4,0,validation,0.016267702,0.03373229801654816,0.03373229801654816,0-0.5 km
VEH_01,VEH_01_AFTER_0587,After,2026-06-12 06:23:29.063000+00:00,2026-06-12 06:28:12.063000+00:00,1.1368932,4.716666666666667,14.566666666666666,31.0,9.193052932634632,1212.39,1960.25,455.7557025424915,0.0,0.1550772901237636,0.21,0.777,High,2026-06-12 06:23:29.063000+00:00,2026-06-12 15:23:29.063000+09:00,15,4,0,validation,0.21272756,-0.002727561593055733,0.002727561593055733,1-5 km
VEH_02,VEH_02_AFTER_0271,After,2026-06-12 06:23:54.063000+00:00,2026-06-12 06:27:06+00:00,0.19335707,3.1989500000000004,15.3125,33.0,7.337563883878627,1224.320512820513,2370.25,508.1241266076259,0.0,0.0,0.15,16.543,High,2026-06-12 06:23:54.063000+00:00,2026-06-12 15:23:54.063000+09:00,15,4,0,validation,0.5102891,-0.36028907299041746,0.36028907299041746,0-0.5 km
VEH_07,VEH_07_AFTER_0304,After,2026-06-12 06:26:20.063000+00:00,2026-06-12 06:39:22+00:00,2.5065598,13.032283333333334,16.21917808219178,51.0,15.65225405041388,1184.8977272727273,2289.5,485.4338831202436,0.0,0.3385765735472396,0.36,15.253,High,2026-06-12 06:26:20.063000+00:00,2026-06-12 15:26:20.063000+09:00,15,4,0,validation,0.36728054,-0.007280542850494398,0.007280542850494398,1-5 km
VEH_09,VEH_09_AFTER_0586,After,2026-06-12 06:26:26.063000+00:00,2026-06-12 06:28:46.063000+00:00,0.32845232,2.3333333333333335,6.96875,23.0,8.091215819485969,1062.58,1892.25,434.485953282727,0.0,0.1765064606157135,0.07,0.064,High,2026-06-12 06:26:26.063000+00:00,2026-06-12 15:26:26.063000+09:00,15,4,0,validation,0.109652214,-0.03965221375226974,0.03965221375226974,0-0.5 km
VEH_11,VEH_11_AFTER_0206,After,2026-06-12 06:27:09.500000+00:00,2026-06-12 07:50:38+00:00,87.55459,83.475,42.083333333333336,100.0,29.328528701341988,1189.7629310344828,1889.5,437.86935251955214,0.0,0.0908394589069803,20.88,8.287,High,2026-06-12 06:27:09.500000+00:00,2026-06-12 15:27:09.500000+09:00,15,4,0,validation,20.878277,0.0017231750488271302,0.0017231750488271302,50+ km
VEH_10,VEH_10_AFTER_0473,After,2026-06-12 06:28:13.063000+00:00,2026-06-12 06:36:20+00:00,3.213994,8.115616666666666,23.487179487179485,63.0,17.668415677630183,1347.8958333333333,3339.0,658.8031900098563,0.0119047619047619,0.1133991979747743,0.36,17.003,High,2026-06-12 06:28:13.063000+00:00,2026-06-12 15:28:13.063000+09:00,15,4,0,validation,0.45760918,-0.0976091766357422,0.0976091766357422,1-5 km
VEH_01,VEH_01_AFTER_0588,After,2026-06-12 06:30:07.063000+00:00,2026-06-12 06:36:08+00:00,1.4655219,6.015616666666667,14.702127659574469,51.0,14.637339157125664,1120.1333333333334,1921.25,417.80715614051206,0.0,0.1875370782484886,0.19,16.897,High,2026-06-12 06:30:07.063000+00:00,2026-06-12 15:30:07.063000+09:00,15,4,0,validation,0.2527083,-0.06270828604698181,0.06270828604698181,1-5 km
VEH_09,VEH_09_AFTER_0587,After,2026-06-12 06:32:27.063000+00:00,2026-06-12 06:34:11.127000+00:00,0.27495545,1.7344,6.0,21.0,6.650621717611763,1066.5833333333333,1817.75,459.58033770555886,0.0,0.1523305496212856,0.05,16.346,High,2026-06-12 06:32:27.063000+00:00,2026-06-12 15:32:27.063000+09:00,15,4,0,validation,0.17278098,-0.12278097569942474,0.12278097569942474,0-0.5 km
VEH_06,VEH_06_AFTER_0480,After,2026-06-12 06:33:45.127000+00:00,2026-06-12 08:01:57+00:00,77.854576,88.19788333333332,42.7979381443299,92.0,26.617806532746656,993.6733333333332,1727.5,342.6005812734253,0.0,0.0865779444021731,21.58,26.457,High,2026-06-12 06:33:45.127000+00:00,2026-06-12 15:33:45.127000+09:00,15,4,0,validation,19.969027,1.6109734344482405,1.6109734344482405,50+ km
VEH_07,VEH_07_AFTER_0305,After,2026-06-12 06:39:37.063000+00:00,2026-06-12 06:41:30.127000+00:00,0.15165597,1.8844,4.8,19.0,6.252466180103123,759.9166666666666,1409.0,409.3452258044411,0.0,0.0763417616102911,0.04,0.77,High,2026-06-12 06:39:37.063000+00:00,2026-06-12 15:39:37.063000+09:00,15,4,0,validation,0.71179265,-0.6717926478385925,0.6717926478385925,0-0.5 km
VEH_10,VEH_10_AFTER_0474,After,2026-06-12 06:40:52.063000+00:00,2026-06-12 06:50:33+00:00,2.5643299,9.682283333333334,17.42222222222222,58.0,14.99257429365008,1320.161214953271,3428.5,594.8157623858299,0.0186915887850467,0.1724901303179372,0.43,0.79,High,2026-06-12 06:40:52.063000+00:00,2026-06-12 15:40:52.063000+09:00,15,4,0,validation,0.3829786,0.04702141165733337,0.04702141165733337,1-5 km
VEH_01,VEH_01_AFTER_0589,After,2026-06-12 06:41:01.063000+00:00,2026-06-12 06:46:40.063000+00:00,0.76833624,5.65,10.153846153846152,32.0,9.649069203252294,1159.25,2067.25,457.3169683313856,0.0,0.2367502808923975,0.22,0.34,High,2026-06-12 06:41:01.063000+00:00,2026-06-12 15:41:01.063000+09:00,15,4,0,validation,0.22513582,-0.005135818123817443,0.005135818123817443,0.5-1 km
VEH_02,VEH_02_AFTER_0273,After,2026-06-12 06:45:10.063000+00:00,2026-06-12 06:51:29+00:00,1.1239662,6.315616666666667,12.823529411764708,34.0,11.502268970286742,1214.4512195121952,2173.75,553.257088664076,0.0,0.1800420075396408,0.21,17.427,High,2026-06-12 06:45:10.063000+00:00,2026-06-12 15:45:10.063000+09:00,15,4,0,validation,0.240805,-0.03080500006675721,0.03080500006675721,1-5 km
VEH_07,VEH_07_AFTER_0306,After,2026-06-12 06:50:39.063000+00:00,2026-06-12 06:58:24+00:00,1.0032712,7.74895,19.29032258064516,60.0,18.57711660043787,1313.8365384615386,2406.0,565.3583187402367,0.0,0.3833702455858813,0.23,6.63,High,2026-06-12 06:50:39.063000+00:00,2026-06-12 15:50:39.063000+09:00,15,4,0,validation,0.28779554,-0.05779554367065429,0.05779554367065429,1-5 km
VEH_01,VEH_01_AFTER_0590,After,2026-06-12 06:50:54.063000+00:00,2026-06-12 06:55:18+00:00,0.66969323,4.39895,7.864864864864865,28.0,8.920556770171165,1075.8529411764705,1678.5,361.99472959706935,0.0,0.0422258046584023,0.1,3.2,High,2026-06-12 06:50:54.063000+00:00,2026-06-12 15:50:54.063000+09:00,15,4,0,validation,0.18742163,-0.08742163479328155,0.08742163479328155,0.5-1 km
VEH_04,VEH_04_AFTER_0303,After,2026-06-12 06:51:53.063000+00:00,2026-06-12 06:52:43+00:00,0.1,0.8322833333333333,10.88888888888889,16.0,4.6294814791110355,1126.8181818181818,1674.0,373.2091342012407,0.0,0.0,0.03,5.423,High,2026-06-12 06:51:53.063000+00:00,2026-06-12 15:51:53.063000+09:00,15,4,0,validation,-0.09798044,0.12798043966293335,0.12798043966293335,0-0.5 km
VEH_10,VEH_10_AFTER_0475,After,2026-06-12 06:55:38.063000+00:00,2026-06-12 06:56:11.250000+00:00,0.1162764,0.5531166666666666,10.77777777777778,23.0,7.553921391903792,1198.59375,2133.5,492.4409853205128,0.0,0.0,0.02,0.423,High,2026-06-12 06:55:38.063000+00:00,2026-06-12 15:55:38.063000+09:00,15,4,0,validation,0.018213259,0.0017867409437894825,0.0017867409437894825,0-0.5 km
VEH_09,VEH_09_AFTER_0588,After,2026-06-12 06:57:11.127000+00:00,2026-06-12 07:01:04+00:00,0.8167683,3.8812166666666665,12.058823529411764,30.0,10.180550015392928,1102.2265625,1698.25,404.2289552701644,0.0,0.2970992945394684,0.11,1.457,High,2026-06-12 06:57:11.127000+00:00,2026-06-12 15:57:11.127000+09:00,15,4,0,validation,0.13598797,-0.025987967252731323,0.025987967252731323,0.5-1 km
VEH_04,VEH_04_AFTER_0304,After,2026-06-12 06:58:08.063000+00:00,2026-06-12 07:00:10+00:00,0.3,2.0322833333333334,8.7,19.0,6.542935121182236,1082.4583333333333,1776.5,374.1278445895497,0.0,0.2863356093894024,0.06,5.05,High,2026-06-12 06:58:08.063000+00:00,2026-06-12 15:58:08.063000+09:00,15,4,0,validation,0.16127057,-0.10127057373523712,0.10127057373523712,0-0.5 km
VEH_12,VEH_12_AFTER_0407,After,2026-06-12 06:58:11.063000+00:00,2026-06-12 07:37:17+00:00,42.635723,39.098949999999995,42.22608695652174,94.0,30.682117967131283,1158.6315789473683,1834.0,415.0850647475217,0.0,0.0814218257865251,12.28,29.81,High,2026-06-12 06:58:11.063000+00:00,2026-06-12 15:58:11.063000+09:00,15,4,0,validation,13.207036,-0.9270360183715827,0.9270360183715827,20-50 km
VEH_01,VEH_01_AFTER_0591,After,2026-06-12 06:58:29.063000+00:00,2026-06-12 07:11:27+00:00,3.1782813,12.965616666666667,19.293478260869566,54.0,13.328245622735285,1199.2272727272727,2638.25,484.3230509332477,0.0,0.1564215607401448,0.45,4.147,High,2026-06-12 06:58:29.063000+00:00,2026-06-12 15:58:29.063000+09:00,15,4,0,validation,0.4273883,0.02261168956756593,0.02261168956756593,1-5 km
VEH_10,VEH_10_AFTER_0476,After,2026-06-12 07:02:20.063000+00:00,2026-06-12 07:07:08.063000+00:00,1.7046695,4.8,20.57627118644068,69.0,21.447771319429105,1352.2897727272727,2490.5,597.6425608341518,0.0,0.2266220354675593,0.24,0.82,High,2026-06-12 07:02:20.063000+00:00,2026-06-12 16:02:20.063000+09:00,16,4,0,validation,0.26626232,-0.026262322664260873,0.026262322664260873,1-5 km
VEH_03,VEH_03_AFTER_0200,After,2026-06-12 07:04:13.063000+00:00,2026-06-12 07:20:46.127000+00:00,3.0671604,16.551066666666667,16.778761061946902,49.0,13.30695108346006,1202.252427184466,2284.0,514.5174646935625,0.0,0.2165608934537499,0.54,0.713,High,2026-06-12 07:04:13.063000+00:00,2026-06-12 16:04:13.063000+09:00,16,4,0,validation,0.45971054,0.08028946161270145,0.08028946161270145,1-5 km
VEH_09,VEH_09_AFTER_0589,After,2026-06-12 07:06:07.063000+00:00,2026-06-12 07:20:22.063000+00:00,4.0347486,14.25,20.873684210526317,54.0,12.447990415081511,1188.5225,2179.0,458.4355790280135,0.0,0.1120570365010617,0.49,1.377,High,2026-06-12 07:06:07.063000+00:00,2026-06-12 16:06:07.063000+09:00,16,4,0,validation,0.6354818,-0.14548177480697633,0.14548177480697633,1-5 km
VEH_07,VEH_07_AFTER_0307,After,2026-06-12 07:06:25.063000+00:00,2026-06-12 07:32:15+00:00,10.739221,25.832283333333333,27.12804878048781,83.0,21.17843918792518,1334.982421875,2641.5,543.5834992778049,0.0,0.1728268702212189,1.41,17.047,High,2026-06-12 07:06:25.063000+00:00,2026-06-12 16:06:25.063000+09:00,16,4,0,validation,1.1811519,0.22884813308715812,0.22884813308715812,5-20 km
VEH_10,VEH_10_AFTER_0477,After,2026-06-12 07:11:34.063000+00:00,2026-06-12 07:17:54+00:00,0.9247415,6.332283333333334,14.545454545454543,40.0,13.643937290730577,1258.345238095238,2880.0,576.8802486537809,0.0,0.4541031096620758,0.18,4.763,High,2026-06-12 07:11:34.063000+00:00,2026-06-12 16:11:34.063000+09:00,16,4,0,validation,0.24245468,-0.062454677820205695,0.062454677820205695,0.5-1 km
VEH_08,VEH_08_AFTER_0381,After,2026-06-12 07:14:36.063000+00:00,2026-06-12 07:33:14+00:00,5.3681917,18.63228333333333,16.257425742574256,54.0,16.684405160251192,1257.1333333333334,2192.5,466.9231902096485,0.0,0.2492259075961064,0.74,7.98,High,2026-06-12 07:14:36.063000+00:00,2026-06-12 16:14:36.063000+09:00,16,4,0,validation,0.67666095,0.06333904504776,0.06333904504776,5-20 km
VEH_04,VEH_04_AFTER_0305,After,2026-06-12 07:22:56.063000+00:00,2026-06-12 07:26:59.063000+00:00,0.6305937,4.05,12.066666666666666,36.0,10.669582934679312,1233.357142857143,2432.5,530.0650598625368,0.0,0.1294257899547995,0.2,3.584,High,2026-06-12 07:22:56.063000+00:00,2026-06-12 16:22:56.063000+09:00,16,4,0,validation,0.13203079,0.06796921491622926,0.06796921491622926,0.5-1 km
VEH_09,VEH_09_AFTER_0590,After,2026-06-12 07:23:22.063000+00:00,2026-06-12 07:29:19+00:00,2.9949858,5.94895,25.0,65.0,20.132891827388665,1306.1351351351352,2240.25,492.7682785377827,0.0,0.0196428922746576,0.34,1.203,High,2026-06-12 07:23:22.063000+00:00,2026-06-12 16:23:22.063000+09:00,16,4,0,validation,0.40931767,-0.069317672252655,0.069317672252655,1-5 km
VEH_10,VEH_10_AFTER_0478,After,2026-06-12 07:24:07.063000+00:00,2026-06-12 07:27:15+00:00,0.4327147,3.1322833333333335,15.0,39.0,14.102797200870786,1218.8461538461538,2550.5,644.6545626748598,0.0,0.2873113254988125,0.1,2.217,High,2026-06-12 07:24:07.063000+00:00,2026-06-12 16:24:07.063000+09:00,16,4,0,validation,0.119272076,-0.01927207559347152,0.01927207559347152,0-0.5 km
VEH_02,VEH_02_AFTER_0276,After,2026-06-12 07:25:51+00:00,2026-06-12 07:27:24+00:00,0.46377277,1.55,20.307692307692307,35.0,11.464893675139274,1156.09375,1973.25,457.11150577396046,0.0,0.0,0.52,2.927,High,2026-06-12 07:25:51+00:00,2026-06-12 16:25:51+09:00,16,4,0,validation,0.09397935,0.4260206487774849,0.4260206487774849,0-0.5 km
VEH_10,VEH_10_AFTER_0479,After,2026-06-12 07:29:37.063000+00:00,2026-06-12 07:33:50.127000+00:00,0.63672405,4.217733333333333,12.81081081081081,29.0,9.546013283714627,1138.2261904761904,2281.5,466.7103587418176,0.0,0.1924512118382184,0.11,16.083,High,2026-06-12 07:29:37.063000+00:00,2026-06-12 16:29:37.063000+09:00,16,4,0,validation,0.15465513,-0.044655128717422485,0.044655128717422485,0.5-1 km
VEH_09,VEH_09_AFTER_0591,After,2026-06-12 07:30:39.063000+00:00,2026-06-12 07:34:09+00:00,0.8422887,3.49895,15.0,47.0,13.21421146400286,1138.220588235294,1982.75,384.42052343863025,0.0,0.1490552231739336,0.08,19.047,High,2026-06-12 07:30:39.063000+00:00,2026-06-12 16:30:39.063000+09:00,16,4,0,validation,0.15874645,-0.07874645113945007,0.07874645113945007,0.5-1 km
VEH_03,VEH_03_AFTER_0202,After,2026-06-12 07:33:32.063000+00:00,2026-06-12 07:38:57+00:00,2.2958975,5.415616666666667,23.76923076923077,61.0,15.995931435374656,1241.3028846153843,2117.0,476.0450279095962,0.0,0.0030906900281335,0.29,3.307,High,2026-06-12 07:33:32.063000+00:00,2026-06-12 16:33:32.063000+09:00,16,4,0,validation,0.31308442,-0.023084423542022725,0.023084423542022725,1-5 km
VEH_04,VEH_04_AFTER_0306,After,2026-06-12 07:33:39.063000+00:00,2026-06-12 07:38:59+00:00,1.0653545,5.332283333333334,12.46938775510204,49.0,13.181777838064749,1220.0471698113208,2654.0,510.4350092993281,0.0,0.2460306625563136,0.21,5.05,High,2026-06-12 07:33:39.063000+00:00,2026-06-12 16:33:39.063000+09:00,16,4,0,validation,0.21272756,-0.002727561593055733,0.002727561593055733,1-5 km
VEH_05,VEH_05_AFTER_0292,After,2026-06-12 07:35:09.127000+00:00,2026-06-12 08:14:51+00:00,40.966415,39.69788333333334,36.86363636363637,89.0,30.98752748291048,1035.265625,1749.25,416.1862091580635,0.0,0.1314148390024739,9.84,16.777,High,2026-06-12 07:35:09.127000+00:00,2026-06-12 16:35:09.127000+09:00,16,4,0,validation,9.654547,0.18545326232910142,0.18545326232910142,20-50 km
VEH_10,VEH_10_AFTER_0480,After,2026-06-12 07:37:00.063000+00:00,2026-06-12 08:07:06+00:00,16.198826,30.09895,29.625,94.0,24.518751142925197,1289.0145502645505,3092.25,539.5709005614872,0.0052910052910052,0.0696288276302596,1.74,18.647,High,2026-06-12 07:37:00.063000+00:00,2026-06-12 16:37:00.063000+09:00,16,4,0,validation,1.7387342,0.0012657546997070224,0.0012657546997070224,5-20 km
VEH_09,VEH_09_AFTER_0592,After,2026-06-12 07:38:37.063000+00:00,2026-06-12 07:44:17+00:00,0.6549415,5.665616666666667,9.478260869565217,32.0,9.634040938334874,1084.601851851852,1789.25,411.79661837365546,0.0,0.3704055860941911,0.15,17.603,High,2026-06-12 07:38:37.063000+00:00,2026-06-12 16:38:37.063000+09:00,16,4,0,validation,0.27054733,-0.12054733037948609,0.12054733037948609,0.5-1 km
VEH_01,VEH_01_AFTER_0592,After,2026-06-12 07:43:05.063000+00:00,2026-06-12 07:55:08+00:00,2.7989929,12.04895,13.151515151515152,66.0,17.246497894456944,1136.8060344827586,1936.25,418.6574757357703,0.0,0.2293802561701374,0.37,1.467,High,2026-06-12 07:43:05.063000+00:00,2026-06-12 16:43:05.063000+09:00,16,4,0,validation,0.3755004,-0.005500410795211796,0.005500410795211796,1-5 km
VEH_08,VEH_08_AFTER_0382,After,2026-06-12 07:47:21.063000+00:00,2026-06-12 07:59:47+00:00,2.826645,12.432283333333334,12.838709677419354,47.0,12.012798123883345,1144.3916666666669,2402.75,450.88734588648146,0.0,0.1438722334742426,0.31,8.0,High,2026-06-12 07:47:21.063000+00:00,2026-06-12 16:47:21.063000+09:00,16,4,0,validation,0.3755004,-0.0655004107952118,0.0655004107952118,1-5 km
VEH_09,VEH_09_AFTER_0593,After,2026-06-12 07:47:32.063000+00:00,2026-06-12 07:53:37.063000+00:00,1.7103066,6.083333333333333,17.984375,33.0,9.147219843175028,1172.957746478873,2073.5,471.79504566712905,0.0,0.0524165407336172,0.25,0.17,High,2026-06-12 07:47:32.063000+00:00,2026-06-12 16:47:32.063000+09:00,16,4,0,validation,0.26075828,-0.010758280754089355,0.010758280754089355,1-5 km
VEH_04,VEH_04_AFTER_0308,After,2026-06-12 07:50:25+00:00,2026-06-12 07:54:46.063000+00:00,0.5980784,4.35105,15.181818181818182,41.0,11.535070491317748,1190.871794871795,2088.5,499.1556167341917,0.0,0.1659716032848298,0.31,2.987,High,2026-06-12 07:50:25+00:00,2026-06-12 16:50:25+09:00,16,4,0,validation,0.13665207,0.17334793269634247,0.17334793269634247,0.5-1 km
VEH_03,VEH_03_AFTER_0203,After,2026-06-12 07:50:30.063000+00:00,2026-06-12 08:34:21+00:00,22.183292,43.848949999999995,27.003676470588236,99.0,21.123150486695017,1219.4619047619049,2420.25,451.2923720786469,0.0,0.0657942746415339,2.42,18.487,High,2026-06-12 07:50:30.063000+00:00,2026-06-12 16:50:30.063000+09:00,16,4,0,validation,2.5244036,-0.1044035720825196,0.1044035720825196,20-50 km
VEH_02,VEH_02_AFTER_0277,After,2026-06-12 07:55:37+00:00,2026-06-12 08:00:15+00:00,0.3150453,4.633333333333334,13.5,37.0,11.184066046538412,1248.1666666666667,2025.5,527.6901052911853,0.0,0.0496008001857574,0.23,6.547,High,2026-06-12 07:55:37+00:00,2026-06-12 16:55:37+09:00,16,4,0,validation,0.1682441,0.06175590634346009,0.06175590634346009,0-0.5 km
VEH_09,VEH_09_AFTER_0594,After,2026-06-12 07:57:13.063000+00:00,2026-06-12 08:07:16+00:00,3.2281623,10.04895,19.08,50.0,12.363127975287377,1134.6305970149251,2000.75,437.4941947551072,0.0,0.0989621209446817,0.3,17.413,High,2026-06-12 07:57:13.063000+00:00,2026-06-12 16:57:13.063000+09:00,16,4,0,validation,0.4185577,-0.11855770349502565,0.11855770349502565,1-5 km
VEH_04,VEH_04_AFTER_0309,After,2026-06-12 08:01:44.063000+00:00,2026-06-12 08:52:19+00:00,26.891708,50.58228333333333,30.363636363636363,108.0,26.468247114143736,1310.9857142857145,2976.0,541.8235052439857,0.0,0.1482550023691886,3.02,4.89,High,2026-06-12 08:01:44.063000+00:00,2026-06-12 17:01:44.063000+09:00,17,4,0,validation,2.7550952,0.2649047565460205,0.2649047565460205,20-50 km
VEH_02,VEH_02_AFTER_0278,After,2026-06-12 08:13:40.063000+00:00,2026-06-12 08:40:42+00:00,12.258419,27.032283333333332,27.98058252427185,98.0,24.5771938575805,1412.980366492147,3554.5,636.7295585261554,0.0104712041884816,0.1709949534806298,1.81,16.003,High,2026-06-12 08:13:40.063000+00:00,2026-06-12 17:13:40.063000+09:00,17,4,0,validation,1.704773,0.10522705078125005,0.10522705078125005,5-20 km
VEH_09,VEH_09_AFTER_0595,After,2026-06-12 08:15:38.063000+00:00,2026-06-12 08:19:00+00:00,0.41194445,3.365616666666667,6.44,19.0,5.564746175702896,1066.1458333333333,1661.5,331.1957732081921,0.0,0.1552510505091791,0.1,18.77,High,2026-06-12 08:15:38.063000+00:00,2026-06-12 17:15:38.063000+09:00,17,4,0,validation,-0.06595027,0.16595026701688767,0.16595026701688767,0-0.5 km
VEH_09,VEH_09_AFTER_0596,After,2026-06-12 08:20:00.063000+00:00,2026-06-12 08:31:10+00:00,1.4821995,11.165616666666669,11.533333333333331,61.0,12.688752674886702,1195.2761194029852,2386.0,533.08112977506,0.0,0.2685647386192035,0.35,18.447,High,2026-06-12 08:20:00.063000+00:00,2026-06-12 17:20:00.063000+09:00,17,4,0,validation,0.33737832,0.01262167692184446,0.01262167692184446,1-5 km
VEH_09,VEH_09_AFTER_0597,After,2026-06-12 08:37:50.063000+00:00,2026-06-12 09:11:10+00:00,9.128173,33.33228333333333,19.933774834437084,70.0,18.475209405357685,1154.962389380531,2081.25,420.18724784741255,0.0,0.2366967552077792,1.14,19.837,High,2026-06-12 08:37:50.063000+00:00,2026-06-12 17:37:50.063000+09:00,17,4,0,validation,1.5564884,-0.41648839473724375,0.41648839473724375,5-20 km
VEH_12,VEH_12_AFTER_0408,After,2026-06-12 08:38:05.063000+00:00,2026-06-12 09:16:34+00:00,40.799595,38.482283333333335,42.64646464646464,88.0,29.34790035382503,1143.6625,1802.5,470.0973654135386,0.0,0.0730573470421374,9.56,7.357,High,2026-06-12 08:38:05.063000+00:00,2026-06-12 17:38:05.063000+09:00,17,4,0,validation,10.6801,-1.1201004409790034,1.1201004409790034,20-50 km
VEH_11,VEH_11_AFTER_0207,After,2026-06-12 08:56:46.370000+00:00,2026-06-12 10:54:28+00:00,88.76494,117.69383333333332,27.8328530259366,107.0,26.11040102557122,1152.0984848484848,1983.25,445.6530902549256,0.0,0.0616013547845709,27.28,2.457,High,2026-06-12 08:56:46.370000+00:00,2026-06-12 17:56:46.370000+09:00,17,4,0,validation,23.55577,3.7242291259765636,3.7242291259765636,50+ km
VEH_05,VEH_05_AFTER_0293,After,2026-06-12 09:13:01.063000+00:00,2026-06-12 09:16:05+00:00,0.10198876,3.0656166666666667,1.4,9.0,2.388863048955855,721.35,1348.75,379.69858440610494,0.0,0.2247947986231649,0.15,10.807,High,2026-06-12 09:13:01.063000+00:00,2026-06-12 18:13:01.063000+09:00,18,4,0,validation,0.4004091,-0.25040910243988035,0.25040910243988035,0-0.5 km
VEH_12,VEH_12_AFTER_0409,After,2026-06-12 09:37:00+00:00,2026-06-12 09:38:12.063000+00:00,0.108433604,1.20105,1.3333333333333333,4.0,1.8856180831641267,603.875,1006.75,402.875,0.0,0.2700686842670101,0.02,0.154,High,2026-06-12 09:37:00+00:00,2026-06-12 18:37:00+09:00,18,4,0,validation,0.2992773,-0.2792773056030273,0.2792773056030273,0-0.5 km
VEH_05,VEH_05_AFTER_0295,After,2026-06-12 11:05:42.063000+00:00,2026-06-12 11:09:04+00:00,0.71227026,3.365616666666667,14.117647058823527,32.0,11.841513977832278,924.0714285714286,1323.5,389.2318606261962,0.0,0.0319457811350053,0.29,6.66,High,2026-06-12 11:05:42.063000+00:00,2026-06-12 20:05:42.063000+09:00,20,4,0,validation,3.0239272,-2.7339272117614746,2.7339272117614746,0.5-1 km
VEH_11,VEH_11_AFTER_0210,After,2026-06-12 11:07:48.517000+00:00,2026-06-12 11:10:05+00:00,0.44944617,2.274716666666667,7.0,24.0,7.512951779723097,893.3214285714286,1554.75,446.68638555570095,0.0,0.0309143055796975,0.22,8.0,High,2026-06-12 11:07:48.517000+00:00,2026-06-12 20:07:48.517000+09:00,20,4,0,validation,-0.07308619,0.2930861872434616,0.2930861872434616,0-0.5 km
VEH_06,VEH_06_AFTER_0485,After,2026-06-12 11:38:19+00:00,2026-06-12 11:40:30+00:00,0.53629434,2.183333333333333,15.352941176470589,31.0,9.761516133871517,1083.142857142857,1522.25,358.6138456698548,0.0,0.0283828445705904,0.66,6.047,High,2026-06-12 11:38:19+00:00,2026-06-12 20:38:19+09:00,20,4,0,validation,1.3987523,-0.7387523317337036,0.7387523317337036,0.5-1 km
VEH_12,VEH_12_AFTER_0415,After,2026-06-12 15:17:43.063000+00:00,2026-06-12 15:21:47+00:00,0.14235808,4.065616666666667,3.6666666666666665,9.0,3.858612300930075,948.875,1281.25,332.375,0.0,0.0232060438852074,0.23,4.773,High,2026-06-12 15:17:43.063000+00:00,2026-06-13 00:17:43.063000+09:00,0,5,1,validation,12.983528,-12.75352813720703,12.75352813720703,0-0.5 km
VEH_06,VEH_06_AFTER_0486,After,2026-06-12 15:31:51.063000+00:00,2026-06-12 15:33:49.063000+00:00,0.13860197,1.9666666666666663,4.625,20.0,7.330373455697875,598.4166666666666,913.0,262.0364425461127,0.0,0.4220766711616259,0.13,0.104,High,2026-06-12 15:31:51.063000+00:00,2026-06-13 00:31:51.063000+09:00,0,5,1,validation,5.591094,-5.461094017028809,5.461094017028809,0-0.5 km
VEH_06,VEH_06_AFTER_0487,After,2026-06-12 15:50:13.063000+00:00,2026-06-12 15:51:13.063000+00:00,0.2508172,1.0,5.714285714285714,18.0,7.886956423909863,627.9166666666666,1008.25,301.99133081744066,0.0,0.0855901036442661,0.09,0.247,High,2026-06-12 15:50:13.063000+00:00,2026-06-13 00:50:13.063000+09:00,0,5,1,validation,0.07980643,0.010193567872047421,0.010193567872047421,0-0.5 km
VEH_12,VEH_12_AFTER_0417,After,2026-06-12 16:03:07.063000+00:00,2026-06-12 16:55:39.063000+00:00,63.066784,52.53333333333333,46.53465346534654,89.0,28.4655652165513,1071.1,1707.5,410.304483483506,0.0,0.0800465197131899,15.52,0.26,High,2026-06-12 16:03:07.063000+00:00,2026-06-13 01:03:07.063000+09:00,1,5,1,validation,15.129399,0.39060070037841754,0.39060070037841754,50+ km
VEH_12,VEH_12_AFTER_0418,After,2026-06-12 17:10:56.063000+00:00,2026-06-12 17:35:19+00:00,18.953049,24.38228333333333,37.010989010989015,93.0,28.71554103310705,1044.57,1585.0,426.73032772466496,0.0,0.1424615642411294,5.16,4.95,High,2026-06-12 17:10:56.063000+00:00,2026-06-13 02:10:56.063000+09:00,2,5,1,validation,5.460218,-0.30021795272827134,0.30021795272827134,5-20 km
VEH_06,VEH_06_AFTER_0489,After,2026-06-12 17:31:14+00:00,2026-06-12 18:07:07+00:00,31.380087,35.88333333333333,38.76984126984127,88.0,30.309295210632673,972.7638888888888,1649.0,331.0605272812895,0.0,0.2125302948885258,24.12,5.023,High,2026-06-12 17:31:14+00:00,2026-06-13 02:31:14+09:00,2,5,1,validation,8.398948,15.721052284240724,15.721052284240724,20-50 km
VEH_12,VEH_12_AFTER_0420,After,2026-06-12 18:01:06+00:00,2026-06-12 18:43:41+00:00,39.938263,42.583333333333336,35.36521739130435,89.0,31.098813184340017,1117.6911764705883,1683.75,368.5563203170917,0.0,0.1800148006189349,9.61,4.64,High,2026-06-12 18:01:06+00:00,2026-06-13 03:01:06+09:00,3,5,1,validation,10.407924,-0.7979236984252935,0.7979236984252935,20-50 km
VEH_06,VEH_06_AFTER_0490,After,2026-06-12 18:41:18.063000+00:00,2026-06-12 19:20:12+00:00,41.73283,38.89895,41.6144578313253,89.0,27.341143067255352,889.5,1415.5,451.70117334361663,0.0,0.0,10.05,5.39,High,2026-06-12 18:41:18.063000+00:00,2026-06-13 03:41:18.063000+09:00,3,5,1,validation,10.271521,-0.22152061462402273,0.22152061462402273,20-50 km
VEH_05,VEH_05_AFTER_0302,After,2026-06-12 19:57:50+00:00,2026-06-12 20:46:22+00:00,57.38299,48.53333333333333,46.23622047244095,100.0,30.495244677160663,1125.590909090909,1917.5,423.0363477005219,0.0,0.0351848628039379,45.73,9.737,High,2026-06-12 19:57:50+00:00,2026-06-13 04:57:50+09:00,4,5,1,validation,33.320896,12.409103851318356,12.409103851318356,50+ km
VEH_06,VEH_06_AFTER_0491,After,2026-06-12 19:59:21.063000+00:00,2026-06-12 20:31:06+00:00,32.85059,31.748949999999997,39.38636363636363,93.0,30.327916864208035,932.3,1536.25,371.7718016471932,0.0,0.1837814217704284,8.21,3.927,High,2026-06-12 19:59:21.063000+00:00,2026-06-13 04:59:21.063000+09:00,4,5,1,validation,9.103422,-0.8934221649169913,0.8934221649169913,20-50 km
VEH_08,VEH_08_AFTER_0385,After,2026-06-13 00:01:22.063000+00:00,2026-06-13 00:10:27+00:00,3.2090497,9.082283333333333,28.5,83.0,20.51077425318499,1377.40625,3223.25,696.8793266401561,0.0277777777777777,0.147899871615985,0.52,6.817,High,2026-06-13 00:01:22.063000+00:00,2026-06-13 09:01:22.063000+09:00,9,5,1,validation,0.54792213,-0.027922134399414045,0.027922134399414045,1-5 km
VEH_12,VEH_12_AFTER_0423,After,2026-06-13 02:50:54+00:00,2026-06-13 03:01:13.063000+00:00,3.7370796,10.317716666666666,21.065217391304348,85.0,21.510767954590076,1123.3695652173913,1742.0,408.0818723105777,0.0,0.1685746469368108,1.73,0.327,High,2026-06-13 02:50:54+00:00,2026-06-13 11:50:54+09:00,11,5,1,validation,1.3600686,0.36993144035339354,0.36993144035339354,1-5 km
VEH_05,VEH_05_AFTER_0304,After,2026-06-13 02:51:29.063000+00:00,2026-06-13 03:05:22+00:00,4.3249984,13.882283333333334,25.47887323943662,80.0,23.572996699153418,1159.5677083333333,1864.0,478.4501420047147,0.0,0.1355403087478559,2.73,2.93,High,2026-06-13 02:51:29.063000+00:00,2026-06-13 11:51:29.063000+09:00,11,5,1,validation,0.81859815,1.9114018487930298,1.9114018487930298,1-5 km
VEH_12,VEH_12_AFTER_0424,After,2026-06-13 03:05:11.127000+00:00,2026-06-13 03:41:37+00:00,38.827473,36.431216666666664,45.55855855855856,89.0,26.261911818004815,1124.448275862069,1788.75,412.41457516359935,0.0,0.0948548401636557,9.8,16.067,High,2026-06-13 03:05:11.127000+00:00,2026-06-13 12:05:11.127000+09:00,12,5,1,validation,9.623445,0.1765554428100593,0.1765554428100593,20-50 km
VEH_05,VEH_05_AFTER_0305,After,2026-06-13 03:09:26.063000+00:00,2026-06-13 04:23:44.063000+00:00,76.79974,74.3,53.618892508143325,101.0,26.700925969587587,1143.6681034482758,1852.5,456.65157194916617,0.0,0.0766672982730529,21.01,0.757,High,2026-06-13 03:09:26.063000+00:00,2026-06-13 12:09:26.063000+09:00,12,5,1,validation,20.10514,0.9048593139648453,0.9048593139648453,50+ km
VEH_12,VEH_12_AFTER_0425,After,2026-06-13 04:04:43.063000+00:00,2026-06-13 04:09:44+00:00,1.057005,5.015616666666667,9.65,39.0,11.71441419790166,992.225,1906.0,484.26234431865544,0.0,0.0942147840126076,0.59,22.413,High,2026-06-13 04:04:43.063000+00:00,2026-06-13 13:04:43.063000+09:00,13,5,1,validation,0.35239866,0.2376013362407684,0.2376013362407684,1-5 km
VEH_05,VEH_05_AFTER_0306,After,2026-06-13 04:37:15.063000+00:00,2026-06-13 05:14:14+00:00,21.870878,36.982283333333335,33.893048128342244,98.0,26.32376175539702,1138.665254237288,1807.75,419.1011305743092,0.0,0.1250308510399604,7.43,17.877,High,2026-06-13 04:37:15.063000+00:00,2026-06-13 13:37:15.063000+09:00,13,5,1,validation,7.312325,0.11767499923706026,0.11767499923706026,20-50 km
VEH_08,VEH_08_AFTER_0389,After,2026-06-13 04:50:35+00:00,2026-06-13 05:04:40.127000+00:00,3.7967463,14.08545,22.094736842105263,59.0,17.757473554422404,1312.7231404958677,2636.5,548.5456087866012,0.0,0.2258949482437759,0.6900000000000001,0.01,High,2026-06-13 04:50:35+00:00,2026-06-13 13:50:35+09:00,13,5,1,validation,0.69333357,-0.003333566188812198,0.003333566188812198,1-5 km
VEH_12,VEH_12_AFTER_0426,After,2026-06-13 06:01:18.063000+00:00,2026-06-13 06:09:51+00:00,1.4586065,8.54895,12.27027027027027,39.0,13.163521767838551,1009.0833333333334,1859.75,441.3993884668271,0.0,0.1629218433342145,0.72,15.05,High,2026-06-13 06:01:18.063000+00:00,2026-06-13 15:01:18.063000+09:00,15,5,1,validation,0.47810486,0.24189514040946958,0.24189514040946958,1-5 km
VEH_05,VEH_05_AFTER_0307,After,2026-06-13 06:16:42.127000+00:00,2026-06-13 07:30:41+00:00,59.281773,73.98121666666665,44.90066225165563,89.0,28.92150943797184,1185.1473684210523,1837.0,439.4746167969935,0.0,0.0425852377741432,17.24,1.153,High,2026-06-13 06:16:42.127000+00:00,2026-06-13 15:16:42.127000+09:00,15,5,1,validation,16.825102,0.41489814758300625,0.41489814758300625,50+ km
VEH_05,VEH_05_AFTER_0308,After,2026-06-13 07:33:36.063000+00:00,2026-06-13 07:37:27.063000+00:00,0.660655,3.85,16.03448275862069,47.0,15.15320100158809,1075.861111111111,1773.75,460.26859777608706,0.0,0.2260174737673969,0.45,0.794,High,2026-06-13 07:33:36.063000+00:00,2026-06-13 16:33:36.063000+09:00,16,5,1,validation,0.98799527,-0.5379952669143677,0.5379952669143677,0.5-1 km
VEH_12,VEH_12_AFTER_0431,After,2026-06-14 06:56:20+00:00,2026-06-14 06:57:42+00:00,0.11875504,1.3666666666666667,4.857142857142857,14.0,4.517539514526256,969.4166666666666,1414.75,354.97651526388177,0.0,0.0822255721529395,1.32,9.603,High,2026-06-14 06:56:20+00:00,2026-06-14 15:56:20+09:00,15,6,1,validation,2.2654495,-0.9454495239257812,0.9454495239257812,0-0.5 km
VEH_12,VEH_12_AFTER_0432,After,2026-06-14 07:16:22+00:00,2026-06-14 07:57:01+00:00,42.014614,40.65,38.206896551724135,89.0,29.69311926605083,1079.358695652174,1576.0,397.4331692936819,0.0,0.1089669592490144,11.13,8.19,High,2026-06-14 07:16:22+00:00,2026-06-14 16:16:22+09:00,16,6,1,validation,10.434955,0.6950453567504891,0.6950453567504891,20-50 km
VEH_11,VEH_11_AFTER_0213,After,2026-06-14 09:18:28.293000+00:00,2026-06-14 09:19:58+00:00,0.17801863,1.4951166666666666,3.3333333333333335,15.0,4.552166761249221,534.875,866.25,331.375,0.0,0.0471509055847544,0.15,14.387,High,2026-06-14 09:18:28.293000+00:00,2026-06-14 18:18:28.293000+09:00,18,6,1,validation,0.011488907,0.1385110929608345,0.1385110929608345,0-0.5 km
VEH_06,VEH_06_AFTER_0495,After,2026-06-14 09:21:05+00:00,2026-06-14 10:04:51.063000+00:00,41.898865,43.767716666666665,35.0546875,89.0,28.57892268398765,1001.7692307692308,1406.75,334.5428491231105,0.0,0.0430744587040178,11.8,0.3,High,2026-06-14 09:21:05+00:00,2026-06-14 18:21:05+09:00,18,6,1,validation,12.0729,-0.27289981842040945,0.27289981842040945,20-50 km
VEH_06,VEH_06_AFTER_0496,After,2026-06-14 10:39:32.063000+00:00,2026-06-14 11:13:50+00:00,38.833126,34.29895,41.7710843373494,89.0,30.55365626029732,896.3666666666667,1400.75,375.2262302783334,0.0,0.0465803739557705,9.37,5.637,High,2026-06-14 10:39:32.063000+00:00,2026-06-14 19:39:32.063000+09:00,19,6,1,validation,11.917772,-2.547772293090821,2.547772293090821,20-50 km
VEH_12,VEH_12_AFTER_0435,After,2026-06-14 13:42:35.063000+00:00,2026-06-14 13:43:24+00:00,0.13373713,0.8156166666666667,5.0,16.0,6.27162924074226,629.375,1051.5,422.125,0.0,0.0605198656458982,0.09,2.32,High,2026-06-14 13:42:35.063000+00:00,2026-06-14 22:42:35.063000+09:00,22,6,1,validation,0.23583564,-0.14583564162254334,0.14583564162254334,0-0.5 km
VEH_12,VEH_12_AFTER_0436,After,2026-06-14 14:08:47.063000+00:00,2026-06-14 15:17:21+00:00,75.78547,68.56561666666667,50.285714285714285,94.0,30.505208047090736,1060.4,1721.5,418.4445662211424,0.0,0.0831641681412974,19.6,4.793,High,2026-06-14 14:08:47.063000+00:00,2026-06-14 23:08:47.063000+09:00,23,6,1,validation,19.174421,0.42557868957519673,0.42557868957519673,50+ km
VEH_06,VEH_06_AFTER_0501,After,2026-06-14 15:16:40+00:00,2026-06-14 15:54:31+00:00,42.441723,37.85,38.712765957446805,88.0,27.12446581116334,1133.2403846153843,1735.5,404.99453035699486,0.0,0.025227575612155,12.8,15.003,High,2026-06-14 15:16:40+00:00,2026-06-15 00:16:40+09:00,0,0,0,validation,13.898233,-1.0982334136962884,1.0982334136962884,20-50 km
VEH_12,VEH_12_AFTER_0438,After,2026-06-14 15:44:40.063000+00:00,2026-06-14 16:44:20+00:00,75.24342,59.665616666666665,52.0,92.0,29.95658233839143,1038.2884615384614,1645.25,418.4167255416754,0.0,0.0528459496080331,17.03,2.667,High,2026-06-14 15:44:40.063000+00:00,2026-06-15 00:44:40.063000+09:00,0,0,0,validation,16.462923,0.5670769500732433,0.5670769500732433,50+ km
VEH_06,VEH_06_AFTER_0503,After,2026-06-14 16:27:34+00:00,2026-06-14 16:59:41+00:00,31.619564,32.11666666666667,41.785714285714285,89.0,31.664939086423946,1097.7291666666667,1790.25,395.71412843234725,0.0,0.1748044396243394,7.77,8.41,High,2026-06-14 16:27:34+00:00,2026-06-15 01:27:34+09:00,1,0,0,validation,7.5191693,0.25083066940307575,0.25083066940307575,20-50 km
VEH_12,VEH_12_AFTER_0439,After,2026-06-14 16:57:59.063000+00:00,2026-06-14 17:47:17.063000+00:00,62.556355,49.3,39.89887640449438,89.0,29.217912369502297,1100.909090909091,1615.75,414.7094310358551,0.0,0.0862496961840719,14.96,0.754,High,2026-06-14 16:57:59.063000+00:00,2026-06-15 01:57:59.063000+09:00,1,0,0,validation,15.062746,-0.10274604797363196,0.10274604797363196,50+ km
VEH_06,VEH_06_AFTER_0504,After,2026-06-14 17:24:49.063000+00:00,2026-06-14 18:19:37+00:00,67.12703,54.79895,52.73684210526316,88.0,32.08542671637017,865.5294117647059,1320.0,336.5308184728509,0.0,0.1041629550448363,15.05,12.103,High,2026-06-14 17:24:49.063000+00:00,2026-06-15 02:24:49.063000+09:00,2,0,0,validation,14.243352,0.8066480636596687,0.8066480636596687,50+ km
VEH_12,VEH_12_AFTER_0440,After,2026-06-14 18:05:40.063000+00:00,2026-06-14 18:38:25.187000+00:00,26.931934,32.752066666666664,37.30701754385965,89.0,27.819949674233513,1023.5166666666668,1623.0,396.92202704757466,0.0,0.138753659846503,6.7,0.077,High,2026-06-14 18:05:40.063000+00:00,2026-06-15 03:05:40.063000+09:00,3,0,0,validation,6.41089,0.28910989761352557,0.28910989761352557,20-50 km
VEH_06,VEH_06_AFTER_0506,After,2026-06-14 18:51:54+00:00,2026-06-14 19:22:00+00:00,32.467663,30.1,48.31192660550459,95.0,32.36338888813853,1085.0729166666667,1804.0,459.79023454976334,0.0,0.0846336613788293,8.8,24.59,High,2026-06-14 18:51:54+00:00,2026-06-15 03:51:54+09:00,3,0,0,validation,8.91916,-0.1191598892211907,0.1191598892211907,20-50 km
VEH_11,VEH_11_AFTER_0214,After,2026-06-14 22:06:29.653000+00:00,2026-06-14 23:40:21+00:00,59.98981,93.85578333333332,22.905857740585773,94.0,23.31487052171205,1028.1857798165138,1667.5,387.1996370726121,0.0,0.0632699015604163,15.56,4.613,High,2026-06-14 22:06:29.653000+00:00,2026-06-15 07:06:29.653000+09:00,7,0,0,validation,18.43966,-2.8796591186523433,2.8796591186523433,50+ km
VEH_11,VEH_11_AFTER_0215,After,2026-06-14 23:46:56.087000+00:00,2026-06-15 00:57:40+00:00,70.62413,70.73188333333333,44.327586206896555,90.0,27.740881031079372,1043.9591836734694,1575.0,380.9168998069228,0.0,0.0030510856629114,15.03,5.917,High,2026-06-14 23:46:56.087000+00:00,2026-06-15 08:46:56.087000+09:00,8,0,0,validation,15.918906,-0.888906211853028,0.888906211853028,50+ km
VEH_02,VEH_02_AFTER_0282,After,2026-06-15 00:16:24.063000+00:00,2026-06-15 00:45:48+00:00,8.7347975,29.39895,20.104477611940297,65.0,19.042869412811175,1278.2135416666667,2574.5,545.1152576016337,0.0,0.187366022597644,1.35,1.71,High,2026-06-15 00:16:24.063000+00:00,2026-06-15 09:16:24.063000+09:00,9,0,0,validation,1.1255369,0.22446308135986337,0.22446308135986337,5-20 km
VEH_01,VEH_01_AFTER_0594,After,2026-06-15 00:16:25.063000+00:00,2026-06-15 00:24:37+00:00,0.87170035,8.19895,16.35135135135135,63.0,17.50863295359119,1190.4772727272727,2204.5,461.6325274420792,0.0,0.2178511064305588,0.26,1.843,High,2026-06-15 00:16:25.063000+00:00,2026-06-15 09:16:25.063000+09:00,9,0,0,validation,0.27570295,-0.015702953338623038,0.015702953338623038,0.5-1 km
VEH_03,VEH_03_AFTER_0204,After,2026-06-15 00:24:04.063000+00:00,2026-06-15 01:08:33+00:00,23.604687,44.482283333333335,27.55438596491228,90.0,21.82726502123368,1240.3633333333332,2695.5,493.7461385953087,0.0,0.077172050026991,2.17,18.047,High,2026-06-15 00:24:04.063000+00:00,2026-06-15 09:24:04.063000+09:00,9,0,0,validation,2.2913487,-0.12134869575500495,0.12134869575500495,20-50 km
VEH_10,VEH_10_AFTER_0484,After,2026-06-15 00:24:16.063000+00:00,2026-06-15 00:43:54+00:00,13.987257,19.63228333333333,41.763636363636365,87.0,27.903381115663212,1355.725,3705.0,667.5134230191287,0.0285714285714285,0.1131475882354871,1.17,16.427,High,2026-06-15 00:24:16.063000+00:00,2026-06-15 09:24:16.063000+09:00,9,0,0,validation,1.5021327,-0.33213265419006355,0.33213265419006355,5-20 km
VEH_07,VEH_07_AFTER_0312,After,2026-06-15 00:26:33.063000+00:00,2026-06-15 01:00:47.063000+00:00,19.397432,34.233333333333334,32.51744186046512,90.0,26.933914351485033,1279.8785046728972,2273.5,514.3184372206131,0.0,0.1205858944230739,1.86,16.984,High,2026-06-15 00:26:33.063000+00:00,2026-06-15 09:26:33.063000+09:00,9,0,0,validation,1.9763107,-0.11631072998046865,0.11631072998046865,5-20 km
VEH_04,VEH_04_AFTER_0311,After,2026-06-15 00:26:44.063000+00:00,2026-06-15 00:27:18+00:00,0.1,0.5656166666666667,0.5,1.0,0.5,859.5,859.5,0.0,0.0,0.229583835946924,0.02,7.73,High,2026-06-15 00:26:44.063000+00:00,2026-06-15 09:26:44.063000+09:00,9,0,0,validation,-0.11208883,0.1320888292789459,0.1320888292789459,0-0.5 km
VEH_01,VEH_01_AFTER_0595,After,2026-06-15 00:27:56.063000+00:00,2026-06-15 01:26:38+00:00,31.42118,58.69895,33.49802371541502,103.0,30.416687809162752,1263.9427966101696,2572.75,514.0760949194222,0.0,0.2075497425936101,3.05,0.853,High,2026-06-15 00:27:56.063000+00:00,2026-06-15 09:27:56.063000+09:00,9,0,0,validation,3.0767922,-0.026792240142822443,0.026792240142822443,20-50 km
VEH_09,VEH_09_AFTER_0599,After,2026-06-15 00:31:12.063000+00:00,2026-06-15 00:34:53+00:00,0.9396018,3.682283333333334,15.0,30.0,9.305912099305472,1131.547619047619,2050.75,468.3466049575714,0.0,0.0433180351706275,0.13,1.357,High,2026-06-15 00:31:12.063000+00:00,2026-06-15 09:31:12.063000+09:00,9,0,0,validation,0.12370669,0.006293309032917027,0.006293309032917027,0.5-1 km
VEH_04,VEH_04_AFTER_0312,After,2026-06-15 00:33:32.063000+00:00,2026-06-15 01:10:17+00:00,23.03198,36.74895,31.094594594594593,95.0,27.081875651431723,1336.7434554973822,2996.5,573.644931541583,0.0,0.143751105974474,2.42,7.407,High,2026-06-15 00:33:32.063000+00:00,2026-06-15 09:33:32.063000+09:00,9,0,0,validation,2.3283432,0.091656847000122,0.091656847000122,20-50 km
VEH_09,VEH_09_AFTER_0600,After,2026-06-15 00:38:18.063000+00:00,2026-06-15 00:43:06+00:00,0.46427464,4.7989500000000005,12.4,39.0,11.277115470426528,1163.55,2337.5,519.2382497466842,0.0,0.3187023518121138,0.13,17.77,High,2026-06-15 00:38:18.063000+00:00,2026-06-15 09:38:18.063000+09:00,9,0,0,validation,0.17824262,-0.04824262380599975,0.04824262380599975,0-0.5 km
VEH_09,VEH_09_AFTER_0601,After,2026-06-15 00:45:35.063000+00:00,2026-06-15 00:52:29+00:00,0.89855564,6.89895,14.30232558139535,50.0,12.431271303433858,1142.2444444444443,2214.25,473.9870353621057,0.0,0.2687018433629181,0.22,17.87,High,2026-06-15 00:45:35.063000+00:00,2026-06-15 09:45:35.063000+09:00,9,0,0,validation,0.24471584,-0.024715839624404906,0.024715839624404906,0.5-1 km
VEH_02,VEH_02_AFTER_0283,After,2026-06-15 00:48:29.063000+00:00,2026-06-15 00:52:43+00:00,1.0471513,4.232283333333333,14.692307692307692,41.0,13.35924503884443,1199.655172413793,2269.25,570.630736228271,0.0,0.1876916640683893,0.18,13.3,High,2026-06-15 00:48:29.063000+00:00,2026-06-15 09:48:29.063000+09:00,9,0,0,validation,0.15642838,0.023571618199348443,0.023571618199348443,1-5 km
VEH_02,VEH_02_AFTER_0284,After,2026-06-15 00:55:45.127000+00:00,2026-06-15 01:20:09+00:00,14.620668,24.397883333333333,32.18292682926829,80.0,21.466722998905055,1421.008064516129,2697.0,570.3908792897192,0.0,0.1362132994713702,1.35,2.567,High,2026-06-15 00:55:45.127000+00:00,2026-06-15 09:55:45.127000+09:00,9,0,0,validation,1.3677076,-0.01770761013030997,0.01770761013030997,5-20 km
VEH_09,VEH_09_AFTER_0602,After,2026-06-15 00:57:02.063000+00:00,2026-06-15 00:58:41+00:00,0.14076155,1.64895,10.38888888888889,23.0,8.007905045008748,1182.734375,1948.5,482.9808522727473,0.0,0.0,0.06,1.353,High,2026-06-15 00:57:02.063000+00:00,2026-06-15 09:57:02.063000+09:00,9,0,0,validation,0.03629592,0.02370407938957214,0.02370407938957214,0-0.5 km
VEH_10,VEH_10_AFTER_0487,After,2026-06-15 01:04:18.127000+00:00,2026-06-15 01:08:42.127000+00:00,0.68555415,4.4,12.980392156862743,37.0,11.060422635045228,1213.1141304347825,2267.25,513.1292152994303,0.0,0.1934304907207104,0.14,16.143,High,2026-06-15 01:04:18.127000+00:00,2026-06-15 10:04:18.127000+09:00,10,0,0,validation,0.16104966,-0.021049664020538317,0.021049664020538317,0.5-1 km
VEH_08,VEH_08_AFTER_0391,After,2026-06-15 01:04:28.063000+00:00,2026-06-15 01:15:20+00:00,2.2409866,10.865616666666666,19.803571428571427,58.0,17.161438961954733,1242.009375,2496.0,501.9812845797734,0.0,0.1734320861335256,0.38,6.423,High,2026-06-15 01:04:28.063000+00:00,2026-06-15 10:04:28.063000+09:00,10,0,0,validation,0.36852685,0.01147315382957459,0.01147315382957459,1-5 km
VEH_11,VEH_11_AFTER_0216,After,2026-06-15 01:06:29.333000+00:00,2026-06-15 02:42:19+00:00,97.40775,95.82778333333334,44.294117647058826,92.0,32.229519484197056,1080.3239436619715,1749.75,399.50492997532376,0.0,0.0606267732448924,20.14,12.12,High,2026-06-15 01:06:29.333000+00:00,2026-06-15 10:06:29.333000+09:00,10,0,0,validation,21.732697,-1.5926965332031244,1.5926965332031244,50+ km
VEH_07,VEH_07_AFTER_0314,After,2026-06-15 01:08:10.063000+00:00,2026-06-15 01:10:59+00:00,0.14707811,2.8156166666666667,6.733333333333333,20.0,5.409456740026878,1003.9642857142856,1726.0,348.5551408665346,0.0,0.0060351045924501,0.06,16.927,High,2026-06-15 01:08:10.063000+00:00,2026-06-15 10:08:10.063000+09:00,10,0,0,validation,0.34893999,-0.28893998503685,0.28893998503685,0-0.5 km
VEH_03,VEH_03_AFTER_0205,After,2026-06-15 01:08:58.063000+00:00,2026-06-15 01:09:44.063000+00:00,0.14710969,0.7666666666666667,5.0,22.0,7.8624539310689645,1030.125,1710.5,395.61018929623134,0.0,0.1878877530744265,0.02,0.747,High,2026-06-15 01:08:58.063000+00:00,2026-06-15 10:08:58.063000+09:00,10,0,0,validation,-0.15294638,0.17294638276100158,0.17294638276100158,0-0.5 km
VEH_10,VEH_10_AFTER_0488,After,2026-06-15 01:13:57.063000+00:00,2026-06-15 01:15:43.127000+00:00,0.27767417,1.7677333333333332,10.375,20.0,6.716351316004844,1045.0238095238096,1706.75,390.9156444807156,0.0,0.0,0.05,16.416,High,2026-06-15 01:13:57.063000+00:00,2026-06-15 10:13:57.063000+09:00,10,0,0,validation,0.105737746,-0.055737745761871335,0.055737745761871335,0-0.5 km
VEH_07,VEH_07_AFTER_0315,After,2026-06-15 01:14:11.063000+00:00,2026-06-15 01:20:39+00:00,0.903587,6.465616666666667,13.41025641025641,35.0,11.00050802723814,1187.5185185185185,2000.75,444.7546344247012,0.0,0.1979055485444925,0.23,27.877,High,2026-06-15 01:14:11.063000+00:00,2026-06-15 10:14:11.063000+09:00,10,0,0,validation,0.23642635,-0.006426353454589834,0.006426353454589834,0.5-1 km
VEH_09,VEH_09_AFTER_0603,After,2026-06-15 01:16:28.063000+00:00,2026-06-15 01:18:17+00:00,0.3000089,1.8156166666666669,8.24,24.0,8.066126703691184,1170.514705882353,1996.25,462.2603868220956,0.0,0.3008038540695689,0.04,1.233,High,2026-06-15 01:16:28.063000+00:00,2026-06-15 10:16:28.063000+09:00,10,0,0,validation,0.08286621,-0.042866206765174865,0.042866206765174865,0-0.5 km
VEH_09,VEH_09_AFTER_0604,After,2026-06-15 01:19:28.063000+00:00,2026-06-15 01:22:50+00:00,0.5823013,3.365616666666667,13.323529411764708,36.0,11.434520973621666,1188.8076923076924,2045.5,472.57305249117667,0.0,0.0252516974365851,0.11,18.477,High,2026-06-15 01:19:28.063000+00:00,2026-06-15 10:19:28.063000+09:00,10,0,0,validation,0.10470383,0.005296171307563782,0.005296171307563782,0.5-1 km
VEH_10,VEH_10_AFTER_0489,After,2026-06-15 01:20:44.063000+00:00,2026-06-15 01:25:15+00:00,0.3930431,4.515616666666667,13.816666666666666,41.0,10.152982594073308,1170.9133333333334,2269.25,493.5569681629692,0.0,0.0858763845501069,0.17,16.95,High,2026-06-15 01:20:44.063000+00:00,2026-06-15 10:20:44.063000+09:00,10,0,0,validation,0.17802796,-0.008027957677841174,0.008027957677841174,0-0.5 km
VEH_02,VEH_02_AFTER_0285,After,2026-06-15 01:24:31.063000+00:00,2026-06-15 01:35:16+00:00,3.1933773,10.74895,20.3768115942029,76.0,17.597020045216453,1219.0863636363636,2173.75,531.3623532918641,0.0,0.1653914246140305,0.46,1.37,High,2026-06-15 01:24:31.063000+00:00,2026-06-15 10:24:31.063000+09:00,10,0,0,validation,0.44068605,0.019313952922821065,0.019313952922821065,1-5 km
VEH_03,VEH_03_AFTER_0206,After,2026-06-15 01:25:54.063000+00:00,2026-06-15 01:27:24+00:00,0.4111129,1.49895,13.692307692307692,28.0,8.956172047894082,1090.6875,1742.75,378.15365766059085,0.0,0.0112029487322685,0.03,1.667,High,2026-06-15 01:25:54.063000+00:00,2026-06-15 10:25:54.063000+09:00,10,0,0,validation,0.01594942,0.014050579369068145,0.014050579369068145,0-0.5 km
VEH_09,VEH_09_AFTER_0605,After,2026-06-15 01:26:57.063000+00:00,2026-06-15 01:30:16+00:00,0.7342646,3.3156166666666667,15.11111111111111,34.0,9.535832358291126,1158.2272727272727,2056.25,451.28727754040966,0.0,0.0304420160503254,0.12,1.913,High,2026-06-15 01:26:57.063000+00:00,2026-06-15 10:26:57.063000+09:00,10,0,0,validation,0.124473974,-0.004473974108695988,0.004473974108695988,0.5-1 km
VEH_07,VEH_07_AFTER_0317,After,2026-06-15 01:27:12.063000+00:00,2026-06-15 02:07:05+00:00,12.3152275,39.88228333333333,25.44736842105263,103.0,25.9774166784405,1211.1259124087592,2468.0,483.4052003283162,0.0,0.1936869038973294,1.71,3.953,High,2026-06-15 01:27:12.063000+00:00,2026-06-15 10:27:12.063000+09:00,10,0,0,validation,1.8802484,-0.17024842739105228,0.17024842739105228,5-20 km
VEH_01,VEH_01_AFTER_0596,After,2026-06-15 01:29:48.063000+00:00,2026-06-15 01:33:52.127000+00:00,0.49587908,4.067733333333333,8.958333333333334,27.0,8.116234588088796,1117.361111111111,1870.25,382.0680587843086,0.0,0.1168317684555086,0.11,0.243,High,2026-06-15 01:29:48.063000+00:00,2026-06-15 10:29:48.063000+09:00,10,0,0,validation,0.088771574,0.021228425800800324,0.021228425800800324,0-0.5 km
VEH_10,VEH_10_AFTER_0490,After,2026-06-15 01:30:34.063000+00:00,2026-06-15 01:37:41.063000+00:00,1.3663884,7.116666666666666,16.542857142857144,52.0,16.47655105578463,1358.0601851851852,2491.25,594.2896298959099,0.0,0.2824588592137874,0.3,0.807,High,2026-06-15 01:30:34.063000+00:00,2026-06-15 10:30:34.063000+09:00,10,0,0,validation,0.2870494,0.012950587272644032,0.012950587272644032,1-5 km
VEH_08,VEH_08_AFTER_0392,After,2026-06-15 01:30:46.063000+00:00,2026-06-15 01:37:44+00:00,2.3214593,6.965616666666667,20.28301886792453,67.0,17.102771880042607,1228.1275510204082,2239.0,491.66779144978017,0.0,0.1261276930986589,0.33,22.047,High,2026-06-15 01:30:46.063000+00:00,2026-06-15 10:30:46.063000+09:00,10,0,0,validation,0.35177264,-0.021772636175155624,0.021772636175155624,1-5 km
VEH_09,VEH_09_AFTER_0607,After,2026-06-15 01:35:08.063000+00:00,2026-06-15 01:40:05+00:00,1.1945244,4.94895,13.81578947368421,41.0,12.201930958400537,1150.765625,1934.25,426.5498667428691,0.0,0.1736227045075125,0.21,19.267,High,2026-06-15 01:35:08.063000+00:00,2026-06-15 10:35:08.063000+09:00,10,0,0,validation,0.2202523,-0.01025230526924134,0.01025230526924134,1-5 km
VEH_02,VEH_02_AFTER_0287,After,2026-06-15 01:38:17.063000+00:00,2026-06-15 01:40:24+00:00,0.3378627,2.1156166666666665,9.8125,36.0,10.03256416625381,1094.875,1989.5,518.7580872863574,0.0,0.0057434733257661,0.05,3.437,High,2026-06-15 01:38:17.063000+00:00,2026-06-15 10:38:17.063000+09:00,10,0,0,validation,0.056823984,-0.006823983788490293,0.006823983788490293,0-0.5 km
VEH_10,VEH_10_AFTER_0491,After,2026-06-15 01:40:09.127000+00:00,2026-06-15 01:44:03.063000+00:00,1.1586549,3.898933333333334,15.72340425531915,43.0,13.232297894167209,1303.1858974358977,3428.0,694.5056873323754,0.0256410256410256,0.051593961532023,0.16,0.647,High,2026-06-15 01:40:09.127000+00:00,2026-06-15 10:40:09.127000+09:00,10,0,0,validation,0.15508941,0.004910591840744022,0.004910591840744022,1-5 km
VEH_02,VEH_02_AFTER_0288,After,2026-06-15 01:42:05.063000+00:00,2026-06-15 02:08:34+00:00,16.898111,26.48228333333333,34.372093023255815,96.0,24.07234566575953,1546.8930817610062,3921.25,756.8764066973096,0.0691823899371069,0.0508029155127481,1.63,16.91,High,2026-06-15 01:42:05.063000+00:00,2026-06-15 10:42:05.063000+09:00,10,0,0,validation,1.667874,-0.037873978614807235,0.037873978614807235,5-20 km
VEH_09,VEH_09_AFTER_0608,After,2026-06-15 01:44:08.063000+00:00,2026-06-15 01:48:40+00:00,0.3671197,4.532283333333334,9.11111111111111,27.0,8.878118474897764,1123.1640625,2118.25,474.0145188695396,0.0,0.2083400534782055,0.13,18.003,High,2026-06-15 01:44:08.063000+00:00,2026-06-15 10:44:08.063000+09:00,10,0,0,validation,0.18405876,-0.054058755636215206,0.054058755636215206,0-0.5 km
VEH_01,VEH_01_AFTER_0598,After,2026-06-15 01:44:13+00:00,2026-06-15 01:57:31+00:00,2.5538337,13.3,13.16470588235294,46.0,13.386426012348592,1163.5673076923076,1893.75,416.7061519875726,0.0,0.1974374101424909,0.55,20.917,High,2026-06-15 01:44:13+00:00,2026-06-15 10:44:13+09:00,10,0,0,validation,0.3470614,0.20293860435485844,0.20293860435485844,1-5 km
VEH_10,VEH_10_AFTER_0492,After,2026-06-15 01:46:19.063000+00:00,2026-06-15 01:49:34.127000+00:00,0.8936686,3.2510666666666665,18.666666666666668,51.0,13.961966478132942,1291.5245098039215,2849.25,632.6360220609267,0.0,0.0976596478405657,0.13,0.22,High,2026-06-15 01:46:19.063000+00:00,2026-06-15 10:46:19.063000+09:00,10,0,0,validation,0.15999795,-0.029997954964637752,0.029997954964637752,0.5-1 km
VEH_10,VEH_10_AFTER_0493,After,2026-06-15 01:53:05.063000+00:00,2026-06-15 01:55:52.127000+00:00,0.821733,2.7844,16.757575757575758,47.0,12.153139768975786,1293.1524390243903,2317.5,540.3307164735157,0.0,0.1122134237630548,0.1,0.37,High,2026-06-15 01:53:05.063000+00:00,2026-06-15 10:53:05.063000+09:00,10,0,0,validation,0.15614364,-0.05614363551139831,0.05614363551139831,0.5-1 km
VEH_09,VEH_09_AFTER_0609,After,2026-06-15 01:55:23.063000+00:00,2026-06-15 02:08:22+00:00,4.1030884,12.982283333333331,20.130434782608695,82.0,19.984351155724617,1135.6174242424242,2093.25,453.2662193100296,0.0,0.1738376244076113,0.53,17.78,High,2026-06-15 01:55:23.063000+00:00,2026-06-15 10:55:23.063000+09:00,10,0,0,validation,0.70739913,-0.17739912986755368,0.17739912986755368,1-5 km
VEH_03,VEH_03_AFTER_0207,After,2026-06-15 01:57:02.127000+00:00,2026-06-15 02:07:39.063000+00:00,1.5903223,10.6156,9.19767441860465,41.0,11.321742580397572,1148.7264150943397,2126.0,466.33523112971943,0.0,0.1801796076953977,0.29,0.86,High,2026-06-15 01:57:02.127000+00:00,2026-06-15 10:57:02.127000+09:00,10,0,0,validation,0.26966605,0.020333954095840434,0.020333954095840434,1-5 km
VEH_10,VEH_10_AFTER_0494,After,2026-06-15 01:58:50.127000+00:00,2026-06-15 02:01:32.127000+00:00,0.3538822,2.7,8.707317073170731,30.0,9.255832445832102,1160.0961538461538,2457.75,538.3387064570246,0.0,0.0779542610222468,0.07,15.673,High,2026-06-15 01:58:50.127000+00:00,2026-06-15 10:58:50.127000+09:00,10,0,0,validation,0.07617955,-0.006179549098014825,0.006179549098014825,0-0.5 km
VEH_10,VEH_10_AFTER_0495,After,2026-06-15 02:05:17.063000+00:00,2026-06-15 02:07:24.063000+00:00,0.4672541,2.1166666666666667,14.774193548387096,43.0,12.51504817414814,1220.325,2235.5,522.8984969618865,0.0,0.0289207225408238,0.08,0.654,High,2026-06-15 02:05:17.063000+00:00,2026-06-15 11:05:17.063000+09:00,11,0,0,validation,0.06466769,0.01533231317996979,0.01533231317996979,0-0.5 km
VEH_01,VEH_01_AFTER_0599,After,2026-06-15 02:06:42.063000+00:00,2026-06-15 02:12:20+00:00,0.70007676,5.6322833333333335,10.416666666666666,29.0,8.580905805592115,1098.58,1830.75,378.0522895050366,0.0,0.2710239651416122,0.16,2.763,High,2026-06-15 02:06:42.063000+00:00,2026-06-15 11:06:42.063000+09:00,11,0,0,validation,0.19478,-0.03478000700473785,0.03478000700473785,0.5-1 km
VEH_04,VEH_04_AFTER_0316,After,2026-06-15 02:12:38+00:00,2026-06-15 03:11:19+00:00,27.484749,58.68333333333333,23.353075170842825,96.0,24.068726263294487,1317.0321715817695,3908.5,578.9591129440557,0.0080428954423592,0.2239985406956485,4.46,5.293,High,2026-06-15 02:12:38+00:00,2026-06-15 11:12:38+09:00,11,0,0,validation,2.8886838,1.5713162040710449,1.5713162040710449,20-50 km
VEH_09,VEH_09_AFTER_0610,After,2026-06-15 02:13:40.063000+00:00,2026-06-15 02:17:08+00:00,0.23571521,3.465616666666667,9.428571428571429,24.0,7.490129559381902,1091.0288461538462,1710.75,388.6212891484946,0.0,0.1263178776545043,0.1,17.477,High,2026-06-15 02:13:40.063000+00:00,2026-06-15 11:13:40.063000+09:00,11,0,0,validation,0.16033205,-0.06033205389976501,0.06033205389976501,0-0.5 km
VEH_02,VEH_02_AFTER_0289,After,2026-06-15 02:15:31.063000+00:00,2026-06-15 02:30:56.127000+00:00,7.0854497,15.417733333333333,24.94392523364486,86.0,21.662160374006472,1469.1921052631578,3781.5,769.6354404014174,0.0631578947368421,0.1147936327458783,0.87,0.603,High,2026-06-15 02:15:31.063000+00:00,2026-06-15 11:15:31.063000+09:00,11,0,0,validation,0.86813056,0.001869435310363765,0.001869435310363765,5-20 km
VEH_01,VEH_01_AFTER_0600,After,2026-06-15 02:16:35.063000+00:00,2026-06-15 02:21:26.063000+00:00,0.86444175,4.85,10.48148148148148,26.0,7.093922126619797,1066.125,1770.5,355.26629536869945,0.0,0.020376992858807,0.18,0.887,High,2026-06-15 02:16:35.063000+00:00,2026-06-15 11:16:35.063000+09:00,11,0,0,validation,0.19230802,-0.012308023571968085,0.012308023571968085,0.5-1 km
VEH_10,VEH_10_AFTER_0496,After,2026-06-15 02:16:54.063000+00:00,2026-06-15 02:24:35+00:00,2.1450882,7.682283333333333,18.140625,50.0,16.62534509745211,1261.5696721311476,2546.0,573.2612755304891,0.0,0.2322277899418573,0.27,17.363,High,2026-06-15 02:16:54.063000+00:00,2026-06-15 11:16:54.063000+09:00,11,0,0,validation,0.338306,-0.06830600976943968,0.06830600976943968,1-5 km
VEH_09,VEH_09_AFTER_0611,After,2026-06-15 02:21:54.063000+00:00,2026-06-15 02:26:08+00:00,0.50005555,4.232283333333333,12.974358974358974,39.0,9.269434689390772,1066.053571428571,1980.25,408.987238331708,0.0,0.057792522870454,0.13,18.313,High,2026-06-15 02:21:54.063000+00:00,2026-06-15 11:21:54.063000+09:00,11,0,0,validation,0.13896976,-0.008969764113426204,0.008969764113426204,0.5-1 km
VEH_01,VEH_01_AFTER_0601,After,2026-06-15 02:25:01.063000+00:00,2026-06-15 02:29:06.127000+00:00,0.91463584,4.0844,14.64,32.0,9.337579986270534,1123.734375,1834.25,409.6892636189157,0.0,0.0330022901556103,0.13,0.103,High,2026-06-15 02:25:01.063000+00:00,2026-06-15 11:25:01.063000+09:00,11,0,0,validation,0.16924268,-0.03924268007278442,0.03924268007278442,0.5-1 km
VEH_10,VEH_10_AFTER_0497,After,2026-06-15 02:28:03.063000+00:00,2026-06-15 02:34:30+00:00,0.82475346,6.44895,13.444444444444445,58.0,14.619452625243134,1228.3023255813953,2621.75,538.0136365689317,0.0,0.3200800846333302,0.2,1.14,High,2026-06-15 02:28:03.063000+00:00,2026-06-15 11:28:03.063000+09:00,11,0,0,validation,0.23642635,-0.03642635345458983,0.03642635345458983,0.5-1 km
VEH_09,VEH_09_AFTER_0612,After,2026-06-15 02:29:18.063000+00:00,2026-06-15 02:38:44+00:00,2.6109605,9.432283333333334,18.875,48.0,12.96168231107881,1170.279411764706,2152.75,463.2566567436468,0.0,0.1362763736846907,0.34,17.96,High,2026-06-15 02:29:18.063000+00:00,2026-06-15 11:29:18.063000+09:00,11,0,0,validation,0.3918959,-0.051895890235900854,0.051895890235900854,1-5 km
VEH_01,VEH_01_AFTER_0602,After,2026-06-15 02:32:52.063000+00:00,2026-06-15 02:51:03.127000+00:00,3.4792173,18.1844,13.288461538461538,49.0,11.921758611981994,1176.57,2232.25,449.53259069838305,0.0,0.2227721282045667,0.72,16.416,High,2026-06-15 02:32:52.063000+00:00,2026-06-15 11:32:52.063000+09:00,11,0,0,validation,0.43130025,0.28869974732398984,0.28869974732398984,1-5 km
VEH_10,VEH_10_AFTER_0498,After,2026-06-15 02:40:01.127000+00:00,2026-06-15 02:46:25.063000+00:00,0.8870351,6.398933333333333,12.77777777777778,54.0,13.067370540376752,1217.3489583333333,2675.25,545.3687011143608,0.0,0.250359659774473,0.22,20.987,High,2026-06-15 02:40:01.127000+00:00,2026-06-15 11:40:01.127000+09:00,11,0,0,validation,0.23642635,-0.016426353454589843,0.016426353454589843,0.5-1 km
VEH_05,VEH_05_AFTER_0309,After,2026-06-15 02:41:09.063000+00:00,2026-06-15 03:59:51+00:00,77.861115,78.69895,51.20234604105572,89.0,27.405451334078357,1125.45703125,1875.25,414.40548896762823,0.0,0.0392340443337901,20.61,17.953,High,2026-06-15 02:41:09.063000+00:00,2026-06-15 11:41:09.063000+09:00,11,0,0,validation,19.580627,1.0293725585937494,1.0293725585937494,50+ km
VEH_08,VEH_08_AFTER_0393,After,2026-06-15 02:41:54.127000+00:00,2026-06-15 02:50:50+00:00,2.02859,8.931216666666668,19.19402985074627,52.0,13.936143073329257,1221.478125,2178.75,508.7571793009258,0.0,0.2133977688783677,0.28,2.917,High,2026-06-15 02:41:54.127000+00:00,2026-06-15 11:41:54.127000+09:00,11,0,0,validation,0.33857578,-0.05857578039169309,0.05857578039169309,1-5 km
VEH_10,VEH_10_AFTER_0499,After,2026-06-15 02:50:21.127000+00:00,2026-06-15 02:57:11+00:00,1.1238356,6.831216666666666,13.931818181818182,37.0,11.9609168987102,1269.470238095238,2310.75,529.188572481664,0.0,0.3857053666825432,0.18,2.237,High,2026-06-15 02:50:21.127000+00:00,2026-06-15 11:50:21.127000+09:00,11,0,0,validation,0.24813478,-0.06813477694988251,0.06813477694988251,1-5 km
VEH_03,VEH_03_AFTER_0208,After,2026-06-15 02:50:30+00:00,2026-06-15 03:31:09+00:00,24.923567,40.65,36.49074074074074,100.0,28.926149700372157,1308.2769784172665,3152.25,547.4542240403731,0.0071942446043165,0.1469811563325213,3.08,18.36,High,2026-06-15 02:50:30+00:00,2026-06-15 11:50:30+09:00,11,0,0,validation,2.5588107,0.5211892890930176,0.5211892890930176,20-50 km
VEH_07,VEH_07_AFTER_0318,After,2026-06-15 02:52:50.063000+00:00,2026-06-15 03:08:17+00:00,6.599248,15.44895,29.9,78.0,23.15361742795281,1273.3645833333333,2178.0,498.58488275133226,0.0,0.0611857151810918,0.68,18.203,High,2026-06-15 02:52:50.063000+00:00,2026-06-15 11:52:50.063000+09:00,11,0,0,validation,0.7309932,-0.05099321126937861,0.05099321126937861,5-20 km
VEH_01,VEH_01_AFTER_0603,After,2026-06-15 02:54:15.063000+00:00,2026-06-15 02:56:46+00:00,0.27061188,2.515616666666667,6.0,15.0,5.385164807134504,1046.625,1775.25,422.583442204022,0.0,0.1184394353274808,0.06,16.86,High,2026-06-15 02:54:15.063000+00:00,2026-06-15 11:54:15.063000+09:00,11,0,0,validation,0.19473787,-0.13473786652088166,0.13473786652088166,0-0.5 km
VEH_09,VEH_09_AFTER_0614,After,2026-06-15 02:54:39.063000+00:00,2026-06-15 03:00:17+00:00,0.49970904,5.6322833333333335,10.280701754385966,23.0,7.075419238623081,1131.0923913043478,1764.0,410.0093827091022,0.0,0.0868340695502653,0.16,19.383,High,2026-06-15 02:54:39.063000+00:00,2026-06-15 11:54:39.063000+09:00,11,0,0,validation,0.2333905,-0.07339049518108368,0.07339049518108368,0-0.5 km
VEH_10,VEH_10_AFTER_0500,After,2026-06-15 03:04:08.063000+00:00,2026-06-15 03:05:52+00:00,0.25092545,1.7322833333333334,10.72222222222222,26.0,8.974071016951221,1179.6805555555557,2128.25,459.23835500233093,0.0,0.304728580836028,0.05,1.19,High,2026-06-15 03:04:08.063000+00:00,2026-06-15 12:04:08.063000+09:00,12,0,0,validation,0.084040165,-0.03404016494750976,0.03404016494750976,0-0.5 km
VEH_01,VEH_01_AFTER_0604,After,2026-06-15 03:04:34.063000+00:00,2026-06-15 03:10:19+00:00,0.60678536,5.74895,10.375,29.0,9.786949218219128,1119.4166666666667,1750.0,397.22337509545207,0.0,0.2239654081854851,0.19,18.027,High,2026-06-15 03:04:34.063000+00:00,2026-06-15 12:04:34.063000+09:00,12,0,0,validation,0.19809805,-0.00809804856777191,0.00809804856777191,0.5-1 km
VEH_10,VEH_10_AFTER_0501,After,2026-06-15 03:07:56.063000+00:00,2026-06-15 03:10:55+00:00,0.59605813,2.9822833333333336,16.685714285714287,40.0,11.330796034503056,1220.0852272727273,2139.5,486.7577885611573,0.0,0.1056501939618822,0.12,17.447,High,2026-06-15 03:07:56.063000+00:00,2026-06-15 12:07:56.063000+09:00,12,0,0,validation,0.1252785,-0.005278502702713017,0.005278502702713017,0.5-1 km
VEH_09,VEH_09_AFTER_0615,After,2026-06-15 03:11:15.063000+00:00,2026-06-15 03:18:10+00:00,2.013161,6.915616666666667,18.9,60.0,15.34568343215772,1203.577868852459,2343.0,476.349841178246,0.0,0.103062271062271,0.34,17.32,High,2026-06-15 03:11:15.063000+00:00,2026-06-15 12:11:15.063000+09:00,12,0,0,validation,0.320784,0.019215997457504297,0.019215997457504297,1-5 km
VEH_10,VEH_10_AFTER_0503,After,2026-06-15 03:15:43.063000+00:00,2026-06-15 03:16:33+00:00,0.1225,0.8322833333333333,10.428571428571429,25.0,9.240549502169271,1070.6,1770.75,425.0926104979949,0.0,0.0205604786479429,0.02,17.003,High,2026-06-15 03:15:43.063000+00:00,2026-06-15 12:15:43.063000+09:00,12,0,0,validation,0.018559722,0.0014402777701616291,0.0014402777701616291,0-0.5 km
VEH_10,VEH_10_AFTER_0504,After,2026-06-15 03:21:26.063000+00:00,2026-06-15 03:52:39+00:00,17.628113,31.215616666666666,33.872549019607845,101.0,29.27796855183274,1296.0812883435583,2548.75,532.1312664433101,0.0,0.1800630005653059,2.04,2.037,High,2026-06-15 03:21:26.063000+00:00,2026-06-15 12:21:26.063000+09:00,12,0,0,validation,2.051293,-0.011292896270751918,0.011292896270751918,5-20 km
VEH_11,VEH_11_AFTER_0218,After,2026-06-15 03:22:22.823000+00:00,2026-06-15 03:24:59.433000+00:00,0.6956977,2.6101666666666667,13.9,45.0,15.49483785007123,919.725,1502.75,397.43313038170334,0.0,0.2588711907977157,0.31,0.003,High,2026-06-15 03:22:22.823000+00:00,2026-06-15 12:22:22.823000+09:00,12,0,0,validation,0.5606147,-0.2506147050857544,0.2506147050857544,0.5-1 km
VEH_12,VEH_12_AFTER_0446,After,2026-06-15 03:23:02.063000+00:00,2026-06-15 04:00:03+00:00,41.503834,37.015616666666666,41.38532110091743,89.0,31.732803117660968,1114.2142857142858,1839.5,438.80435517135305,0.0,0.0606128018260025,11.1,29.843,High,2026-06-15 03:23:02.063000+00:00,2026-06-15 12:23:02.063000+09:00,12,0,0,validation,10.860195,0.23980484008789027,0.23980484008789027,20-50 km
VEH_09,VEH_09_AFTER_0616,After,2026-06-15 03:23:45.063000+00:00,2026-06-15 03:26:57+00:00,0.32291323,3.1989500000000004,10.133333333333333,29.0,8.057019024152515,1053.7826086956522,1782.25,414.06902060885614,0.0,0.11306693202053,0.1,18.537,High,2026-06-15 03:23:45.063000+00:00,2026-06-15 12:23:45.063000+09:00,12,0,0,validation,0.15363078,-0.05363077819347381,0.05363077819347381,0-0.5 km
VEH_09,VEH_09_AFTER_0617,After,2026-06-15 03:31:57.127000+00:00,2026-06-15 03:35:36+00:00,0.77724355,3.647883333333333,15.085714285714284,33.0,10.003917599967464,1148.38125,2034.0,477.2712835337336,0.0,0.0598935002044538,0.14,18.46,High,2026-06-15 03:31:57.127000+00:00,2026-06-15 12:31:57.127000+09:00,12,0,0,validation,0.1429456,-0.0029456025362014637,0.0029456025362014637,0.5-1 km
VEH_08,VEH_08_AFTER_0394,After,2026-06-15 03:35:10.063000+00:00,2026-06-15 03:44:17+00:00,1.9003098,9.115616666666666,19.51315789473684,57.0,14.634578213989805,1295.1376811594205,2303.75,538.417382840996,0.0,0.1858041205605168,0.44,22.513,High,2026-06-15 03:35:10.063000+00:00,2026-06-15 12:35:10.063000+09:00,12,0,0,validation,0.34066465,0.09933534502983093,0.09933534502983093,1-5 km
VEH_09,VEH_09_AFTER_0618,After,2026-06-15 03:40:33.063000+00:00,2026-06-15 03:42:07+00:00,0.2598611,1.5656166666666669,9.76923076923077,17.0,4.885675233292436,1070.4545454545455,1566.75,313.12939922842924,0.0,0.0,0.03,18.187,High,2026-06-15 03:40:33.063000+00:00,2026-06-15 12:40:33.063000+09:00,12,0,0,validation,-0.17839111,0.20839111387729645,0.20839111387729645,0-0.5 km
VEH_02,VEH_02_AFTER_0290,After,2026-06-15 03:41:29.063000+00:00,2026-06-15 03:42:18.063000+00:00,0.13704373,0.8166666666666667,9.727272727272728,24.0,8.42173496583161,1231.642857142857,2045.0,466.2476705637493,0.0,0.061322820849759,0.04,0.554,High,2026-06-15 03:41:29.063000+00:00,2026-06-15 12:41:29.063000+09:00,12,0,0,validation,0.0146391485,0.025360851511359216,0.025360851511359216,0-0.5 km
VEH_02,VEH_02_AFTER_0291,After,2026-06-15 03:43:28.063000+00:00,2026-06-15 04:08:51+00:00,12.996761,25.38228333333333,32.056179775280896,100.0,26.42324459767961,1419.45703125,3578.25,676.3205060210906,0.015625,0.1074179673727347,1.69,18.503,High,2026-06-15 03:43:28.063000+00:00,2026-06-15 12:43:28.063000+09:00,12,0,0,validation,1.7069006,-0.016900596618652397,0.016900596618652397,5-20 km
VEH_09,VEH_09_AFTER_0619,After,2026-06-15 03:44:57.063000+00:00,2026-06-15 03:52:24+00:00,0.9477202,7.44895,13.078125,32.0,8.369036472878763,1136.326612903226,1917.0,426.9334521419965,0.0,0.1454149179942108,0.25,17.59,High,2026-06-15 03:44:57.063000+00:00,2026-06-15 12:44:57.063000+09:00,12,0,0,validation,0.24711849,0.0028815120458602905,0.0028815120458602905,0.5-1 km
VEH_09,VEH_09_AFTER_0620,After,2026-06-15 03:56:59.063000+00:00,2026-06-15 03:57:59+00:00,0.11083333,0.99895,6.222222222222222,15.0,5.328701692569688,992.625,1604.0,327.16500042027724,0.0,0.3124862140930146,0.02,17.483,High,2026-06-15 03:56:59.063000+00:00,2026-06-15 12:56:59.063000+09:00,12,0,0,validation,-0.024125446,0.04412544563412667,0.04412544563412667,0-0.5 km
VEH_09,VEH_09_AFTER_0621,After,2026-06-15 04:01:48.127000+00:00,2026-06-15 04:05:51+00:00,0.38444105,4.047883333333333,13.3,29.0,7.493997598078078,1171.84375,2025.75,472.1091064557403,0.0,0.1083919265447928,0.13,18.047,High,2026-06-15 04:01:48.127000+00:00,2026-06-15 13:01:48.127000+09:00,13,0,0,validation,0.1264112,0.003588800430297856,0.003588800430297856,0-0.5 km
VEH_01,VEH_01_AFTER_0605,After,2026-06-15 04:05:18.063000+00:00,2026-06-15 04:23:42+00:00,2.6889164,18.39895,15.31958762886598,53.0,12.817148943756754,1210.2311320754718,2087.5,478.02651217491547,0.0,0.1924535184703686,0.63,19.363,High,2026-06-15 04:05:18.063000+00:00,2026-06-15 13:05:18.063000+09:00,13,0,0,validation,0.4151118,0.21488819003105164,0.21488819003105164,1-5 km
VEH_09,VEH_09_AFTER_0622,After,2026-06-15 04:09:10.063000+00:00,2026-06-15 04:18:26+00:00,4.0384016,9.265616666666666,21.94029850746269,73.0,21.738528006994702,1197.2628205128206,2285.5,458.4396751297496,0.0,0.1138378678940116,0.41,17.883,High,2026-06-15 04:09:10.063000+00:00,2026-06-15 13:09:10.063000+09:00,13,0,0,validation,0.6673784,-0.25737842559814456,0.25737842559814456,1-5 km
VEH_09,VEH_09_AFTER_0623,After,2026-06-15 04:21:45.063000+00:00,2026-06-15 04:30:42.127000+00:00,2.0361671,8.951066666666666,18.04,41.0,13.716598217731198,1183.4453125,2082.5,483.8695537602592,0.0,0.1489020111880051,0.32,0.093,High,2026-06-15 04:21:45.063000+00:00,2026-06-15 13:21:45.063000+09:00,13,0,0,validation,0.33295077,-0.012950770854949945,0.012950770854949945,1-5 km
VEH_01,VEH_01_AFTER_0606,After,2026-06-15 04:28:17.063000+00:00,2026-06-15 04:29:33+00:00,0.13875,1.2656166666666666,4.571428571428571,15.0,5.122977450583173,947.75,1341.5,278.44366575664816,0.0,0.0264458394550554,0.02,19.563,High,2026-06-15 04:28:17.063000+00:00,2026-06-15 13:28:17.063000+09:00,13,0,0,validation,0.68380135,-0.6638013529777527,0.6638013529777527,0-0.5 km
VEH_05,VEH_05_AFTER_0310,After,2026-06-15 04:31:50.063000+00:00,2026-06-15 05:52:03+00:00,75.88588,80.21561666666666,45.84180790960452,94.0,23.939609829012692,1185.6505376344087,1911.75,413.0956275485265,0.0,0.0461935629717858,19.23,7.277,High,2026-06-15 04:31:50.063000+00:00,2026-06-15 13:31:50.063000+09:00,13,0,0,validation,18.809399,0.42060134887695355,0.42060134887695355,50+ km
VEH_01,VEH_01_AFTER_0607,After,2026-06-15 04:32:19.063000+00:00,2026-06-15 04:36:12+00:00,0.14012443,3.8822833333333335,5.454545454545454,17.0,6.095656223360076,1025.909090909091,1749.25,375.51159455418696,0.0,0.2249646833354737,0.08,18.607,High,2026-06-15 04:32:19.063000+00:00,2026-06-15 13:32:19.063000+09:00,13,0,0,validation,0.38148296,-0.3014829587936401,0.3014829587936401,0-0.5 km
VEH_07,VEH_07_AFTER_0320,After,2026-06-15 04:47:42.063000+00:00,2026-06-15 05:18:21.063000+00:00,11.978428,30.65,26.945121951219512,78.0,22.87859076143088,1214.2125984251968,2322.0,508.22053508513864,0.0,0.2050115111274231,1.34,0.737,High,2026-06-15 04:47:42.063000+00:00,2026-06-15 13:47:42.063000+09:00,13,0,0,validation,1.4282001,-0.08820012569427482,0.08820012569427482,5-20 km
VEH_10,VEH_10_AFTER_0508,After,2026-06-15 04:50:16.063000+00:00,2026-06-15 05:06:25+00:00,9.189543,16.14895,32.1219512195122,91.0,22.111537423925387,1325.7279411764705,2515.5,569.5782523436267,0.0,0.1285102294563128,0.89,1.607,High,2026-06-15 04:50:16.063000+00:00,2026-06-15 13:50:16.063000+09:00,13,0,0,validation,1.0782857,-0.18828569412231444,0.18828569412231444,5-20 km
VEH_03,VEH_03_AFTER_0209,After,2026-06-15 04:53:15.063000+00:00,2026-06-15 05:26:12+00:00,23.949308,32.948949999999996,39.79347826086956,110.0,28.825765212316817,1250.3242753623188,2794.25,479.65861615529343,0.0,0.0946043277187263,2.43,16.483,High,2026-06-15 04:53:15.063000+00:00,2026-06-15 13:53:15.063000+09:00,13,0,0,validation,2.354455,0.07554500579834,0.07554500579834,20-50 km
VEH_02,VEH_02_AFTER_0294,After,2026-06-15 04:53:30.063000+00:00,2026-06-15 05:11:49.063000+00:00,8.979451,18.316666666666663,30.696296296296296,106.0,26.401816456609662,1469.777985074627,4041.75,763.5945384078115,0.044776119402985,0.1400806006769974,1.2,0.387,High,2026-06-15 04:53:30.063000+00:00,2026-06-15 13:53:30.063000+09:00,13,0,0,validation,1.3103901,-0.11039011478424077,0.11039011478424077,5-20 km
VEH_08,VEH_08_AFTER_0395,After,2026-06-15 04:56:59.063000+00:00,2026-06-15 05:27:23+00:00,26.569525,30.39895,41.87570621468927,99.0,30.998383914201423,1383.4025735294117,2923.0,597.0984784687535,0.0,0.1189495995814007,2.11,5.03,High,2026-06-15 04:56:59.063000+00:00,2026-06-15 13:56:59.063000+09:00,13,0,0,validation,2.2942898,-0.18428982734680188,0.18428982734680188,20-50 km
VEH_02,VEH_02_AFTER_0295,After,2026-06-15 05:13:35.063000+00:00,2026-06-15 05:20:40+00:00,4.08705,7.082283333333334,29.07843137254902,68.0,23.36483291502961,1343.486111111111,2819.25,630.4459178729404,0.0,0.1400428204396232,0.47,7.343,High,2026-06-15 05:13:35.063000+00:00,2026-06-15 14:13:35.063000+09:00,14,0,0,validation,0.6399632,-0.16996320962905886,0.16996320962905886,1-5 km
VEH_02,VEH_02_AFTER_0296,After,2026-06-15 05:25:11.063000+00:00,2026-06-15 05:38:58.127000+00:00,7.3918266,13.7844,29.83653846153846,95.0,26.242621885062604,1502.715053763441,3627.0,725.6514857366992,0.053763440860215,0.1147110161526438,1.03,15.92,High,2026-06-15 05:25:11.063000+00:00,2026-06-15 14:25:11.063000+09:00,14,0,0,validation,0.93758,0.09242001056671145,0.09242001056671145,5-20 km
VEH_01,VEH_01_AFTER_0608,After,2026-06-15 05:30:27.063000+00:00,2026-06-15 05:35:34+00:00,0.9210107,5.115616666666667,12.06060606060606,30.0,8.752278989581995,1219.2380952380952,2006.0,471.32771858936707,0.0,0.1028885050753714,0.26,2.837,High,2026-06-15 05:30:27.063000+00:00,2026-06-15 14:30:27.063000+09:00,14,0,0,validation,0.20834893,0.05165107011795045,0.05165107011795045,0.5-1 km
VEH_08,VEH_08_AFTER_0396,After,2026-06-15 05:30:54.127000+00:00,2026-06-15 05:39:42+00:00,3.058585,8.797883333333335,20.397435897435894,50.0,12.830592191690943,1308.9769736842106,2400.0,556.8672435481316,0.0,0.0697951441578148,0.43,6.473,High,2026-06-15 05:30:54.127000+00:00,2026-06-15 14:30:54.127000+09:00,14,0,0,validation,0.43685177,-0.006851769685745246,0.006851769685745246,1-5 km
VEH_09,VEH_09_AFTER_0625,After,2026-06-15 05:31:25+00:00,2026-06-15 05:43:56+00:00,2.7046845,12.516666666666667,21.318840579710145,50.0,14.175394842670157,1192.1491228070176,2193.5,448.2990388133627,0.0,0.1252328383451767,0.8,17.733,High,2026-06-15 05:31:25+00:00,2026-06-15 14:31:25+09:00,14,0,0,validation,0.40210828,0.3978917181491852,0.3978917181491852,1-5 km
VEH_03,VEH_03_AFTER_0210,After,2026-06-15 05:35:30.063000+00:00,2026-06-15 05:44:19+00:00,1.3316547,8.815616666666667,12.580645161290322,51.0,14.166690130767536,1261.483695652174,2166.25,540.5297834023929,0.0,0.3038439282017567,0.33,16.847,High,2026-06-15 05:35:30.063000+00:00,2026-06-15 14:35:30.063000+09:00,14,0,0,validation,0.27144602,0.05855398058891298,0.05855398058891298,1-5 km
VEH_01,VEH_01_AFTER_0609,After,2026-06-15 05:38:20.063000+00:00,2026-06-15 05:40:22+00:00,0.1989085,2.0322833333333334,4.12,20.0,5.537652932425432,1256.8055555555557,1919.5,466.10276611520646,0.0,0.1285894426047999,0.08,1.363,High,2026-06-15 05:38:20.063000+00:00,2026-06-15 14:38:20.063000+09:00,14,0,0,validation,0.14458208,-0.06458207786083221,0.06458207786083221,0-0.5 km
VEH_08,VEH_08_AFTER_0397,After,2026-06-15 05:41:20.063000+00:00,2026-06-15 05:47:37+00:00,1.4607637,6.282283333333334,17.046511627906977,46.0,14.481670031492486,1289.3203125,2466.5,587.5436328025156,0.0,0.2183190911758043,0.25,8.23,High,2026-06-15 05:41:20.063000+00:00,2026-06-15 14:41:20.063000+09:00,14,0,0,validation,0.2774298,-0.027429789304733276,0.027429789304733276,1-5 km
VEH_01,VEH_01_AFTER_0610,After,2026-06-15 05:42:53.063000+00:00,2026-06-15 05:45:02+00:00,0.17632382,2.14895,4.923076923076923,15.0,5.1658871970402505,883.5,1030.75,147.25,0.0,0.0398725534820209,0.04,2.3,High,2026-06-15 05:42:53.063000+00:00,2026-06-15 14:42:53.063000+09:00,14,0,0,validation,-0.387412,0.42741201162338255,0.42741201162338255,0-0.5 km
VEH_04,VEH_04_AFTER_0318,After,2026-06-15 05:48:48.127000+00:00,2026-06-15 06:30:37+00:00,10.133474,41.81455,16.667692307692306,64.0,16.170068338110745,1288.7978142076502,3237.0,546.7660950285945,0.0054644808743169,0.2686142560142844,1.68,7.947,High,2026-06-15 05:48:48.127000+00:00,2026-06-15 14:48:48.127000+09:00,14,0,0,validation,1.4355737,0.244426302909851,0.244426302909851,5-20 km
VEH_01,VEH_01_AFTER_0611,After,2026-06-15 05:49:03.063000+00:00,2026-06-15 05:50:48+00:00,0.3006715,1.74895,10.76923076923077,17.0,5.885495157965715,999.5,1368.25,279.18282540299646,0.0,0.0540782694953761,0.03,2.147,High,2026-06-15 05:49:03.063000+00:00,2026-06-15 14:49:03.063000+09:00,14,0,0,validation,0.604675,-0.5746749949455261,0.5746749949455261,0-0.5 km
VEH_09,VEH_09_AFTER_0626,After,2026-06-15 05:49:33.063000+00:00,2026-06-15 06:04:52+00:00,4.0460806,15.315616666666669,18.949579831932773,59.0,15.384073800987016,1211.9883720930231,2348.0,490.9474583308645,0.0,0.1259009045423622,0.5700000000000001,2.673,High,2026-06-15 05:49:33.063000+00:00,2026-06-15 14:49:33.063000+09:00,14,0,0,validation,0.63296634,-0.06296633958816522,0.06296633958816522,1-5 km
VEH_10,VEH_10_AFTER_0511,After,2026-06-15 05:55:02+00:00,2026-06-15 06:03:14+00:00,2.6548924,8.2,20.584415584415584,54.0,15.5699933266179,1324.715053763441,2407.25,568.1692557805679,0.0,0.1420739660941474,0.66,1.587,High,2026-06-15 05:55:02+00:00,2026-06-15 14:55:02+09:00,14,0,0,validation,0.39306843,0.26693156719207767,0.26693156719207767,1-5 km
VEH_01,VEH_01_AFTER_0612,After,2026-06-15 05:56:02.063000+00:00,2026-06-15 06:06:29+00:00,2.0203776,10.44895,12.634146341463415,36.0,10.471229101944692,1143.6818181818182,1989.25,417.97294149374864,0.0,0.1491626667247486,0.32,2.923,High,2026-06-15 05:56:02.063000+00:00,2026-06-15 14:56:02.063000+09:00,14,0,0,validation,0.31039765,0.009602345228195197,0.009602345228195197,1-5 km
VEH_08,VEH_08_AFTER_0398,After,2026-06-15 05:56:59+00:00,2026-06-15 06:09:36+00:00,2.3155441,12.616666666666667,14.028169014084508,48.0,15.576229480092564,1199.1337209302326,2082.5,465.46391383632425,0.0,0.2968876505861518,0.35,2.63,High,2026-06-15 05:56:59+00:00,2026-06-15 14:56:59+09:00,14,0,0,validation,0.3388702,0.01112980246543882,0.01112980246543882,1-5 km
VEH_03,VEH_03_AFTER_0211,After,2026-06-15 06:03:16.063000+00:00,2026-06-15 06:05:27+00:00,0.21379825,2.182283333333334,9.80952380952381,25.0,8.958204792623127,1106.65625,1798.25,408.0899188119421,0.0,0.0500652390820477,0.06,4.2,High,2026-06-15 06:03:16.063000+00:00,2026-06-15 15:03:16.063000+09:00,15,0,0,validation,0.06286436,-0.002864363193511965,0.002864363193511965,0-0.5 km
VEH_11,VEH_11_AFTER_0219,After,2026-06-15 06:07:23.203000+00:00,2026-06-15 07:34:17+00:00,87.63653,86.89661666666666,42.10223642172524,100.0,29.69249904926748,1160.9462365591398,1802.5,393.7801257454128,0.0,0.0919836703911931,20.59,18.653,High,2026-06-15 06:07:23.203000+00:00,2026-06-15 15:07:23.203000+09:00,15,0,0,validation,20.969376,-0.37937561035156264,0.37937561035156264,50+ km
VEH_09,VEH_09_AFTER_0627,After,2026-06-15 06:07:29.063000+00:00,2026-06-15 06:11:05.127000+00:00,0.66320044,3.601066666666666,8.806451612903226,21.0,7.916578581761635,1105.1458333333333,2221.25,459.3544151661535,0.0,0.051832275595094,0.09,16.093,High,2026-06-15 06:07:29.063000+00:00,2026-06-15 15:07:29.063000+09:00,15,0,0,validation,0.139023,-0.04902300596237183,0.04902300596237183,0.5-1 km
VEH_01,VEH_01_AFTER_0613,After,2026-06-15 06:09:31.063000+00:00,2026-06-15 06:16:32+00:00,0.8005239,7.015616666666667,9.16,26.0,7.718445439335566,1060.267857142857,1699.75,372.5081370669941,0.0,0.0140854576255171,0.19,17.53,High,2026-06-15 06:09:31.063000+00:00,2026-06-15 15:09:31.063000+09:00,15,0,0,validation,0.25130752,-0.061307517290115354,0.061307517290115354,0.5-1 km
VEH_08,VEH_08_AFTER_0399,After,2026-06-15 06:14:01.063000+00:00,2026-06-15 06:24:07+00:00,3.8901608,10.09895,17.883333333333333,53.0,15.63232939207149,1110.685,1906.0,384.3510335942912,0.0,0.1388513470380847,0.28,6.483,High,2026-06-15 06:14:01.063000+00:00,2026-06-15 15:14:01.063000+09:00,15,0,0,validation,0.60677576,-0.32677576065063474,0.32677576065063474,1-5 km
VEH_10,VEH_10_AFTER_0512,After,2026-06-15 06:14:54.063000+00:00,2026-06-15 06:21:37.127000+00:00,2.275532,6.717733333333333,23.967741935483872,68.0,18.5941091451337,1393.21484375,3278.0,624.4536391093021,0.015625,0.1737798769142693,0.28,15.95,High,2026-06-15 06:14:54.063000+00:00,2026-06-15 15:14:54.063000+09:00,15,0,0,validation,0.37492415,-0.09492415308952329,0.09492415308952329,1-5 km
VEH_01,VEH_01_AFTER_0614,After,2026-06-15 06:22:43.063000+00:00,2026-06-15 06:27:54+00:00,0.90012884,5.182283333333333,12.023255813953488,34.0,9.37956306835046,1131.9396551724135,1941.25,396.6353296424447,0.0,0.1446579829913671,0.27,1.597,High,2026-06-15 06:22:43.063000+00:00,2026-06-15 15:22:43.063000+09:00,15,0,0,validation,0.17311491,0.09688508927822115,0.09688508927822115,0.5-1 km
VEH_10,VEH_10_AFTER_0513,After,2026-06-15 06:27:11.063000+00:00,2026-06-15 06:33:11.127000+00:00,1.5800525,6.001066666666667,20.46,64.0,19.87179911331634,1410.945652173913,2823.0,605.6750072750386,0.0,0.4410123913825903,0.24,0.803,High,2026-06-15 06:27:11.063000+00:00,2026-06-15 15:27:11.063000+09:00,15,0,0,validation,0.29378077,-0.05378077387809754,0.05378077387809754,1-5 km
VEH_01,VEH_01_AFTER_0615,After,2026-06-15 06:31:23.063000+00:00,2026-06-15 06:37:51.063000+00:00,1.5021011,6.466666666666667,11.181818181818182,38.0,11.342744431559296,1157.8629032258063,2020.0,456.7734043243136,0.0,0.1513590253220102,0.28,0.75,High,2026-06-15 06:31:23.063000+00:00,2026-06-15 15:31:23.063000+09:00,15,0,0,validation,0.24720125,0.03279875099658969,0.03279875099658969,1-5 km
VEH_09,VEH_09_AFTER_0628,After,2026-06-15 06:35:06.063000+00:00,2026-06-15 06:37:09.063000+00:00,0.2332526,2.05,5.0,18.0,5.896543968226707,1041.0,1751.25,387.2050637112541,0.0,0.3448272258967849,0.04,15.2,High,2026-06-15 06:35:06.063000+00:00,2026-06-15 15:35:06.063000+09:00,15,0,0,validation,0.053544477,-0.013544476628303527,0.013544476628303527,0-0.5 km
VEH_07,VEH_07_AFTER_0325,After,2026-06-15 06:36:05+00:00,2026-06-15 06:39:02+00:00,0.4415606,2.95,12.2,37.0,12.081390648431166,1194.236111111111,1968.5,450.93647520267183,0.0,0.401969218361449,0.3,1.933,High,2026-06-15 06:36:05+00:00,2026-06-15 15:36:05+09:00,15,0,0,validation,0.101246804,0.19875319600105285,0.19875319600105285,0-0.5 km
VEH_08,VEH_08_AFTER_0400,After,2026-06-15 06:37:44.063000+00:00,2026-06-15 06:47:31.127000+00:00,1.174669,9.7844,8.96551724137931,31.0,7.865168777901409,1053.451388888889,1955.75,377.75289459257755,0.0,0.0960980731436906,0.19,15.696,High,2026-06-15 06:37:44.063000+00:00,2026-06-15 15:37:44.063000+09:00,15,0,0,validation,0.35947013,-0.16947012901306152,0.16947012901306152,1-5 km
VEH_04,VEH_04_AFTER_0319,After,2026-06-15 06:39:30.063000+00:00,2026-06-15 06:45:03+00:00,0.8479511,5.5489500000000005,13.76923076923077,41.0,11.446557064858116,1153.1136363636365,2200.0,486.7011504137314,0.0,0.2539665603896266,0.2,4.027,High,2026-06-15 06:39:30.063000+00:00,2026-06-15 15:39:30.063000+09:00,15,0,0,validation,0.22401571,-0.0240157127380371,0.0240157127380371,0.5-1 km
VEH_01,VEH_01_AFTER_0616,After,2026-06-15 06:40:39.063000+00:00,2026-06-15 06:44:47+00:00,0.7522401,4.1322833333333335,9.48148148148148,22.0,7.046776885348313,1115.796875,1639.25,353.1056102945468,0.0,0.0063048016701461,0.09,1.537,High,2026-06-15 06:40:39.063000+00:00,2026-06-15 15:40:39.063000+09:00,15,0,0,validation,0.1398816,-0.04988159596920014,0.04988159596920014,0.5-1 km
VEH_09,VEH_09_AFTER_0629,After,2026-06-15 06:42:59.063000+00:00,2026-06-15 06:43:55.063000+00:00,0.14651874,0.9333333333333332,5.833333333333333,21.0,8.008675851155976,998.9,1883.5,443.174869549256,0.0,0.6461547520904488,0.02,0.827,High,2026-06-15 06:42:59.063000+00:00,2026-06-15 15:42:59.063000+09:00,15,0,0,validation,0.41812137,-0.39812136769294737,0.39812136769294737,0-0.5 km
VEH_01,VEH_01_AFTER_0617,After,2026-06-15 06:47:54.063000+00:00,2026-06-15 07:03:33.063000+00:00,3.022731,15.65,11.554347826086955,49.0,12.06086388357598,1065.8221153846157,1847.5,384.3427842551317,0.0,0.2165293972754302,0.41,0.097,High,2026-06-15 06:47:54.063000+00:00,2026-06-15 15:47:54.063000+09:00,15,0,0,validation,0.41113746,-0.001137461662292505,0.001137461662292505,1-5 km
VEH_07,VEH_07_AFTER_0326,After,2026-06-15 06:48:31.063000+00:00,2026-06-15 06:51:27.127000+00:00,0.5826262,2.9343999999999997,16.571428571428573,43.0,14.073180939954815,1164.4583333333333,2015.25,496.9886487777048,0.0,0.3336939767607304,0.09,0.696,High,2026-06-15 06:48:31.063000+00:00,2026-06-15 15:48:31.063000+09:00,15,0,0,validation,0.12394846,-0.03394846230745316,0.03394846230745316,0.5-1 km
VEH_09,VEH_09_AFTER_0630,After,2026-06-15 06:49:26.063000+00:00,2026-06-15 06:49:58+00:00,0.13520388,0.5322833333333333,5.285714285714286,17.0,6.860118402024554,1060.7,1642.5,391.6182260824948,0.0,0.0995271335284845,0.01,1.493,High,2026-06-15 06:49:26.063000+00:00,2026-06-15 15:49:26.063000+09:00,15,0,0,validation,0.22479331,-0.21479331493377685,0.21479331493377685,0-0.5 km
VEH_09,VEH_09_AFTER_0631,After,2026-06-15 06:56:52.063000+00:00,2026-06-15 07:00:09+00:00,1.0922285,3.2822833333333334,15.448275862068966,50.0,12.869601196555504,1178.9583333333333,1940.5,428.2409713162543,0.0,0.0102046526297583,0.12,2.037,High,2026-06-15 06:56:52.063000+00:00,2026-06-15 15:56:52.063000+09:00,15,0,0,validation,0.1194628,0.0005371969938278154,0.0005371969938278154,1-5 km
VEH_02,VEH_02_AFTER_0299,After,2026-06-15 07:01:25.063000+00:00,2026-06-15 07:04:14+00:00,0.48056594,2.8156166666666667,13.045454545454543,38.0,13.97230140712582,1256.7272727272727,2261.0,503.2789355650314,0.0,0.0905108961680529,0.07,1.413,High,2026-06-15 07:01:25.063000+00:00,2026-06-15 16:01:25.063000+09:00,16,0,0,validation,0.08373845,-0.013738453686237329,0.013738453686237329,0-0.5 km
VEH_09,VEH_09_AFTER_0632,After,2026-06-15 07:01:41.063000+00:00,2026-06-15 07:09:30+00:00,2.5960357,7.815616666666667,19.69333333333333,53.0,15.492771074135046,1208.995283018868,2067.75,507.11892117490464,0.0,0.1122515442371146,0.35,1.223,High,2026-06-15 07:01:41.063000+00:00,2026-06-15 16:01:41.063000+09:00,16,0,0,validation,0.39097956,-0.04097955822944643,0.04097955822944643,1-5 km
VEH_04,VEH_04_AFTER_0320,After,2026-06-15 07:02:03.063000+00:00,2026-06-15 07:04:42+00:00,0.2,2.64895,8.333333333333334,18.0,6.342099196813483,1064.15625,1754.0,381.7551456247021,0.0,0.3029519307946134,0.06,5.833,High,2026-06-15 07:02:03.063000+00:00,2026-06-15 16:02:03.063000+09:00,16,0,0,validation,0.29742786,-0.23742786288261414,0.23742786288261414,0-0.5 km
VEH_10,VEH_10_AFTER_0515,After,2026-06-15 07:03:55.063000+00:00,2026-06-15 07:13:28+00:00,2.9895444,9.54895,22.408450704225352,56.0,18.646887339683197,1281.2222222222222,2618.75,565.705520665223,0.0,0.2360460609019867,0.41,17.317,High,2026-06-15 07:03:55.063000+00:00,2026-06-15 16:03:55.063000+09:00,16,0,0,validation,0.42051104,-0.010511037111282373,0.010511037111282373,1-5 km
VEH_01,VEH_01_AFTER_0618,After,2026-06-15 07:11:20.063000+00:00,2026-06-15 07:16:39+00:00,1.1083863,5.315616666666667,11.883720930232558,47.0,10.43520272549221,1100.0208333333333,1968.5,412.08203730416346,0.0,0.1118753098818952,0.19,1.697,High,2026-06-15 07:11:20.063000+00:00,2026-06-15 16:11:20.063000+09:00,16,0,0,validation,0.21905532,-0.029055324792861936,0.029055324792861936,1-5 km
VEH_09,VEH_09_AFTER_0634,After,2026-06-15 07:16:33.063000+00:00,2026-06-15 07:17:46+00:00,0.24076876,1.2156166666666666,9.571428571428571,27.0,9.89021367466913,909.5555555555557,1629.0,464.6109749292319,0.0,0.251312253734876,0.05,1.583,High,2026-06-15 07:16:33.063000+00:00,2026-06-15 16:16:33.063000+09:00,16,0,0,validation,0.18605971,-0.13605971336364747,0.13605971336364747,0-0.5 km
VEH_10,VEH_10_AFTER_0516,After,2026-06-15 07:16:56.063000+00:00,2026-06-15 07:41:23+00:00,7.1894054,24.44895,24.404109589041095,73.0,19.509947854954884,1357.851063829787,2975.5,580.1459146967198,0.0,0.252430606937751,0.92,16.823,High,2026-06-15 07:16:56.063000+00:00,2026-06-15 16:16:56.063000+09:00,16,0,0,validation,0.8564478,0.06355218410491947,0.06355218410491947,5-20 km
VEH_03,VEH_03_AFTER_0212,After,2026-06-15 07:18:19.063000+00:00,2026-06-15 07:21:48.127000+00:00,0.5488623,3.4844,5.275862068965517,26.0,5.930031992262006,972.35,1602.5,342.83835841399076,0.0,0.2311157486101527,0.08,16.19,High,2026-06-15 07:18:19.063000+00:00,2026-06-15 16:18:19.063000+09:00,16,0,0,validation,0.19462612,-0.11462612271308899,0.11462612271308899,0.5-1 km
VEH_12,VEH_12_AFTER_0448,After,2026-06-15 07:18:24.063000+00:00,2026-06-15 07:56:27+00:00,43.00432,38.04895,42.01086956521739,92.0,28.025413376006252,1117.9916666666666,1732.5,454.8838518573236,0.0,0.0254109853184295,11.97,29.177,High,2026-06-15 07:18:24.063000+00:00,2026-06-15 16:18:24.063000+09:00,16,0,0,validation,15.041928,-3.0719282913208,3.0719282913208,20-50 km
VEH_09,VEH_09_AFTER_0635,After,2026-06-15 07:19:51.063000+00:00,2026-06-15 07:31:43.187000+00:00,5.207253,11.868733333333331,28.526315789473685,76.0,21.78511906651837,1252.0357142857142,2209.5,490.74670016668455,0.0,0.210334823343611,0.81,0.25,High,2026-06-15 07:19:51.063000+00:00,2026-06-15 16:19:51.063000+09:00,16,0,0,validation,0.69142133,0.11857867002487188,0.11857867002487188,5-20 km
VEH_01,VEH_01_AFTER_0619,After,2026-06-15 07:20:41.063000+00:00,2026-06-15 07:29:53+00:00,2.8140519,9.19895,18.783333333333335,59.0,17.627716496724382,1222.5182926829268,2291.0,506.2974560420446,0.0,0.1662583565170452,0.32,8.263,High,2026-06-15 07:20:41.063000+00:00,2026-06-15 16:20:41.063000+09:00,16,0,0,validation,0.3918959,-0.07189589023590087,0.07189589023590087,1-5 km
VEH_04,VEH_04_AFTER_0321,After,2026-06-15 07:28:50.063000+00:00,2026-06-15 07:34:31+00:00,0.7749551,5.682283333333333,11.97872340425532,39.0,11.8186462156333,1258.92,2786.0,554.0417435536784,0.0,0.2453519183772834,0.22,4.613,High,2026-06-15 07:28:50.063000+00:00,2026-06-15 16:28:50.063000+09:00,16,0,0,validation,0.22534576,-0.005345760583877562,0.005345760583877562,0.5-1 km
VEH_09,VEH_09_AFTER_0636,After,2026-06-15 07:32:51.063000+00:00,2026-06-15 07:38:27+00:00,0.96698445,5.59895,15.363636363636363,50.0,13.499311277197725,1215.4772727272727,3194.75,595.8964387973382,0.0303030303030303,0.2477701729664442,0.18,17.377,High,2026-06-15 07:32:51.063000+00:00,2026-06-15 16:32:51.063000+09:00,16,0,0,validation,0.24917828,-0.06917827546596528,0.06917827546596528,0.5-1 km
VEH_01,VEH_01_AFTER_0620,After,2026-06-15 07:34:53.063000+00:00,2026-06-15 07:37:38+00:00,1.324639,2.74895,22.217391304347824,63.0,17.03182831651971,1155.8055555555557,1892.0,456.1974974019503,0.0,0.0334654068881438,0.14,1.84,High,2026-06-15 07:34:53.063000+00:00,2026-06-15 16:34:53.063000+09:00,16,0,0,validation,0.20296101,-0.0629610127210617,0.0629610127210617,1-5 km
VEH_02,VEH_02_AFTER_0302,After,2026-06-15 07:36:07.063000+00:00,2026-06-15 08:01:33+00:00,12.260949,25.43228333333333,30.93258426966292,95.0,25.823209555524205,1477.8151408450703,3760.25,721.5175204306272,0.0422535211267605,0.1233804821845643,1.46,18.0,High,2026-06-15 07:36:07.063000+00:00,2026-06-15 16:36:07.063000+09:00,16,0,0,validation,1.6714851,-0.21148506641387943,0.21148506641387943,5-20 km
VEH_09,VEH_09_AFTER_0637,After,2026-06-15 07:39:33.127000+00:00,2026-06-15 07:48:59+00:00,1.3311884,9.431216666666668,16.49230769230769,52.0,13.631550594031228,1212.7583333333334,2177.0,481.2887061635205,0.0,0.1771701230453426,0.32,17.21,High,2026-06-15 07:39:33.127000+00:00,2026-06-15 16:39:33.127000+09:00,16,0,0,validation,0.29547766,0.024522341489791877,0.024522341489791877,1-5 km
VEH_04,VEH_04_AFTER_0322,After,2026-06-15 07:42:25.063000+00:00,2026-06-15 07:48:29+00:00,0.26020437,6.065616666666667,14.704545454545457,54.0,13.048126903984317,1260.953488372093,3367.5,598.0020884885507,0.0232558139534883,0.175955926510621,0.23,5.05,High,2026-06-15 07:42:25.063000+00:00,2026-06-15 16:42:25.063000+09:00,16,0,0,validation,0.2549781,-0.024978090524673452,0.024978090524673452,0-0.5 km
VEH_10,VEH_10_AFTER_0518,After,2026-06-15 07:55:04.063000+00:00,2026-06-15 08:00:12.063000+00:00,0.22011778,5.133333333333334,7.133333333333334,27.0,8.770151398667844,1092.9166666666667,1903.5,438.33287785147434,0.0,0.3183964536956731,0.08,0.757,High,2026-06-15 07:55:04.063000+00:00,2026-06-15 16:55:04.063000+09:00,16,0,0,validation,0.15011103,-0.07011103451251983,0.07011103451251983,0-0.5 km
VEH_04,VEH_04_AFTER_0323,After,2026-06-15 07:55:10.063000+00:00,2026-06-15 07:59:29.127000+00:00,0.59794974,4.317733333333334,10.794871794871796,34.0,10.079630353365472,1183.1351351351352,2205.0,466.80478946581616,0.0,0.1845323756459878,0.16,1.92,High,2026-06-15 07:55:10.063000+00:00,2026-06-15 16:55:10.063000+09:00,16,0,0,validation,0.12901491,0.030985090732574466,0.030985090732574466,0.5-1 km
VEH_03,VEH_03_AFTER_0214,After,2026-06-15 07:55:52+00:00,2026-06-15 08:30:12+00:00,21.948067,34.333333333333336,34.59701492537314,97.0,24.75575798230351,1273.0290322580645,2470.75,482.5840742018504,0.0,0.069825148103256,2.87,17.977,High,2026-06-15 07:55:52+00:00,2026-06-15 16:55:52+09:00,16,0,0,validation,2.1704047,0.6995953273773194,0.6995953273773194,20-50 km
VEH_09,VEH_09_AFTER_0639,After,2026-06-15 08:03:20.063000+00:00,2026-06-15 08:12:10+00:00,2.4877536,8.832283333333333,20.52112676056338,45.0,11.187089081199463,1153.7007042253522,2052.25,450.1606591527072,0.0,0.0019107564347532,0.35,18.513,High,2026-06-15 08:03:20.063000+00:00,2026-06-15 17:03:20.063000+09:00,17,0,0,validation,0.46344274,-0.11344274282455447,0.11344274282455447,1-5 km
VEH_04,VEH_04_AFTER_0324,After,2026-06-15 08:07:04.063000+00:00,2026-06-15 08:10:30+00:00,0.3365257,3.432283333333334,7.806451612903226,33.0,9.316718773220083,1130.4583333333333,2115.5,449.74798305705485,0.0,0.3614062492075647,0.1,4.04,High,2026-06-15 08:07:04.063000+00:00,2026-06-15 17:07:04.063000+09:00,17,0,0,validation,0.16054958,-0.0605495810508728,0.0605495810508728,0-0.5 km
VEH_04,VEH_04_AFTER_0325,After,2026-06-15 08:14:45.063000+00:00,2026-06-15 09:05:16+00:00,26.888966,50.515616666666666,28.386759581881535,92.0,25.76914867234849,1286.6136363636365,2791.5,536.0823834794301,0.0,0.2540278864143991,2.71,4.453,High,2026-06-15 08:14:45.063000+00:00,2026-06-15 17:14:45.063000+09:00,17,0,0,validation,2.6704564,0.03954359054565426,0.03954359054565426,20-50 km
VEH_09,VEH_09_AFTER_0640,After,2026-06-15 08:15:53.127000+00:00,2026-06-15 08:23:32+00:00,1.228398,7.647883333333334,13.112903225806452,37.0,9.713815965084883,1130.8362068965516,1835.5,408.9438182045076,0.0,0.183123474952554,0.24,17.48,High,2026-06-15 08:15:53.127000+00:00,2026-06-15 17:15:53.127000+09:00,17,0,0,validation,0.3330337,-0.09303371071815492,0.09303371071815492,1-5 km
VEH_09,VEH_09_AFTER_0641,After,2026-06-15 08:26:13.127000+00:00,2026-06-15 08:33:25+00:00,0.95775056,7.197883333333333,12.108695652173912,50.0,13.25539801588569,1195.9264705882354,2336.75,508.9790586000819,0.0,0.3848245403196731,0.3,2.297,High,2026-06-15 08:26:13.127000+00:00,2026-06-15 17:26:13.127000+09:00,17,0,0,validation,0.30301198,-0.003011983633041393,0.003011983633041393,0.5-1 km
VEH_10,VEH_10_AFTER_0519,After,2026-06-15 08:32:38.063000+00:00,2026-06-15 09:01:20+00:00,5.4826627,28.69895,20.152542372881356,68.0,18.092180999270138,1387.1180124223602,3232.25,651.3281003479597,0.0248447204968944,0.2856414987935982,1.01,17.577,High,2026-06-15 08:32:38.063000+00:00,2026-06-15 17:32:38.063000+09:00,17,0,0,validation,1.046435,-0.03643499851226806,0.03643499851226806,5-20 km
VEH_09,VEH_09_AFTER_0642,After,2026-06-15 08:34:44.063000+00:00,2026-06-15 08:49:17+00:00,4.45204,14.54895,22.0,63.0,20.336065390226192,1179.815,2033.75,446.37120149601947,0.0,0.2480622317264035,0.44,2.433,High,2026-06-15 08:34:44.063000+00:00,2026-06-15 17:34:44.063000+09:00,17,0,0,validation,0.7323113,-0.29231130838394165,0.29231130838394165,1-5 km
VEH_12,VEH_12_AFTER_0449,After,2026-06-15 08:42:31.063000+00:00,2026-06-15 09:18:43+00:00,40.76648,36.19895,46.52941176470589,89.0,29.19498542838792,1181.2094594594594,1793.0,411.6384964199084,0.0,0.0663954212695591,9.78,3.653,High,2026-06-15 08:42:31.063000+00:00,2026-06-15 17:42:31.063000+09:00,17,0,0,validation,10.502065,-0.7220647048950202,0.7220647048950202,20-50 km
VEH_11,VEH_11_AFTER_0220,After,2026-06-15 08:48:18.590000+00:00,2026-06-15 10:15:31+00:00,88.79506,87.20683333333334,44.410714285714285,95.0,25.33725955857846,1186.2596153846157,1835.5,405.5630937159685,0.0,0.0088554350232455,24.37,2.297,High,2026-06-15 08:48:18.590000+00:00,2026-06-15 17:48:18.590000+09:00,17,0,0,validation,21.917406,2.4525939178466807,2.4525939178466807,50+ km
VEH_09,VEH_09_AFTER_0643,After,2026-06-15 08:52:18.063000+00:00,2026-06-15 09:01:40+00:00,1.763045,9.365616666666666,18.07936507936508,55.0,14.841278329511196,1218.1745283018868,2246.75,477.29819054784735,0.0,0.1690985595100718,0.39,18.323,High,2026-06-15 08:52:18.063000+00:00,2026-06-15 17:52:18.063000+09:00,17,0,0,validation,0.33335307,0.05664692759513856,0.05664692759513856,1-5 km
VEH_12,VEH_12_AFTER_0453,After,2026-06-15 10:04:21.063000+00:00,2026-06-15 10:40:34+00:00,40.573654,36.21561666666666,47.854166666666664,90.0,30.61010834085513,1046.0576923076924,1725.0,419.01768314354257,0.0,0.0433107941067125,9.36,2.997,High,2026-06-15 10:04:21.063000+00:00,2026-06-15 19:04:21.063000+09:00,19,0,0,validation,9.939737,-0.5797373199462896,0.5797373199462896,20-50 km
VEH_05,VEH_05_AFTER_0316,After,2026-06-15 10:21:36.063000+00:00,2026-06-15 10:23:19+00:00,0.19210187,1.7156166666666666,4.230769230769231,23.0,6.216031954103668,934.425,1668.0,449.2277547358355,0.0,0.2047387369855016,0.18,15.927,High,2026-06-15 10:21:36.063000+00:00,2026-06-15 19:21:36.063000+09:00,19,0,0,validation,0.40098283,-0.2209828269481659,0.2209828269481659,0-0.5 km
VEH_11,VEH_11_AFTER_0222,After,2026-06-15 10:24:47.497000+00:00,2026-06-15 10:27:30+00:00,0.63932693,2.708383333333333,7.5,26.0,9.281702430050212,896.6,1596.0,467.29708430504894,0.0,0.0620056419049726,0.26,6.107,High,2026-06-15 10:24:47.497000+00:00,2026-06-15 19:24:47.497000+09:00,19,0,0,validation,-0.06876275,0.32876274943351746,0.32876274943351746,0.5-1 km
VEH_12,VEH_12_AFTER_0454,After,2026-06-15 10:46:17.127000+00:00,2026-06-15 10:53:38+00:00,2.9009,7.347883333333333,17.057142857142857,52.0,16.673234080222034,947.5,1472.25,391.7844858252217,0.0,0.0493432082207451,0.87,12.327,High,2026-06-15 10:46:17.127000+00:00,2026-06-15 19:46:17.127000+09:00,19,0,0,validation,2.4819703,-1.6119703102111815,1.6119703102111815,1-5 km
VEH_05,VEH_05_AFTER_0317,After,2026-06-15 11:11:23.063000+00:00,2026-06-15 11:12:39+00:00,0.10002476,1.2656166666666666,2.5,12.0,3.947573094109004,766.6875,1440.25,462.9242437686214,0.0,0.0793714209615128,0.08,10.183,High,2026-06-15 11:11:23.063000+00:00,2026-06-15 20:11:23.063000+09:00,20,0,0,validation,-0.006475047,0.08647504720836878,0.08647504720836878,0-0.5 km
VEH_12,VEH_12_AFTER_0458,After,2026-06-15 15:36:19.063000+00:00,2026-06-15 15:37:30.063000+00:00,0.18415217,1.1833333333333331,3.5714285714285716,14.0,5.233331166861201,625.1666666666666,1040.0,340.7003408014471,0.0,0.0877103070592886,0.11,0.834,High,2026-06-15 15:36:19.063000+00:00,2026-06-16 00:36:19.063000+09:00,0,1,0,validation,-0.35902798,0.46902798175811766,0.46902798175811766,0-0.5 km
VEH_06,VEH_06_AFTER_0517,After,2026-06-15 15:45:11+00:00,2026-06-15 16:23:21+00:00,42.49165,38.166666666666664,44.73831775700935,89.0,27.377368526767366,1109.321428571429,1671.5,393.9553934658292,0.0,0.0104194877649401,13.58,19.47,High,2026-06-15 15:45:11+00:00,2026-06-16 00:45:11+09:00,0,1,0,validation,13.255684,0.3243161010742188,0.3243161010742188,20-50 km
VEH_12,VEH_12_AFTER_0460,After,2026-06-15 16:03:00+00:00,2026-06-15 16:55:04+00:00,62.456543,52.06666666666667,36.91489361702128,91.0,30.461227387038313,1098.2692307692307,1664.75,391.3784682368312,0.0,0.1762589400007046,15.89,4.72,High,2026-06-15 16:03:00+00:00,2026-06-16 01:03:00+09:00,1,1,0,validation,14.910007,0.9799925231933599,0.9799925231933599,50+ km
VEH_06,VEH_06_AFTER_0519,After,2026-06-15 17:07:04+00:00,2026-06-15 17:39:04+00:00,31.636637,32.0,42.61904761904762,89.0,31.95926403757022,1146.625,1791.0,419.1150362982886,0.0,0.0951791341588979,7.75,7.273,High,2026-06-15 17:07:04+00:00,2026-06-16 02:07:04+09:00,2,1,0,validation,7.4325213,0.31747865676879883,0.31747865676879883,20-50 km
VEH_12,VEH_12_AFTER_0461,After,2026-06-15 17:11:14.063000+00:00,2026-06-15 17:33:57+00:00,18.944185,22.715616666666666,38.11627906976744,93.0,28.95562708081195,1085.5,1601.0,401.2319674037285,0.0,0.0073131760078662,5.59,4.29,High,2026-06-15 17:11:14.063000+00:00,2026-06-16 02:11:14.063000+09:00,2,1,0,validation,5.37395,0.21604999542236314,0.21604999542236314,5-20 km
VEH_12,VEH_12_AFTER_0463,After,2026-06-15 17:52:21+00:00,2026-06-15 18:54:04+00:00,75.15098,61.71666666666667,42.12,90.0,27.07776947977806,1130.9642857142858,1599.5,373.30134550765166,0.0,0.0018424146683019,16.93,4.267,High,2026-06-15 17:52:21+00:00,2026-06-16 02:52:21+09:00,2,1,0,validation,14.888558,2.041441612243652,2.041441612243652,50+ km
VEH_06,VEH_06_AFTER_0521,After,2026-06-15 18:07:57.127000+00:00,2026-06-15 19:02:01.127000+00:00,67.17519,54.06666666666667,53.351851851851855,89.0,31.870488733720418,1049.7604166666667,1732.75,444.75958205416225,0.0,0.1431870838141174,14.38,0.873,High,2026-06-15 18:07:57.127000+00:00,2026-06-16 03:07:57.127000+09:00,3,1,0,validation,15.1465845,-0.7665845108032219,0.7665845108032219,50+ km
VEH_12,VEH_12_AFTER_0464,After,2026-06-15 19:04:34.063000+00:00,2026-06-15 19:39:44+00:00,41.20803,35.165616666666665,45.207317073170735,89.0,28.04818928327097,1041.8055555555557,1651.5,432.62462523303583,0.0,0.0186980894292221,10.23,6.273,High,2026-06-15 19:04:34.063000+00:00,2026-06-16 04:04:34.063000+09:00,4,1,0,validation,9.4922905,0.7377095031738286,0.7377095031738286,20-50 km
VEH_06,VEH_06_AFTER_0523,After,2026-06-15 19:36:14+00:00,2026-06-15 20:06:32+00:00,32.486797,30.3,37.027522935779814,94.0,33.577094288169576,1139.0172413793102,1817.5,436.81225219566824,0.0,0.1513460359432595,8.84,9.903,High,2026-06-15 19:36:14+00:00,2026-06-16 04:36:14+09:00,4,1,0,validation,9.007103,-0.1671029663085939,0.1671029663085939,20-50 km
VEH_05,VEH_05_AFTER_0324,After,2026-06-15 19:59:48+00:00,2026-06-15 20:49:23+00:00,57.18825,49.583333333333336,47.09166666666667,101.0,30.269620588232613,1121.62,1802.5,407.0578344658164,0.0,0.0259073551171791,47.09,13.25,High,2026-06-15 19:59:48+00:00,2026-06-16 04:59:48+09:00,4,1,0,validation,34.932976,12.157024230957035,12.157024230957035,50+ km
VEH_06,VEH_06_AFTER_0526,After,2026-06-15 20:35:50+00:00,2026-06-15 21:13:40.063000+00:00,32.7002,37.834383333333335,37.82394366197183,94.0,32.2962299495556,1106.6863636363637,1905.25,424.0566220184351,0.0,0.1394450689610446,7.99,0.987,High,2026-06-15 20:35:50+00:00,2026-06-16 05:35:50+09:00,5,1,0,validation,9.31027,-1.320270309448242,1.320270309448242,20-50 km
VEH_05,VEH_05_AFTER_0325,After,2026-06-16 00:02:44+00:00,2026-06-16 01:51:09.063000+00:00,77.8513,108.41771666666666,34.82020802377414,92.0,26.89839020274399,1138.0630081300812,1884.25,445.4128926199705,0.0,0.0847162789866878,25.47,0.59,High,2026-06-16 00:02:44+00:00,2026-06-16 09:02:44+09:00,9,1,0,validation,21.575493,3.89450714111328,3.89450714111328,50+ km
VEH_09,VEH_09_AFTER_0644,After,2026-06-16 01:11:03.127000+00:00,2026-06-16 01:24:14+00:00,2.9916432,13.181216666666668,20.07843137254902,64.0,14.357266572079826,1235.645238095238,2349.75,510.0902041853928,0.0,0.0678354765549063,0.58,18.327,High,2026-06-16 01:11:03.127000+00:00,2026-06-16 10:11:03.127000+09:00,10,1,0,validation,0.44403544,0.1359645593166351,0.1359645593166351,1-5 km
VEH_04,VEH_04_AFTER_0327,After,2026-06-16 01:16:07.063000+00:00,2026-06-16 01:17:04+00:00,0.1,0.94895,2.909090909090909,11.0,3.654500225862142,827.75,829.0,1.25,0.0,0.2551568946118264,0.03,5.05,High,2026-06-16 01:16:07.063000+00:00,2026-06-16 10:16:07.063000+09:00,10,1,0,validation,0.32153124,-0.2915312361717224,0.2915312361717224,0-0.5 km
VEH_04,VEH_04_AFTER_0329,After,2026-06-16 01:22:49.063000+00:00,2026-06-16 01:24:41.063000+00:00,0.1,1.8666666666666667,3.0,10.0,3.3763886032268267,928.1,1403.0,237.7019983088068,0.0,0.3967208144321481,0.06,3.214,High,2026-06-16 01:22:49.063000+00:00,2026-06-16 10:22:49.063000+09:00,10,1,0,validation,-0.19099826,0.25099825620651245,0.25099825620651245,0-0.5 km
VEH_09,VEH_09_AFTER_0645,After,2026-06-16 01:27:20.063000+00:00,2026-06-16 01:31:45+00:00,0.84198743,4.415616666666667,13.21951219512195,38.0,9.49328953016339,1177.0390625,2040.0,459.1750845154232,0.0,0.1047478642171316,0.15,1.683,High,2026-06-16 01:27:20.063000+00:00,2026-06-16 10:27:20.063000+09:00,10,1,0,validation,0.1657347,-0.015734693408012396,0.015734693408012396,0.5-1 km
VEH_09,VEH_09_AFTER_0646,After,2026-06-16 01:37:07.063000+00:00,2026-06-16 01:39:58+00:00,0.65525275,2.8489500000000003,12.703703703703704,31.0,10.4201187695471,1091.875,2050.75,445.6863498506341,0.0,0.0385787338472467,0.08,17.767,High,2026-06-16 01:37:07.063000+00:00,2026-06-16 10:37:07.063000+09:00,10,1,0,validation,0.10542317,-0.02542316734790802,0.02542316734790802,0.5-1 km
VEH_11,VEH_11_AFTER_0225,After,2026-06-16 01:38:44.793000+00:00,2026-06-16 02:47:14+00:00,70.54097,68.48678333333334,44.95594713656388,91.0,27.667595788251123,1092.9913793103449,1633.0,390.9123969393349,0.0,0.0571603845553098,15.65,5.0,High,2026-06-16 01:38:44.793000+00:00,2026-06-16 10:38:44.793000+09:00,10,1,0,validation,14.906323,0.7436765670776371,0.7436765670776371,50+ km
VEH_03,VEH_03_AFTER_0216,After,2026-06-16 01:45:42.063000+00:00,2026-06-16 02:28:13+00:00,23.518185,42.515616666666666,31.19277108433735,100.0,26.767836225151132,1201.7872023809523,2565.5,481.0911230015202,0.0,0.133317480646237,2.64,14.31,High,2026-06-16 01:45:42.063000+00:00,2026-06-16 10:45:42.063000+09:00,10,1,0,validation,2.4753575,0.16464246749877942,0.16464246749877942,20-50 km
VEH_04,VEH_04_AFTER_0330,After,2026-06-16 01:47:34.063000+00:00,2026-06-16 02:31:25+00:00,25.840284,43.848949999999995,35.53284671532847,113.0,32.81502039354933,1564.755281690141,3958.0,808.9846438724283,0.0633802816901408,0.2071996962872425,2.95,6.797,High,2026-06-16 01:47:34.063000+00:00,2026-06-16 10:47:34.063000+09:00,10,1,0,validation,2.972702,-0.022702026367187322,0.022702026367187322,20-50 km
VEH_01,VEH_01_AFTER_0623,After,2026-06-16 01:51:14.063000+00:00,2026-06-16 02:46:52.063000+00:00,32.033993,55.63333333333333,33.43065693430657,109.0,31.271309959381885,1217.4599358974358,2481.5,500.94006299374314,0.0,0.2031528642765719,3.4,17.167,High,2026-06-16 01:51:14.063000+00:00,2026-06-16 10:51:14.063000+09:00,10,1,0,validation,3.0848413,0.3151587486267089,0.3151587486267089,20-50 km
VEH_10,VEH_10_AFTER_0523,After,2026-06-16 01:55:23.063000+00:00,2026-06-16 02:22:43+00:00,9.76505,27.332283333333333,28.384615384615383,78.0,21.36239853120237,1372.2353723404256,2781.5,564.026084197985,0.0,0.1707536989557005,1.13,2.403,High,2026-06-16 01:55:23.063000+00:00,2026-06-16 10:55:23.063000+09:00,10,1,0,validation,1.1160967,0.013903264999389542,0.013903264999389542,5-20 km
VEH_09,VEH_09_AFTER_0648,After,2026-06-16 02:00:33.063000+00:00,2026-06-16 02:01:18+00:00,0.13011603,0.74895,5.466666666666667,22.0,7.301750170716301,1040.0,1804.0,381.6788103703352,0.0,0.1908630824047386,0.02,1.877,High,2026-06-16 02:00:33.063000+00:00,2026-06-16 11:00:33.063000+09:00,11,1,0,validation,-0.0023179124,0.0223179124109447,0.0223179124109447,0-0.5 km
VEH_09,VEH_09_AFTER_0649,After,2026-06-16 02:01:46.063000+00:00,2026-06-16 02:11:51+00:00,2.8142414,10.082283333333333,22.319444444444443,58.0,15.418987563038495,1246.87109375,2463.5,521.189592932952,0.0,0.1170392678377529,0.45,17.047,High,2026-06-16 02:01:46.063000+00:00,2026-06-16 11:01:46.063000+09:00,11,1,0,validation,0.40220594,0.047794055938720714,0.047794055938720714,1-5 km
VEH_02,VEH_02_AFTER_0306,After,2026-06-16 02:03:02.063000+00:00,2026-06-16 02:23:47.063000+00:00,9.747069,20.75,30.07801418439716,78.0,20.38218904090259,1269.401408450704,2840.75,534.2260040266648,0.0,0.0911393813235588,1.06,0.577,High,2026-06-16 02:03:02.063000+00:00,2026-06-16 11:03:02.063000+09:00,11,1,0,validation,1.0091524,0.05084758758544927,0.05084758758544927,5-20 km
VEH_09,VEH_09_AFTER_0650,After,2026-06-16 02:13:44.063000+00:00,2026-06-16 02:48:01+00:00,11.149395,34.28228333333333,22.653679653679653,80.0,20.545830342646333,1213.513966480447,2312.5,490.8475359782172,0.0,0.2244172763936577,1.41,17.733,High,2026-06-16 02:13:44.063000+00:00,2026-06-16 11:13:44.063000+09:00,11,1,0,validation,1.2686175,0.14138248920440666,0.14138248920440666,5-20 km
VEH_02,VEH_02_AFTER_0307,After,2026-06-16 02:25:58.063000+00:00,2026-06-16 02:51:05+00:00,10.759191,25.115616666666664,25.472826086956523,77.0,20.00324214623866,1271.842261904762,2588.0,523.0955669306545,0.0,0.1142755063271538,1.24,2.113,High,2026-06-16 02:25:58.063000+00:00,2026-06-16 11:25:58.063000+09:00,11,1,0,validation,1.1594584,0.08054160118103026,0.08054160118103026,5-20 km
VEH_10,VEH_10_AFTER_0524,After,2026-06-16 02:26:23.063000+00:00,2026-06-16 02:35:11.063000+00:00,3.0155153,8.8,20.647058823529413,44.0,12.37902009079493,1262.689732142857,2421.0,526.4116419608256,0.0,0.0667055802960973,0.31,0.877,High,2026-06-16 02:26:23.063000+00:00,2026-06-16 11:26:23.063000+09:00,11,1,0,validation,0.439448,-0.12944799900054932,0.12944799900054932,1-5 km
VEH_06,VEH_06_AFTER_0531,After,2026-06-16 02:32:27+00:00,2026-06-16 02:53:13+00:00,10.500323,20.766666666666666,28.628205128205128,88.0,26.143150779427316,1084.4416666666666,1691.0,381.2758061393645,0.0,0.0221709899857487,12.12,6.56,High,2026-06-16 02:32:27+00:00,2026-06-16 11:32:27+09:00,11,1,0,validation,3.1809208,8.939079160690307,8.939079160690307,5-20 km
VEH_03,VEH_03_AFTER_0217,After,2026-06-16 02:37:15.063000+00:00,2026-06-16 02:39:28+00:00,0.42252937,2.215616666666667,9.272727272727272,25.0,9.458915074159684,1075.28125,1676.0,361.6475631895472,0.0,0.068015968244625,0.06,15.447,High,2026-06-16 02:37:15.063000+00:00,2026-06-16 11:37:15.063000+09:00,11,1,0,validation,0.038210202,0.021789797991514204,0.021789797991514204,0-0.5 km
VEH_10,VEH_10_AFTER_0525,After,2026-06-16 02:41:09.063000+00:00,2026-06-16 02:47:19+00:00,1.9377129,6.165616666666667,20.224137931034484,68.0,17.46034235893786,1382.1409090909092,2543.0,620.5264824098169,0.0,0.2308527688494583,0.26,1.317,High,2026-06-16 02:41:09.063000+00:00,2026-06-16 11:41:09.063000+09:00,11,1,0,validation,0.3290329,-0.06903289794921874,0.06903289794921874,1-5 km
VEH_04,VEH_04_AFTER_0331,After,2026-06-16 02:49:18.063000+00:00,2026-06-16 03:29:41+00:00,25.837593,40.38228333333333,31.0188679245283,102.0,27.013966035785195,1285.561475409836,3214.5,543.1965916722789,0.0081967213114754,0.1647123873751382,2.51,4.05,High,2026-06-16 02:49:18.063000+00:00,2026-06-16 11:49:18.063000+09:00,11,1,0,validation,2.5616724,-0.05167244911193869,0.05167244911193869,20-50 km
VEH_01,VEH_01_AFTER_0624,After,2026-06-16 02:50:35.063000+00:00,2026-06-16 03:04:48+00:00,1.4280288,14.215616666666667,6.346153846153846,43.0,9.598446619885578,1183.5,2082.5,451.5816475179212,0.0,0.1260527536469689,0.4,17.003,High,2026-06-16 02:50:35.063000+00:00,2026-06-16 11:50:35.063000+09:00,11,1,0,validation,0.24719092,0.15280907750129702,0.15280907750129702,1-5 km
VEH_02,VEH_02_AFTER_0308,After,2026-06-16 02:52:35.063000+00:00,2026-06-16 03:10:37.127000+00:00,6.311195,18.0344,26.014492753623188,77.0,20.21263254991228,1344.567880794702,2935.75,585.921612254376,0.0,0.2302334892411211,0.85,0.476,High,2026-06-16 02:52:35.063000+00:00,2026-06-16 11:52:35.063000+09:00,11,1,0,validation,0.74776673,0.10223326683044431,0.10223326683044431,5-20 km
VEH_03,VEH_03_AFTER_0218,After,2026-06-16 02:59:26.063000+00:00,2026-06-16 03:43:07+00:00,23.613493,43.68228333333333,26.967741935483872,100.0,27.772676141532255,1237.0777202072538,2799.0,488.6410272838964,0.0,0.1542691491747566,2.77,17.647,High,2026-06-16 02:59:26.063000+00:00,2026-06-16 11:59:26.063000+09:00,11,1,0,validation,2.5259542,0.24404575347900392,0.24404575347900392,20-50 km
VEH_09,VEH_09_AFTER_0652,After,2026-06-16 02:59:57.063000+00:00,2026-06-16 03:08:28+00:00,2.4901576,8.515616666666666,19.647058823529413,62.0,16.62542764233923,1181.9454545454546,2044.75,472.91331295518415,0.0,0.1771231411795565,0.39,1.763,High,2026-06-16 02:59:57.063000+00:00,2026-06-16 11:59:57.063000+09:00,11,1,0,validation,0.3686245,0.02137549161911012,0.02137549161911012,1-5 km
VEH_01,VEH_01_AFTER_0625,After,2026-06-16 03:09:00.063000+00:00,2026-06-16 03:11:35.063000+00:00,0.28751665,2.5833333333333335,9.705882352941176,32.0,10.345585622308295,1076.75,1544.75,299.322933885795,0.0,0.1453283006681064,0.07,0.717,High,2026-06-16 03:09:00.063000+00:00,2026-06-16 12:09:00.063000+09:00,12,1,0,validation,-0.19526428,0.2652642798423767,0.2652642798423767,0-0.5 km
VEH_09,VEH_09_AFTER_0653,After,2026-06-16 03:12:32.127000+00:00,2026-06-16 03:21:18+00:00,1.6744918,8.764550000000002,13.20253164556962,40.0,11.575158633394146,1145.3491379310344,1865.5,416.2124994489386,0.0,0.2747567885340307,0.28,17.583,High,2026-06-16 03:12:32.127000+00:00,2026-06-16 12:12:32.127000+09:00,12,1,0,validation,0.27839717,0.0016028273105621604,0.0016028273105621604,1-5 km
VEH_01,VEH_01_AFTER_0626,After,2026-06-16 03:14:01.063000+00:00,2026-06-16 03:19:41.063000+00:00,0.8859511,5.666666666666667,11.414634146341465,36.0,10.28372052289347,1118.3833333333334,1911.5,424.3898892004327,0.0,0.2171477645611156,0.27,0.457,High,2026-06-16 03:14:01.063000+00:00,2026-06-16 12:14:01.063000+09:00,12,1,0,validation,0.22870074,0.04129925787448885,0.04129925787448885,0.5-1 km
VEH_02,VEH_02_AFTER_0309,After,2026-06-16 03:15:55.063000+00:00,2026-06-16 03:27:44+00:00,2.3699696,11.815616666666669,17.283783783783782,58.0,15.004972392303529,1231.442857142857,2750.25,547.1053652298297,0.0,0.1365913990407055,0.39,19.047,High,2026-06-16 03:15:55.063000+00:00,2026-06-16 12:15:55.063000+09:00,12,1,0,validation,0.36758694,0.022413059473037733,0.022413059473037733,1-5 km
VEH_01,VEH_01_AFTER_0627,After,2026-06-16 03:21:53.063000+00:00,2026-06-16 03:26:41+00:00,0.6416479,4.7989500000000005,9.35483870967742,44.0,11.62186034493666,1130.2708333333333,1991.5,461.30450737479856,0.0,0.3521339439798222,0.28,1.0,High,2026-06-16 03:21:53.063000+00:00,2026-06-16 12:21:53.063000+09:00,12,1,0,validation,0.20362355,0.07637645184993747,0.07637645184993747,0.5-1 km
VEH_09,VEH_09_AFTER_0654,After,2026-06-16 03:24:34.063000+00:00,2026-06-16 03:35:06.127000+00:00,3.9368105,10.5344,23.454545454545453,75.0,23.66443554454391,1216.945652173913,2194.5,487.86433128685064,0.0,0.2620187247570876,0.49,0.86,High,2026-06-16 03:24:34.063000+00:00,2026-06-16 12:24:34.063000+09:00,12,1,0,validation,0.69432735,-0.20432735443115235,0.20432735443115235,1-5 km
VEH_07,VEH_07_AFTER_0336,After,2026-06-16 03:24:52+00:00,2026-06-16 03:53:14+00:00,10.765433,28.366666666666667,27.51315789473684,80.0,23.129209955932257,1245.7283653846157,2203.75,470.535825281444,0.0,0.160157070991915,1.45,17.02,High,2026-06-16 03:24:52+00:00,2026-06-16 12:24:52+09:00,12,1,0,validation,1.1993972,0.25060279369354244,0.25060279369354244,5-20 km
VEH_01,VEH_01_AFTER_0628,After,2026-06-16 03:28:59.063000+00:00,2026-06-16 03:35:26+00:00,1.0331268,6.44895,11.6,39.0,11.072652634470042,1201.074074074074,1875.5,447.494619328374,0.0,0.1797872584681691,0.35,18.05,High,2026-06-16 03:28:59.063000+00:00,2026-06-16 12:28:59.063000+09:00,12,1,0,validation,0.24470745,0.1052925497293472,0.1052925497293472,1-5 km
VEH_02,VEH_02_AFTER_0310,After,2026-06-16 03:33:31.063000+00:00,2026-06-16 03:43:43.063000+00:00,3.0459354,10.2,19.636363636363637,61.0,15.037536661793432,1252.196875,2981.25,513.3179626425364,0.0,0.188504589291169,0.42,15.797,High,2026-06-16 03:33:31.063000+00:00,2026-06-16 12:33:31.063000+09:00,12,1,0,validation,0.4194691,0.0005309116840362393,0.0005309116840362393,1-5 km
VEH_09,VEH_09_AFTER_0655,After,2026-06-16 03:36:49.063000+00:00,2026-06-16 03:41:13+00:00,1.4265637,4.39895,20.113636363636363,40.0,11.65842635001301,1199.962962962963,2163.75,483.5177435735737,0.0,0.1143050234829127,0.18,2.363,High,2026-06-16 03:36:49.063000+00:00,2026-06-16 12:36:49.063000+09:00,12,1,0,validation,0.2086248,-0.02862479507923127,0.02862479507923127,1-5 km
VEH_01,VEH_01_AFTER_0629,After,2026-06-16 03:42:15.063000+00:00,2026-06-16 03:48:33+00:00,0.9790128,6.2989500000000005,13.390243902439025,36.0,11.800946735027262,1103.9807692307693,1830.5,407.28529574510486,0.0,0.1515372982047367,0.23,2.86,High,2026-06-16 03:42:15.063000+00:00,2026-06-16 12:42:15.063000+09:00,12,1,0,validation,0.23896351,-0.008963514566421499,0.008963514566421499,0.5-1 km
VEH_10,VEH_10_AFTER_0527,After,2026-06-16 03:44:12.063000+00:00,2026-06-16 03:54:33+00:00,3.7464871,10.34895,22.958333333333332,77.0,18.9384511128961,1337.116847826087,2898.75,626.1740694781307,0.0,0.2218734600676008,0.47,17.337,High,2026-06-16 03:44:12.063000+00:00,2026-06-16 12:44:12.063000+09:00,12,1,0,validation,0.66102314,-0.1910231399536133,0.1910231399536133,1-5 km
VEH_01,VEH_01_AFTER_0630,After,2026-06-16 03:51:48.127000+00:00,2026-06-16 03:54:28.127000+00:00,0.17817457,2.6666666666666665,2.8823529411764706,17.0,4.548850571572047,1001.5,1605.25,360.9853331013404,0.0,0.2920081724739088,0.07,15.646,High,2026-06-16 03:51:48.127000+00:00,2026-06-16 12:51:48.127000+09:00,12,1,0,validation,0.37008274,-0.3000827360153198,0.3000827360153198,0-0.5 km
VEH_10,VEH_10_AFTER_0528,After,2026-06-16 03:58:01.063000+00:00,2026-06-16 04:03:29.063000+00:00,1.6661547,5.466666666666667,16.92753623188406,51.0,15.341823900583442,1332.807142857143,2577.0,577.1756280918879,0.0,0.1052111896748318,0.3,0.67,High,2026-06-16 03:58:01.063000+00:00,2026-06-16 12:58:01.063000+09:00,12,1,0,validation,0.27103442,0.028965580463409413,0.028965580463409413,1-5 km
VEH_11,VEH_11_AFTER_0227,After,2026-06-16 04:03:44+00:00,2026-06-16 05:49:50+00:00,125.38833,106.1,55.83081570996979,97.0,29.71132641706704,1127.855,1646.0,390.74067196159655,0.0,0.0760596872862739,32.66,10.647,High,2026-06-16 04:03:44+00:00,2026-06-16 13:03:44+09:00,13,1,0,validation,25.653078,7.006921920776364,7.006921920776364,50+ km
VEH_01,VEH_01_AFTER_0631,After,2026-06-16 04:04:48.127000+00:00,2026-06-16 04:08:19+00:00,0.16163035,3.51455,3.8333333333333335,21.0,5.766281297335398,1020.625,1825.5,378.0935730741796,0.0,0.3645543406229291,0.08,1.31,High,2026-06-16 04:04:48.127000+00:00,2026-06-16 13:04:48.127000+09:00,13,1,0,validation,0.3964983,-0.31649829268455504,0.31649829268455504,0-0.5 km
VEH_10,VEH_10_AFTER_0529,After,2026-06-16 04:08:33.063000+00:00,2026-06-16 04:15:05+00:00,1.9932629,6.532283333333334,25.74468085106383,70.0,22.534576822246255,1457.1875,3191.0,734.9960160866142,0.0555555555555555,0.3396752995483233,0.3,1.86,High,2026-06-16 04:08:33.063000+00:00,2026-06-16 13:08:33.063000+09:00,13,1,0,validation,0.4044576,-0.10445759892463685,0.10445759892463685,1-5 km
VEH_01,VEH_01_AFTER_0632,After,2026-06-16 04:11:13.063000+00:00,2026-06-16 04:19:23+00:00,1.0765668,8.165616666666667,11.021739130434783,37.0,10.757179868095344,1144.9886363636365,1886.5,431.2692583135532,0.0,0.2408042212827732,0.24,17.377,High,2026-06-16 04:11:13.063000+00:00,2026-06-16 13:11:13.063000+09:00,13,1,0,validation,0.25389802,-0.013898024559021005,0.013898024559021005,1-5 km
VEH_10,VEH_10_AFTER_0530,After,2026-06-16 04:18:31.063000+00:00,2026-06-16 04:20:03+00:00,0.28270936,1.5322833333333332,8.45,35.0,10.997613377456036,1179.5357142857142,2448.25,644.9306777333768,0.0,0.3084091632547776,0.05,1.11,High,2026-06-16 04:18:31.063000+00:00,2026-06-16 13:18:31.063000+09:00,13,1,0,validation,0.14287455,-0.09287455379962921,0.09287455379962921,0-0.5 km
VEH_01,VEH_01_AFTER_0633,After,2026-06-16 04:24:35.063000+00:00,2026-06-16 04:34:43+00:00,1.9931082,10.132283333333334,11.662337662337665,36.0,10.385567395176365,1123.955,1988.25,406.60163148344594,0.0,0.1253687067032985,0.38,1.27,High,2026-06-16 04:24:35.063000+00:00,2026-06-16 13:24:35.063000+09:00,13,1,0,validation,0.28720862,0.09279138326644898,0.09279138326644898,1-5 km
VEH_10,VEH_10_AFTER_0531,After,2026-06-16 04:26:55.127000+00:00,2026-06-16 04:27:40.063000+00:00,0.12482394,0.7489333333333333,9.454545454545457,22.0,7.981383297326534,1212.55,2071.0,486.379585988831,0.0,0.0960914285714285,0.02,0.12,High,2026-06-16 04:26:55.127000+00:00,2026-06-16 13:26:55.127000+09:00,13,1,0,validation,0.049071256,-0.029071256071329116,0.029071256071329116,0-0.5 km
VEH_03,VEH_03_AFTER_0219,After,2026-06-16 04:28:16.063000+00:00,2026-06-16 05:10:11+00:00,23.721758,41.915616666666665,31.089068825910932,100.0,28.21806643308474,1241.950680272109,2422.5,501.291972507258,0.0,0.1358241879570575,2.62,3.773,High,2026-06-16 04:28:16.063000+00:00,2026-06-16 13:28:16.063000+09:00,13,1,0,validation,2.4835405,0.13645946502685558,0.13645946502685558,20-50 km
VEH_04,VEH_04_AFTER_0332,After,2026-06-16 04:31:48.063000+00:00,2026-06-16 05:29:30+00:00,27.58733,57.69895,29.242021276595743,111.0,26.541565959340364,1363.976127320955,3898.5,616.9071661804044,0.0185676392572944,0.2189025541945721,2.81,4.52,High,2026-06-16 04:31:48.063000+00:00,2026-06-16 13:31:48.063000+09:00,13,1,0,validation,2.9636018,-0.1536018276214599,0.1536018276214599,20-50 km
VEH_10,VEH_10_AFTER_0532,After,2026-06-16 04:32:45.127000+00:00,2026-06-16 04:33:44+00:00,0.18024477,0.9812166666666666,12.923076923076923,36.0,11.78304870084099,1179.0833333333333,2720.5,703.2536832861634,0.0,0.2260729222706211,0.03,1.757,High,2026-06-16 04:32:45.127000+00:00,2026-06-16 13:32:45.127000+09:00,13,1,0,validation,0.106534176,-0.07653417557477951,0.07653417557477951,0-0.5 km
VEH_08,VEH_08_AFTER_0405,After,2026-06-16 04:36:01.063000+00:00,2026-06-16 04:42:03.063000+00:00,0.87754554,6.033333333333333,17.464285714285715,55.0,15.583833525385812,1299.155,2476.25,556.3513815252012,0.0,0.2715250744217998,0.25,0.807,High,2026-06-16 04:36:01.063000+00:00,2026-06-16 13:36:01.063000+09:00,13,1,0,validation,0.26723182,-0.01723182201385498,0.01723182201385498,0.5-1 km
VEH_10,VEH_10_AFTER_0533,After,2026-06-16 04:37:08.063000+00:00,2026-06-16 04:41:34.063000+00:00,0.80344844,4.433333333333334,15.76,47.0,17.030044039872593,1359.6190476190477,2657.5,659.428520707819,0.0,0.5077479167816346,0.15,0.684,High,2026-06-16 04:37:08.063000+00:00,2026-06-16 13:37:08.063000+09:00,13,1,0,validation,0.22992082,-0.07992081940174103,0.07992081940174103,0.5-1 km
VEH_01,VEH_01_AFTER_0634,After,2026-06-16 04:38:49.063000+00:00,2026-06-16 04:42:57.063000+00:00,0.920987,4.133333333333334,13.454545454545457,27.0,9.232980769193528,999.9583333333334,1500.5,303.344668400851,0.0,0.1411151452027335,0.09,0.37,High,2026-06-16 04:38:49.063000+00:00,2026-06-16 13:38:49.063000+09:00,13,1,0,validation,0.23104659,-0.14104658722877503,0.14104658722877503,0.5-1 km
VEH_02,VEH_02_AFTER_0314,After,2026-06-16 04:41:48+00:00,2026-06-16 05:16:38+00:00,16.162144,34.833333333333336,30.290748898678412,99.0,22.736259400121988,1307.974557522124,2428.25,523.9718880362169,0.0,0.1375808901440219,2.05,16.937,High,2026-06-16 04:41:48+00:00,2026-06-16 13:41:48+09:00,13,1,0,validation,1.7859623,0.26403765678405744,0.26403765678405744,5-20 km
VEH_09,VEH_09_AFTER_0656,After,2026-06-16 04:44:07+00:00,2026-06-16 04:53:23+00:00,2.6742294,9.266666666666667,21.758064516129032,50.0,12.198209128036847,1148.6914893617022,1845.0,428.1987670188989,0.0,0.071617414293914,0.94,17.663,High,2026-06-16 04:44:07+00:00,2026-06-16 13:44:07+09:00,13,1,0,validation,0.47774675,0.4622532451152801,0.4622532451152801,1-5 km
VEH_01,VEH_01_AFTER_0635,After,2026-06-16 04:44:30.063000+00:00,2026-06-16 04:48:02+00:00,0.44672346,3.5322833333333334,8.266666666666667,23.0,7.540704358494784,1030.125,1479.0,331.77581918583,0.0,0.0427596477166556,0.08,18.397,High,2026-06-16 04:44:30.063000+00:00,2026-06-16 13:44:30.063000+09:00,13,1,0,validation,0.11532085,-0.035320846438407896,0.035320846438407896,0-0.5 km
VEH_08,VEH_08_AFTER_0406,After,2026-06-16 04:44:40.063000+00:00,2026-06-16 05:14:54+00:00,27.115343,30.23228333333333,55.04761904761905,100.0,31.37063563342878,1519.5619047619048,2838.25,609.505207975086,0.0,0.0934526402566121,2.32,13.653,High,2026-06-16 04:44:40.063000+00:00,2026-06-16 13:44:40.063000+09:00,13,1,0,validation,3.281601,-0.9616009521484377,0.9616009521484377,20-50 km
VEH_05,VEH_05_AFTER_0326,After,2026-06-16 04:54:32.063000+00:00,2026-06-16 06:07:39+00:00,77.57797,73.11561666666667,51.6113074204947,91.0,28.09255549540453,1126.1059322033898,1847.0,466.7842980857274,0.0,0.0902991172357095,20.51,5.64,High,2026-06-16 04:54:32.063000+00:00,2026-06-16 13:54:32.063000+09:00,13,1,0,validation,18.547382,1.9626176452636734,1.9626176452636734,50+ km
VEH_09,VEH_09_AFTER_0657,After,2026-06-16 04:54:42.127000+00:00,2026-06-16 05:07:07+00:00,1.8122633,12.41455,17.070422535211268,58.0,14.69629055780717,1127.8125,1869.0,424.0315432836562,0.0,0.1821568953817395,0.58,17.437,High,2026-06-16 04:54:42.127000+00:00,2026-06-16 13:54:42.127000+09:00,13,1,0,validation,0.3435302,0.2364697921276092,0.2364697921276092,1-5 km
VEH_01,VEH_01_AFTER_0636,After,2026-06-16 04:56:25.063000+00:00,2026-06-16 05:00:00+00:00,0.5417358,3.5822833333333337,11.166666666666666,25.0,7.6630426217151,1067.88,1819.25,382.27343041336263,0.0,0.0142690603870366,0.11,4.357,High,2026-06-16 04:56:25.063000+00:00,2026-06-16 13:56:25.063000+09:00,13,1,0,validation,0.04808025,0.06191974937915802,0.06191974937915802,0.5-1 km
VEH_01,VEH_01_AFTER_0637,After,2026-06-16 05:08:04.063000+00:00,2026-06-16 05:10:35.127000+00:00,0.48028335,2.517733333333333,8.772727272727273,30.0,9.004704922639146,1072.8676470588234,1768.5,372.131935388029,0.0,0.0911878159084863,0.08,0.76,High,2026-06-16 05:08:04.063000+00:00,2026-06-16 14:08:04.063000+09:00,14,1,0,validation,0.06243809,0.01756191059947014,0.01756191059947014,0-0.5 km
VEH_09,VEH_09_AFTER_0658,After,2026-06-16 05:10:43.063000+00:00,2026-06-16 05:18:46+00:00,1.7076211,8.04895,15.159420289855072,45.0,12.66356543470316,1150.1323529411766,2002.0,465.2798028957403,0.0,0.2322742931081514,0.3,2.747,High,2026-06-16 05:10:43.063000+00:00,2026-06-16 14:10:43.063000+09:00,14,1,0,validation,0.2682598,0.031740206480026234,0.031740206480026234,1-5 km
VEH_03,VEH_03_AFTER_0220,After,2026-06-16 05:15:16.063000+00:00,2026-06-16 05:17:08+00:00,0.525725,1.8656166666666667,15.333333333333334,41.0,13.548267621934382,1114.053571428571,2125.75,513.1420993198549,0.0,0.0512885045796518,0.09,3.307,High,2026-06-16 05:15:16.063000+00:00,2026-06-16 14:15:16.063000+09:00,14,1,0,validation,0.068783544,0.021216455996036526,0.021216455996036526,0.5-1 km
VEH_08,VEH_08_AFTER_0407,After,2026-06-16 05:19:34.063000+00:00,2026-06-16 05:40:07+00:00,5.161127,20.54895,15.658227848101266,57.0,13.822460236371091,1275.0376712328766,2946.0,574.1473445365854,0.0,0.2505701310450461,0.86,3.21,High,2026-06-16 05:19:34.063000+00:00,2026-06-16 14:19:34.063000+09:00,14,1,0,validation,0.67347133,0.18652866840362547,0.18652866840362547,5-20 km
VEH_10,VEH_10_AFTER_0536,After,2026-06-16 05:30:26.063000+00:00,2026-06-16 05:44:21+00:00,6.3610144,13.915616666666669,29.864,65.0,16.794924947733467,1394.173202614379,3255.5,567.4819404003911,0.0065359477124183,0.1191810231973608,0.71,1.343,High,2026-06-16 05:30:26.063000+00:00,2026-06-16 14:30:26.063000+09:00,14,1,0,validation,0.67563236,0.03436764240264889,0.03436764240264889,5-20 km
VEH_01,VEH_01_AFTER_0639,After,2026-06-16 05:32:06.063000+00:00,2026-06-16 05:36:06+00:00,0.5675348,3.99895,12.827586206896552,24.0,7.095744064492128,1086.5875,1701.0,361.5698434863587,0.0,0.1555024485062469,0.1,1.707,High,2026-06-16 05:32:06.063000+00:00,2026-06-16 14:32:06.063000+09:00,14,1,0,validation,0.24016611,-0.14016611278057098,0.14016611278057098,0.5-1 km
VEH_09,VEH_09_AFTER_0659,After,2026-06-16 05:33:09.063000+00:00,2026-06-16 05:40:49.127000+00:00,2.1186488,7.667733333333333,17.533333333333335,57.0,17.676852409609328,1090.8416666666667,1723.5,403.3485077207496,0.0,0.1850694921094728,0.25,15.803,High,2026-06-16 05:33:09.063000+00:00,2026-06-16 14:33:09.063000+09:00,14,1,0,validation,0.38626406,-0.13626405596733093,0.13626405596733093,1-5 km
VEH_04,VEH_04_AFTER_0333,After,2026-06-16 05:38:50.127000+00:00,2026-06-16 05:40:24+00:00,0.2,1.56455,8.0,18.0,6.6932802122726045,1021.35,1490.5,314.7793711474753,0.0,0.0409463864223895,0.04,5.667,High,2026-06-16 05:38:50.127000+00:00,2026-06-16 14:38:50.127000+09:00,14,1,0,validation,0.08120631,-0.0412063068151474,0.0412063068151474,0-0.5 km
VEH_01,VEH_01_AFTER_0640,After,2026-06-16 05:41:10.063000+00:00,2026-06-16 05:50:21+00:00,1.4807094,9.182283333333334,12.844827586206897,43.0,12.206275554046286,1211.9391891891892,2021.5,453.5069519022469,0.0,0.0844563219450884,0.32,25.397,High,2026-06-16 05:41:10.063000+00:00,2026-06-16 14:41:10.063000+09:00,14,1,0,validation,0.26362935,0.05637065291404725,0.05637065291404725,1-5 km
VEH_08,VEH_08_AFTER_0408,After,2026-06-16 05:42:05.063000+00:00,2026-06-16 06:03:32+00:00,7.3685675,21.44895,19.924657534246577,56.0,16.896577272123906,1246.8758865248226,2578.0,525.9951338866559,0.0,0.1477971596744721,0.7000000000000001,3.183,High,2026-06-16 05:42:05.063000+00:00,2026-06-16 14:42:05.063000+09:00,14,1,0,validation,0.7462806,-0.04628061056137078,0.04628061056137078,5-20 km
VEH_03,VEH_03_AFTER_0221,After,2026-06-16 05:43:17.063000+00:00,2026-06-16 05:50:09+00:00,1.186285,6.865616666666667,17.058823529411764,41.0,13.393606558919544,1254.9593023255811,2174.75,538.4148540203416,0.0,0.2598663503839136,0.24,18.357,High,2026-06-16 05:43:17.063000+00:00,2026-06-16 14:43:17.063000+09:00,14,1,0,validation,0.27476257,-0.03476257085800172,0.03476257085800172,1-5 km
VEH_10,VEH_10_AFTER_0537,After,2026-06-16 05:45:26.063000+00:00,2026-06-16 05:53:14.063000+00:00,3.471923,7.8,26.04225352112676,52.0,12.679623911113309,1274.3446601941748,3819.0,557.2357967244191,0.0097087378640776,0.0707140332272888,0.36,0.37,High,2026-06-16 05:45:26.063000+00:00,2026-06-16 14:45:26.063000+09:00,14,1,0,validation,0.44019198,-0.08019198417663576,0.08019198417663576,1-5 km
VEH_09,VEH_09_AFTER_0660,After,2026-06-16 05:49:02.063000+00:00,2026-06-16 05:50:24.127000+00:00,0.17852908,1.3677333333333332,5.571428571428571,16.0,5.486532677049006,1064.09375,1626.25,367.8363668446032,0.0,0.1560496304635113,0.03,0.693,High,2026-06-16 05:49:02.063000+00:00,2026-06-16 14:49:02.063000+09:00,14,1,0,validation,0.20915142,-0.17915141701698303,0.17915141701698303,0-0.5 km
VEH_01,VEH_01_AFTER_0641,After,2026-06-16 05:54:17.063000+00:00,2026-06-16 06:02:53+00:00,4.2989454,8.59895,28.48936170212766,65.0,22.479184073579106,1125.0428571428572,2043.0,413.50831519413714,0.0,0.0910177242934519,0.34,2.34,High,2026-06-16 05:54:17.063000+00:00,2026-06-16 14:54:17.063000+09:00,14,1,0,validation,0.7848477,-0.4448476767539978,0.4448476767539978,1-5 km
VEH_03,VEH_03_AFTER_0222,After,2026-06-16 05:56:18+00:00,2026-06-16 05:57:25+00:00,0.28558278,1.1166666666666667,14.555555555555555,30.0,9.130061592966284,1110.25,1588.25,355.1714081491733,0.0,0.0170115332428765,0.05,6.983,High,2026-06-16 05:56:18+00:00,2026-06-16 14:56:18+09:00,14,1,0,validation,0.024677938,0.0253220621496439,0.0253220621496439,0-0.5 km
VEH_07,VEH_07_AFTER_0339,After,2026-06-16 05:57:13.063000+00:00,2026-06-16 05:59:43.063000+00:00,0.6131348,2.5,17.57894736842105,39.0,10.931922301578814,1116.9027777777778,2094.5,483.7037455555892,0.0,0.1887843442545937,0.08,0.674,High,2026-06-16 05:57:13.063000+00:00,2026-06-16 14:57:13.063000+09:00,14,1,0,validation,0.1226058,-0.04260580062866211,0.04260580062866211,0.5-1 km
VEH_10,VEH_10_AFTER_0538,After,2026-06-16 05:58:57.063000+00:00,2026-06-16 06:14:00+00:00,3.9588284,15.04895,18.0381679389313,54.0,14.193539321663687,1288.8684210526317,2623.0,566.7846644072874,0.0,0.2325093252239825,0.54,6.34,High,2026-06-16 05:58:57.063000+00:00,2026-06-16 14:58:57.063000+09:00,14,1,0,validation,0.63225204,-0.09225203752517697,0.09225203752517697,1-5 km
VEH_09,VEH_09_AFTER_0661,After,2026-06-16 05:59:52.063000+00:00,2026-06-16 06:02:38.063000+00:00,0.52628684,2.7666666666666666,10.6,25.0,8.46404158779953,1130.3295454545455,1925.25,417.56592012494673,0.0,0.0708530417200488,0.07,0.784,High,2026-06-16 05:59:52.063000+00:00,2026-06-16 14:59:52.063000+09:00,14,1,0,validation,0.09009557,-0.020095572173595422,0.020095572173595422,0.5-1 km
VEH_08,VEH_08_AFTER_0409,After,2026-06-16 06:05:57.063000+00:00,2026-06-16 06:20:04.127000+00:00,3.5377793,14.117733333333332,14.66279069767442,50.0,14.888430395910342,1226.0903614457832,2392.5,505.2087582625331,0.0,0.2556136079143363,0.38,15.876,High,2026-06-16 06:05:57.063000+00:00,2026-06-16 15:05:57.063000+09:00,15,1,0,validation,0.39803806,-0.018038059473037715,0.018038059473037715,1-5 km
VEH_09,VEH_09_AFTER_0662,After,2026-06-16 06:06:53.127000+00:00,2026-06-16 06:19:19+00:00,3.0775647,12.431216666666668,18.011494252873565,46.0,12.270415081526602,1153.61875,2114.25,459.41053599796504,0.0,0.1225385270453776,0.42,18.547,High,2026-06-16 06:06:53.127000+00:00,2026-06-16 15:06:53.127000+09:00,15,1,0,validation,0.42073965,-0.0007396507263183749,0.0007396507263183749,1-5 km
VEH_01,VEH_01_AFTER_0642,After,2026-06-16 06:09:13.063000+00:00,2026-06-16 06:14:26+00:00,1.9286966,5.215616666666667,18.25,52.0,15.419143945109274,1128.575,1849.5,402.52985991724887,0.0,0.1544739203940639,0.2,3.563,High,2026-06-16 06:09:13.063000+00:00,2026-06-16 15:09:13.063000+09:00,15,1,0,validation,0.27645928,-0.07645927667617797,0.07645927667617797,1-5 km
VEH_04,VEH_04_AFTER_0334,After,2026-06-16 06:10:01.063000+00:00,2026-06-16 06:17:38+00:00,0.8314663,7.615616666666667,12.06896551724138,45.0,11.39700818116621,1218.3,2360.5,511.955476579751,0.0,0.3682707005571379,0.24,5.483,High,2026-06-16 06:10:01.063000+00:00,2026-06-16 15:10:01.063000+09:00,15,1,0,validation,0.25313362,-0.013133624792099008,0.013133624792099008,0.5-1 km
VEH_05,VEH_05_AFTER_0327,After,2026-06-16 06:13:02.063000+00:00,2026-06-16 06:18:56+00:00,2.9239733,5.89895,26.977777777777774,75.0,22.75813787431153,1188.6363636363635,1821.5,492.2650208202289,0.0,0.0362366790245435,1.44,5.247,High,2026-06-16 06:13:02.063000+00:00,2026-06-16 15:13:02.063000+09:00,15,1,0,validation,0.5869687,0.8530312800407409,0.8530312800407409,1-5 km
VEH_01,VEH_01_AFTER_0643,After,2026-06-16 06:19:10.127000+00:00,2026-06-16 06:34:21.127000+00:00,3.9435236,15.183333333333334,18.848837209302324,55.0,17.596588888429,1168.9342105263158,2045.75,457.0520972222466,0.0,0.2728866650160361,0.52,0.463,High,2026-06-16 06:19:10.127000+00:00,2026-06-16 15:19:10.127000+09:00,15,1,0,validation,0.63016313,-0.11016313314437864,0.11016313314437864,1-5 km
VEH_09,VEH_09_AFTER_0663,After,2026-06-16 06:25:11.063000+00:00,2026-06-16 06:40:11+00:00,4.925817,14.99895,19.078260869565216,62.0,15.91507233443216,1184.3033707865168,2281.5,482.8910732081754,0.0,0.1310962594306177,0.63,18.29,High,2026-06-16 06:25:11.063000+00:00,2026-06-16 15:25:11.063000+09:00,15,1,0,validation,0.63578814,-0.005788142681121822,0.005788142681121822,1-5 km
VEH_04,VEH_04_AFTER_0335,After,2026-06-16 06:25:36.063000+00:00,2026-06-16 06:27:19+00:00,0.2,1.7156166666666666,7.266666666666667,19.0,6.567258856546535,999.4,1606.5,361.4934854184789,0.0,0.1181344301883828,0.04,4.733,High,2026-06-16 06:25:36.063000+00:00,2026-06-16 15:25:36.063000+09:00,15,1,0,validation,0.50257945,-0.4625794506072998,0.4625794506072998,0-0.5 km
VEH_10,VEH_10_AFTER_0539,After,2026-06-16 06:32:32.063000+00:00,2026-06-16 06:40:34.063000+00:00,2.1108003,8.033333333333333,20.285714285714285,61.0,18.98205382320203,1398.1153846153843,3127.75,666.239936172979,0.0384615384615384,0.3399041410171957,0.32,0.577,High,2026-06-16 06:32:32.063000+00:00,2026-06-16 15:32:32.063000+09:00,15,1,0,validation,0.39901823,-0.07901822805404662,0.07901822805404662,1-5 km
VEH_07,VEH_07_AFTER_0341,After,2026-06-16 06:36:49+00:00,2026-06-16 06:38:57+00:00,0.30702302,2.1333333333333333,6.214285714285714,32.0,9.405003010773203,1299.7,1746.25,440.7528048691239,0.0,0.1176604308465828,0.47,7.577,High,2026-06-16 06:36:49+00:00,2026-06-16 15:36:49+09:00,15,1,0,validation,0.09791785,0.3720821526646614,0.3720821526646614,0-0.5 km
VEH_08,VEH_08_AFTER_0410,After,2026-06-16 06:37:47.127000+00:00,2026-06-16 06:39:18+00:00,0.21054757,1.51455,7.461538461538462,32.0,11.021764375127445,1042.321428571429,1873.5,400.3997715294257,0.0,0.1679658314096773,0.04,3.27,High,2026-06-16 06:37:47.127000+00:00,2026-06-16 15:37:47.127000+09:00,15,1,0,validation,0.043617725,-0.0036177253723144523,0.0036177253723144523,0-0.5 km
VEH_01,VEH_01_AFTER_0644,After,2026-06-16 06:38:19.063000+00:00,2026-06-16 06:48:29+00:00,1.755219,10.165616666666669,10.685185185185183,45.0,11.98274078904982,1112.5238095238096,1913.25,397.4956491582937,0.0,0.1460667680466421,0.29,3.87,High,2026-06-16 06:38:19.063000+00:00,2026-06-16 15:38:19.063000+09:00,15,1,0,validation,0.24576281,0.04423718988895414,0.04423718988895414,1-5 km
VEH_09,VEH_09_AFTER_0664,After,2026-06-16 06:45:09.063000+00:00,2026-06-16 06:50:06+00:00,1.1232901,4.94895,15.11111111111111,39.0,11.762883664253652,1121.1083333333331,1997.5,398.8511088287068,0.0,0.1695064232589587,0.14,2.86,High,2026-06-16 06:45:09.063000+00:00,2026-06-16 15:45:09.063000+09:00,15,1,0,validation,0.17779994,-0.037799940109252916,0.037799940109252916,1-5 km
VEH_10,VEH_10_AFTER_0540,After,2026-06-16 06:47:05.127000+00:00,2026-06-16 06:52:39+00:00,0.94326764,5.56455,14.333333333333334,41.0,14.260416442873716,1380.8597560975609,2617.75,645.0936239688829,0.0,0.3929588063998954,0.17,0.733,High,2026-06-16 06:47:05.127000+00:00,2026-06-16 15:47:05.127000+09:00,15,1,0,validation,0.24576637,-0.07576637148857115,0.07576637148857115,0.5-1 km
VEH_09,VEH_09_AFTER_0665,After,2026-06-16 06:51:21.063000+00:00,2026-06-16 06:58:13+00:00,2.0965157,6.865616666666667,16.833333333333332,45.0,13.475286020464774,1117.5531914893618,1853.5,411.2922258480045,0.0,0.1203927376726845,0.21,18.423,High,2026-06-16 06:51:21.063000+00:00,2026-06-16 15:51:21.063000+09:00,15,1,0,validation,0.36638796,-0.15638796329498292,0.15638796329498292,1-5 km
VEH_04,VEH_04_AFTER_0337,After,2026-06-16 06:55:01+00:00,2026-06-16 06:58:56+00:00,0.533327,3.9166666666666665,12.97222222222222,42.0,10.581656326742234,1162.470588235294,2189.5,476.8818287025758,0.0,0.1466569354904107,0.36,5.313,High,2026-06-16 06:55:01+00:00,2026-06-16 15:55:01+09:00,15,1,0,validation,0.13100713,0.2289928650856018,0.2289928650856018,0.5-1 km
VEH_07,VEH_07_AFTER_0343,After,2026-06-16 06:57:25+00:00,2026-06-16 07:20:46+00:00,10.270323,23.35,28.486238532110093,68.0,21.533253430045164,1219.1013513513512,2100.5,443.93348874646335,0.0,0.0977640022277647,1.41,18.047,High,2026-06-16 06:57:25+00:00,2026-06-16 15:57:25+09:00,15,1,0,validation,1.1246653,0.2853347396850585,0.2853347396850585,5-20 km
VEH_10,VEH_10_AFTER_0541,After,2026-06-16 07:01:04.063000+00:00,2026-06-16 07:10:12.127000+00:00,2.9264436,9.1344,25.142857142857142,55.0,16.66914947493384,1417.1867816091954,2917.75,633.8248768009277,0.0,0.1935442574981711,0.38,15.8,High,2026-06-16 07:01:04.063000+00:00,2026-06-16 16:01:04.063000+09:00,16,1,0,validation,0.44499692,-0.06499692320823669,0.06499692320823669,1-5 km
VEH_09,VEH_09_AFTER_0666,After,2026-06-16 07:02:54.127000+00:00,2026-06-16 07:06:21+00:00,0.14672974,3.447883333333333,6.75,17.0,5.8956703241810064,1033.5277777777778,1751.25,415.9620115608256,0.0,0.0682056284093782,0.1,18.273,High,2026-06-16 07:02:54.127000+00:00,2026-06-16 16:02:54.127000+09:00,16,1,0,validation,0.1934607,-0.09346070289611816,0.09346070289611816,0-0.5 km
VEH_09,VEH_09_AFTER_0667,After,2026-06-16 07:07:34.127000+00:00,2026-06-16 07:12:27+00:00,0.40531754,4.881216666666666,10.65,33.0,7.627417649506286,1109.611111111111,1816.75,412.9955627806953,0.0,0.0278394661622977,0.14,21.023,High,2026-06-16 07:07:34.127000+00:00,2026-06-16 16:07:34.127000+09:00,16,1,0,validation,0.20640548,-0.06640547573566435,0.06640547573566435,0-0.5 km
VEH_10,VEH_10_AFTER_0542,After,2026-06-16 07:13:39.063000+00:00,2026-06-16 07:28:22.063000+00:00,9.029578,14.716666666666669,34.54385964912281,98.0,27.519415905316293,1440.2132867132866,2883.25,619.2383997843797,0.0,0.078996545408175,1.11,0.784,High,2026-06-16 07:13:39.063000+00:00,2026-06-16 16:13:39.063000+09:00,16,1,0,validation,1.2063578,-0.09635783672332754,0.09635783672332754,5-20 km
VEH_09,VEH_09_AFTER_0668,After,2026-06-16 07:15:20.063000+00:00,2026-06-16 07:26:55+00:00,3.0040433,11.582283333333333,18.27027027027027,59.0,18.629602494850584,1296.4375,2127.5,512.3199427821656,0.0,0.1961968568866823,0.58,1.34,High,2026-06-16 07:15:20.063000+00:00,2026-06-16 16:15:20.063000+09:00,16,1,0,validation,0.42415857,0.1558414268493652,0.1558414268493652,1-5 km
VEH_01,VEH_01_AFTER_0646,After,2026-06-16 07:27:16.063000+00:00,2026-06-16 07:29:28+00:00,0.113054745,2.1989500000000004,3.7777777777777777,13.0,5.028314888437671,957.5,1370.5,292.04908263281135,0.0,0.4192696323005325,0.05,6.907,High,2026-06-16 07:27:16.063000+00:00,2026-06-16 16:27:16.063000+09:00,16,1,0,validation,0.3405668,-0.2905668139457703,0.2905668139457703,0-0.5 km
VEH_04,VEH_04_AFTER_0339,After,2026-06-16 07:30:12.063000+00:00,2026-06-16 07:33:59.063000+00:00,0.9142969,3.783333333333333,14.6875,39.0,13.989812141340568,1165.8333333333333,2146.5,499.951253179303,0.0,0.1984020057459983,0.14,2.894,High,2026-06-16 07:30:12.063000+00:00,2026-06-16 16:30:12.063000+09:00,16,1,0,validation,0.15978336,-0.019783363342285143,0.019783363342285143,0.5-1 km
VEH_10,VEH_10_AFTER_0543,After,2026-06-16 07:32:41.063000+00:00,2026-06-16 07:42:30+00:00,3.1969929,9.815616666666669,22.21951219512195,73.0,18.826566847788303,1326.1895604395604,2552.75,579.365785475831,0.0,0.1273414442533494,0.39,16.68,High,2026-06-16 07:32:41.063000+00:00,2026-06-16 16:32:41.063000+09:00,16,1,0,validation,0.4268458,-0.03684578895568846,0.03684578895568846,1-5 km
VEH_09,VEH_09_AFTER_0670,After,2026-06-16 07:47:02+00:00,2026-06-16 08:01:01+00:00,3.0003176,13.983333333333333,17.080459770114942,58.0,15.526187289306876,1131.3933333333334,1947.0,491.0345917436865,0.0,0.1879680893348397,1.08,18.757,High,2026-06-16 07:47:02+00:00,2026-06-16 16:47:02+09:00,16,1,0,validation,0.42073965,0.6592603492736817,0.6592603492736817,1-5 km
VEH_01,VEH_01_AFTER_0647,After,2026-06-16 07:51:15.063000+00:00,2026-06-16 08:04:45+00:00,3.5394866,13.49895,17.25,58.0,16.098524777134084,1171.342741935484,2582.75,486.2233702673028,0.0,0.2067332654883797,0.49,2.217,High,2026-06-16 07:51:15.063000+00:00,2026-06-16 16:51:15.063000+09:00,16,1,0,validation,0.4220697,0.06793030142784118,0.06793030142784118,1-5 km
VEH_04,VEH_04_AFTER_0340,After,2026-06-16 07:53:00.127000+00:00,2026-06-16 08:30:53+00:00,24.930044,37.88121666666667,37.89256198347107,93.0,29.630591086695933,1369.6263157894737,3148.0,617.169790117594,0.0105263157894736,0.1779216172200495,2.52,5.05,High,2026-06-16 07:53:00.127000+00:00,2026-06-16 16:53:00.127000+09:00,16,1,0,validation,2.5278337,-0.007833700180053693,0.007833700180053693,20-50 km
VEH_03,VEH_03_AFTER_0224,After,2026-06-16 07:54:27+00:00,2026-06-16 08:27:58+00:00,22.252808,33.516666666666666,35.66836734693877,98.0,24.266740894915714,1278.334586466165,2249.0,485.58023473745936,0.0,0.0496462708830165,3.21,21.477,High,2026-06-16 07:54:27+00:00,2026-06-16 16:54:27+09:00,16,1,0,validation,2.1756392,1.0343608474731445,1.0343608474731445,20-50 km
VEH_10,VEH_10_AFTER_0546,After,2026-06-16 08:35:37.063000+00:00,2026-06-16 08:57:00+00:00,5.690834,21.38228333333333,24.77914110429448,65.0,16.793595236877945,1333.263966480447,2859.0,613.1092032063572,0.0,0.2287586769298089,0.93,17.003,High,2026-06-16 08:35:37.063000+00:00,2026-06-16 17:35:37.063000+09:00,17,1,0,validation,0.74938303,0.18061696767807012,0.18061696767807012,5-20 km
VEH_12,VEH_12_AFTER_0473,After,2026-06-16 08:37:19.063000+00:00,2026-06-16 09:16:51+00:00,40.790154,39.53228333333333,44.4,89.0,29.420833682026323,1062.3984375,1717.5,418.7989050704211,0.0,0.1143784422979286,9.29,14.903,High,2026-06-16 08:37:19.063000+00:00,2026-06-16 17:37:19.063000+09:00,17,1,0,validation,9.794897,-0.5048970794677743,0.5048970794677743,20-50 km
VEH_11,VEH_11_AFTER_0230,After,2026-06-16 08:45:20+00:00,2026-06-16 10:32:35+00:00,86.94811,107.25,37.96860986547085,92.0,25.910572341306416,1089.4894957983192,1673.75,371.85028696919613,0.0,0.0184952351937903,20.79,10.323,High,2026-06-16 08:45:20+00:00,2026-06-16 17:45:20+09:00,17,1,0,validation,23.938623,-3.1486234283447274,3.1486234283447274,50+ km
VEH_06,VEH_06_AFTER_0535,After,2026-06-16 09:02:14.063000+00:00,2026-06-16 10:41:31.063000+00:00,79.854095,99.28333333333332,37.333333333333336,96.0,27.530887353191257,1086.9823008849555,1971.5,394.393212826881,0.0,0.0999346686308777,20.72,0.514,High,2026-06-16 09:02:14.063000+00:00,2026-06-16 18:02:14.063000+09:00,18,1,0,validation,20.438572,0.28142807006835824,0.28142807006835824,50+ km
VEH_12,VEH_12_AFTER_0476,After,2026-06-16 10:25:10.063000+00:00,2026-06-16 11:05:06+00:00,42.591877,39.93228333333333,41.494949494949495,89.0,30.25560261577868,1109.4107142857142,1786.75,411.07961740943784,0.0,0.1212398220885725,10.34,18.637,High,2026-06-16 10:25:10.063000+00:00,2026-06-16 19:25:10.063000+09:00,19,1,0,validation,12.0198,-1.6798001861572267,1.6798001861572267,20-50 km
VEH_11,VEH_11_AFTER_0233,After,2026-06-16 10:45:23.593000+00:00,2026-06-16 10:47:46+00:00,0.6664515,2.37345,12.72,37.0,12.177093249211817,845.75,1489.75,474.5371758355714,0.0,0.0861035975739224,0.27,20.87,High,2026-06-16 10:45:23.593000+00:00,2026-06-16 19:45:23.593000+09:00,19,1,0,validation,-0.06233061,0.33233061105012895,0.33233061105012895,0.5-1 km
VEH_06,VEH_06_AFTER_0536,After,2026-06-16 10:47:09.063000+00:00,2026-06-16 10:54:05+00:00,2.9259431,6.932283333333333,20.863636363636363,61.0,19.34917300216649,1078.0681818181818,1642.75,410.3528566272553,0.0,0.061803333894595,0.99,29.56,High,2026-06-16 10:47:09.063000+00:00,2026-06-16 19:47:09.063000+09:00,19,1,0,validation,0.8426286,0.1473714017868042,0.1473714017868042,1-5 km
VEH_12,VEH_12_AFTER_0477,After,2026-06-16 11:09:40.063000+00:00,2026-06-16 11:12:04+00:00,0.47071698,2.39895,8.166666666666666,29.0,9.044642367476756,922.1666666666666,1468.5,443.9152900297784,0.0,0.1027718108646704,0.22,27.673,High,2026-06-16 11:09:40.063000+00:00,2026-06-16 20:09:40.063000+09:00,20,1,0,validation,0.16408806,0.05591194450855255,0.05591194450855255,0-0.5 km
VEH_06,VEH_06_AFTER_0541,After,2026-06-16 15:34:05+00:00,2026-06-16 16:12:53+00:00,42.500153,38.8,43.93577981651376,89.0,28.56194787814236,1175.6363636363635,1636.25,389.1607865247924,0.0,0.0267539387628395,12.94,18.223,High,2026-06-16 15:34:05+00:00,2026-06-17 00:34:05+09:00,0,2,0,validation,13.319518,-0.3795180892944341,0.3795180892944341,20-50 km
VEH_12,VEH_12_AFTER_0480,After,2026-06-16 15:42:03.063000+00:00,2026-06-16 16:32:58.063000+00:00,62.52818,50.916666666666664,39.14942528735632,91.0,31.136159536850204,1062.3863636363635,1703.25,397.3840935022375,0.0,0.1062094210577015,16.1,0.34,High,2026-06-16 15:42:03.063000+00:00,2026-06-17 00:42:03.063000+09:00,0,2,0,validation,16.37077,-0.27076950073242045,0.27076950073242045,50+ km
VEH_06,VEH_06_AFTER_0543,After,2026-06-16 16:47:37+00:00,2026-06-16 17:20:15+00:00,31.635149,32.63333333333333,37.744897959183675,89.0,30.736308126293984,1045.4166666666667,1817.0,407.0366093963649,0.0,0.1588844565476446,7.32,4.903,High,2026-06-16 16:47:37+00:00,2026-06-17 01:47:37+09:00,1,2,0,validation,7.2153916,0.1046083641052249,0.1046083641052249,20-50 km
VEH_12,VEH_12_AFTER_0481,After,2026-06-16 16:48:29.063000+00:00,2026-06-16 17:15:01+00:00,18.905893,26.532283333333332,33.02150537634409,79.0,25.092507768673475,1099.5,1854.25,405.580663052893,0.0,0.0770014174114388,5.07,4.04,High,2026-06-16 16:48:29.063000+00:00,2026-06-17 01:48:29.063000+09:00,1,2,0,validation,6.601766,-1.5317661094665525,1.5317661094665525,5-20 km
VEH_05,VEH_05_AFTER_0339,After,2026-06-16 17:23:54.063000+00:00,2026-06-16 18:28:37+00:00,76.77497,64.71561666666666,52.0625,100.0,31.52492813235266,1098.900462962963,1808.0,424.5331926284495,0.0,0.0457504877328781,17.72,22.257,High,2026-06-16 17:23:54.063000+00:00,2026-06-17 02:23:54.063000+09:00,2,2,0,validation,18.286386,-0.5663864898681652,0.5663864898681652,50+ km
VEH_12,VEH_12_AFTER_0484,After,2026-06-16 17:34:48.063000+00:00,2026-06-16 18:17:03+00:00,39.901398,42.24895,37.10655737704918,91.0,30.75599565086808,1018.9583333333334,1955.25,414.1866079203377,0.0,0.1033946711977152,9.59,4.397,High,2026-06-16 17:34:48.063000+00:00,2026-06-17 02:34:48.063000+09:00,2,2,0,validation,8.699343,0.890657272338867,0.890657272338867,20-50 km
VEH_06,VEH_06_AFTER_0544,After,2026-06-16 17:50:54.063000+00:00,2026-06-16 18:47:12+00:00,67.14751,56.29895,54.94444444444444,90.0,29.219528815460578,1127.5472972972973,1757.0,420.2011175400234,0.0,0.0497220924971023,14.56,4.677,High,2026-06-16 17:50:54.063000+00:00,2026-06-17 02:50:54.063000+09:00,2,2,0,validation,14.936893,-0.3768934631347651,0.3768934631347651,50+ km
VEH_06,VEH_06_AFTER_0546,After,2026-06-16 19:38:26+00:00,2026-06-16 20:09:39+00:00,32.389744,31.216666666666665,41.354838709677416,95.0,32.68796600812261,1086.3125,1842.25,437.1293027740762,0.0,0.1203635516414967,9.33,9.427,High,2026-06-16 19:38:26+00:00,2026-06-17 04:38:26+09:00,4,2,0,validation,8.7907505,0.539249496459961,0.539249496459961,20-50 km
VEH_06,VEH_06_AFTER_0548,After,2026-06-16 20:55:29+00:00,2026-06-16 21:31:55+00:00,32.773746,36.43333333333333,42.02068965517241,89.0,32.64595216298376,1052.4814814814815,1545.0,373.910490910084,0.0,0.0793603841619759,7.84,20.273,High,2026-06-16 20:55:29+00:00,2026-06-17 05:55:29+09:00,5,2,0,validation,8.55518,-0.7151795959472658,0.7151795959472658,20-50 km
VEH_06,VEH_06_AFTER_0549,After,2026-06-17 00:12:44.063000+00:00,2026-06-17 00:56:07.127000+00:00,41.138332,43.3844,38.01851851851852,89.0,30.359262873950954,1125.5058139534883,1827.25,450.9630376243792,0.0,0.1996584929798361,10.54,0.716,High,2026-06-17 00:12:44.063000+00:00,2026-06-17 09:12:44.063000+09:00,9,2,0,validation,10.884206,-0.3442058181762704,0.3442058181762704,20-50 km
VEH_05,VEH_05_AFTER_0340,After,2026-06-17 00:13:04+00:00,2026-06-17 01:46:56.063000+00:00,77.888824,93.86771666666668,41.687872763419485,94.0,26.976242991419703,1169.960606060606,1865.25,429.344162428877,0.0,0.0682908922443915,23.56,0.797,High,2026-06-17 00:13:04+00:00,2026-06-17 09:13:04+09:00,9,2,0,validation,20.617928,2.9420724487304675,2.9420724487304675,50+ km
VEH_09,VEH_09_AFTER_0673,After,2026-06-17 00:51:38.063000+00:00,2026-06-17 01:01:21+00:00,1.3995748,9.715616666666667,19.271604938271604,58.0,14.717934256620316,1225.6366279069769,2644.0,520.3821265579311,0.0,0.1218554249313005,0.34,17.48,High,2026-06-17 00:51:38.063000+00:00,2026-06-17 09:51:38.063000+09:00,9,2,0,validation,0.30548137,0.0345186257362366,0.0345186257362366,1-5 km
VEH_09,VEH_09_AFTER_0674,After,2026-06-17 01:07:35.063000+00:00,2026-06-17 01:13:00.063000+00:00,1.3900133,5.416666666666667,15.952380952380953,57.0,16.471648148979025,1234.9342105263158,2427.0,541.4332719701538,0.0,0.1676246363263328,0.31,0.077,High,2026-06-17 01:07:35.063000+00:00,2026-06-17 10:07:35.063000+09:00,10,2,0,validation,0.2669895,0.04301050066947937,0.04301050066947937,1-5 km
VEH_09,VEH_09_AFTER_0675,After,2026-06-17 01:14:33.063000+00:00,2026-06-17 01:22:20+00:00,3.6170278,7.782283333333334,28.119402985074625,72.0,20.757679670792083,1363.4433333333334,3042.0,631.660576804417,0.0133333333333333,0.1404975450081833,0.5700000000000001,1.777,High,2026-06-17 01:14:33.063000+00:00,2026-06-17 10:14:33.063000+09:00,10,2,0,validation,0.4395586,0.13044140458107,0.13044140458107,1-5 km
VEH_09,VEH_09_AFTER_0676,After,2026-06-17 01:32:16.063000+00:00,2026-06-17 01:43:39+00:00,4.248058,11.382283333333334,23.98901098901099,66.0,17.876557493350504,1223.071428571429,2703.5,486.62366682298233,0.0,0.045970913314821,0.48,17.81,High,2026-06-17 01:32:16.063000+00:00,2026-06-17 10:32:16.063000+09:00,10,2,0,validation,0.6139195,-0.1339194965362549,0.1339194965362549,1-5 km
VEH_11,VEH_11_AFTER_0236,After,2026-06-17 01:36:52.833000+00:00,2026-06-17 02:45:54+00:00,70.50505,69.01945,43.404761904761905,88.0,25.508970899898767,1030.8525641025642,1586.25,390.73536735381106,0.0,0.0210963035078225,14.84,5.377,High,2026-06-17 01:36:52.833000+00:00,2026-06-17 10:36:52.833000+09:00,10,2,0,validation,14.885379,-0.04537883758544936,0.04537883758544936,50+ km
VEH_03,VEH_03_AFTER_0225,After,2026-06-17 01:45:00.063000+00:00,2026-06-17 02:21:48+00:00,23.60427,36.79895,36.16326530612245,90.0,27.59277259613208,1265.576923076923,2239.5,468.05545463412216,0.0,0.1426136567512289,2.07,3.43,High,2026-06-17 01:45:00.063000+00:00,2026-06-17 10:45:00.063000+09:00,10,2,0,validation,2.2100554,-0.14005535125732438,0.14005535125732438,20-50 km
VEH_04,VEH_04_AFTER_0344,After,2026-06-17 01:47:55.063000+00:00,2026-06-17 02:17:18+00:00,23.009304,29.38228333333333,42.59,126.0,38.010812935268824,1563.4407216494844,3975.5,808.9652725597846,0.0618556701030927,0.1909263926919868,3.09,10.05,High,2026-06-17 01:47:55.063000+00:00,2026-06-17 10:47:55.063000+09:00,10,2,0,validation,2.6130304,0.4769695663452147,0.4769695663452147,20-50 km
VEH_01,VEH_01_AFTER_0651,After,2026-06-17 01:49:18.063000+00:00,2026-06-17 02:37:52+00:00,31.007584,48.56561666666666,34.16289592760181,98.0,30.049742753930595,1231.5192307692307,2394.25,487.8065857710722,0.0,0.1136423999985001,2.93,1.147,High,2026-06-17 01:49:18.063000+00:00,2026-06-17 10:49:18.063000+09:00,10,2,0,validation,2.8746085,0.055391483306884925,0.055391483306884925,20-50 km
VEH_09,VEH_09_AFTER_0677,After,2026-06-17 01:53:12.063000+00:00,2026-06-17 02:06:57.063000+00:00,3.4539962,13.75,18.897727272727273,67.0,16.92163742125829,1220.3048780487804,2818.5,530.7427320257489,0.0,0.1663076644115697,0.43,0.054,High,2026-06-17 01:53:12.063000+00:00,2026-06-17 10:53:12.063000+09:00,10,2,0,validation,0.4217633,0.008236699104309075,0.008236699104309075,1-5 km
VEH_10,VEH_10_AFTER_0552,After,2026-06-17 01:54:28.063000+00:00,2026-06-17 02:14:35+00:00,8.51425,20.115616666666664,30.594827586206897,86.0,23.96692348888354,1385.936274509804,3123.5,621.0732179199915,0.0098039215686274,0.1774832571821994,0.93,1.957,High,2026-06-17 01:54:28.063000+00:00,2026-06-17 10:54:28.063000+09:00,10,2,0,validation,1.183733,-0.25373298645019526,0.25373298645019526,5-20 km
VEH_02,VEH_02_AFTER_0317,After,2026-06-17 01:54:31.063000+00:00,2026-06-17 01:55:07.127000+00:00,0.11550585,0.6010666666666666,13.875,42.0,15.21050212846374,1261.0625,2739.25,854.1361933080403,0.0,0.0266827336891031,0.04,0.18,High,2026-06-17 01:54:31.063000+00:00,2026-06-17 10:54:31.063000+09:00,10,2,0,validation,0.10031429,-0.060314289331436156,0.060314289331436156,0-0.5 km
VEH_08,VEH_08_AFTER_0415,After,2026-06-17 01:55:33.063000+00:00,2026-06-17 02:27:02+00:00,26.677063,31.48228333333333,48.027472527472526,98.0,29.280461046684152,1353.3947368421052,2565.0,580.0376075201613,0.0,0.126294585591166,2.12,7.8,High,2026-06-17 01:55:33.063000+00:00,2026-06-17 10:55:33.063000+09:00,10,2,0,validation,2.3886623,-0.26866233825683583,0.26866233825683583,20-50 km
VEH_02,VEH_02_AFTER_0318,After,2026-06-17 01:56:22.063000+00:00,2026-06-17 02:05:57+00:00,2.881639,9.582283333333333,24.151162790697676,64.0,17.100603444989932,1354.6410256410256,2881.5,614.5656015561252,0.0,0.1818663305345525,0.55,4.263,High,2026-06-17 01:56:22.063000+00:00,2026-06-17 10:56:22.063000+09:00,10,2,0,validation,0.43035927,0.119640725851059,0.119640725851059,1-5 km
VEH_02,VEH_02_AFTER_0319,After,2026-06-17 02:07:45.063000+00:00,2026-06-17 02:26:13+00:00,8.192452,18.465616666666666,27.460176991150444,73.0,21.869296130488756,1462.6878698224853,3227.25,582.2417042817611,0.0059171597633136,0.1782735740255173,1.18,18.047,High,2026-06-17 02:07:45.063000+00:00,2026-06-17 11:07:45.063000+09:00,11,2,0,validation,1.084411,0.09558897495269769,0.09558897495269769,5-20 km
VEH_10,VEH_10_AFTER_0553,After,2026-06-17 02:16:24.063000+00:00,2026-06-17 02:18:32+00:00,0.9527583,2.132283333333333,24.55,48.0,14.954848712039851,1257.595238095238,2070.75,498.5151074523987,0.0,0.0,0.09,1.703,High,2026-06-17 02:16:24.063000+00:00,2026-06-17 11:16:24.063000+09:00,11,2,0,validation,0.10477958,-0.014779578745365146,0.014779578745365146,0.5-1 km
VEH_09,VEH_09_AFTER_0678,After,2026-06-17 02:19:34.063000+00:00,2026-06-17 02:20:02+00:00,0.15368982,0.4656166666666667,14.444444444444445,29.0,12.120791238484127,1271.725,2099.25,559.662045903597,0.0,0.0536114273124518,0.01,1.527,High,2026-06-17 02:19:34.063000+00:00,2026-06-17 11:19:34.063000+09:00,11,2,0,validation,0.018510198,-0.008510198220610618,0.008510198220610618,0-0.5 km
VEH_04,VEH_04_AFTER_0345,After,2026-06-17 02:19:44.063000+00:00,2026-06-17 02:32:28+00:00,3.4086592,12.732283333333331,20.58252427184466,77.0,20.458114572962945,1453.5309278350514,3747.0,773.6213837758246,0.0515463917525773,0.2762597538739839,0.59,7.917,High,2026-06-17 02:19:44.063000+00:00,2026-06-17 11:19:44.063000+09:00,11,2,0,validation,0.51181424,0.0781857633590698,0.0781857633590698,1-5 km
VEH_09,VEH_09_AFTER_0679,After,2026-06-17 02:24:00.063000+00:00,2026-06-17 02:32:59+00:00,2.6578634,8.982283333333333,24.918032786885245,75.0,19.54087358314279,1290.96875,2621.0,595.3115854651768,0.0,0.2184181129607934,0.38,1.81,High,2026-06-17 02:24:00.063000+00:00,2026-06-17 11:24:00.063000+09:00,11,2,0,validation,0.42509338,-0.0450933825969696,0.0450933825969696,1-5 km
VEH_10,VEH_10_AFTER_0555,After,2026-06-17 02:24:33.063000+00:00,2026-06-17 02:35:12+00:00,3.3023841,10.64895,21.291666666666668,57.0,14.96146670988881,1216.4638554216867,2453.25,520.7427838063054,0.0,0.1688220694461692,0.35,3.027,High,2026-06-17 02:24:33.063000+00:00,2026-06-17 11:24:33.063000+09:00,11,2,0,validation,0.42560944,-0.07560943961143496,0.07560943961143496,1-5 km
VEH_02,VEH_02_AFTER_0320,After,2026-06-17 02:29:15.063000+00:00,2026-06-17 02:36:34.127000+00:00,0.9726935,7.317733333333334,11.789473684210526,50.0,12.566645970626446,1256.5,2651.0,547.1326964274755,0.0,0.2278080649714152,0.27,16.093,High,2026-06-17 02:29:15.063000+00:00,2026-06-17 11:29:15.063000+09:00,11,2,0,validation,0.25042453,0.019575465917587298,0.019575465917587298,0.5-1 km
VEH_08,VEH_08_AFTER_0416,After,2026-06-17 02:30:06.063000+00:00,2026-06-17 02:59:03+00:00,25.254974,28.94895,39.85806451612903,94.0,32.13247552478141,1361.2685185185185,2617.25,543.1495865988453,0.0,0.1502226463104325,1.93,4.267,High,2026-06-17 02:30:06.063000+00:00,2026-06-17 11:30:06.063000+09:00,11,2,0,validation,2.2611973,-0.33119732856750494,0.33119732856750494,20-50 km
VEH_09,VEH_09_AFTER_0680,After,2026-06-17 02:34:52.063000+00:00,2026-06-17 02:42:33+00:00,1.3695152,7.682283333333333,14.303030303030305,51.0,10.969613259349108,1188.0625,2183.75,499.91685019959755,0.0,0.1875398293821796,0.27,16.973,High,2026-06-17 02:34:52.063000+00:00,2026-06-17 11:34:52.063000+09:00,11,2,0,validation,0.26928344,0.0007165563106537043,0.0007165563106537043,1-5 km
VEH_04,VEH_04_AFTER_0346,After,2026-06-17 02:38:37.063000+00:00,2026-06-17 02:43:33.127000+00:00,2.059429,4.9344,21.533333333333335,62.0,19.780012358158142,1530.5263157894738,3786.0,791.1246695234145,0.0526315789473684,0.1236938393177191,0.37,0.72,High,2026-06-17 02:38:37.063000+00:00,2026-06-17 11:38:37.063000+09:00,11,2,0,validation,0.34769082,0.02230917930603027,0.02230917930603027,1-5 km
VEH_01,VEH_01_AFTER_0652,After,2026-06-17 02:40:29.063000+00:00,2026-06-17 02:42:46+00:00,0.32734615,2.2822833333333334,9.117647058823527,24.0,8.435794554029007,1041.2,1949.25,419.5534749389324,0.0,0.2338754164919791,0.07,1.273,High,2026-06-17 02:40:29.063000+00:00,2026-06-17 11:40:29.063000+09:00,11,2,0,validation,0.1087043,-0.03870429873466491,0.03870429873466491,0-0.5 km
VEH_10,VEH_10_AFTER_0556,After,2026-06-17 02:41:41.063000+00:00,2026-06-17 02:42:02.063000+00:00,0.10858573,0.35,10.75,26.0,10.520812706250409,1072.5,1970.0,519.0127647755882,0.0,0.1280397022332506,0.01,0.637,High,2026-06-17 02:41:41.063000+00:00,2026-06-17 11:41:41.063000+09:00,11,2,0,validation,0.044202548,-0.03420254752039909,0.03420254752039909,0-0.5 km
VEH_04,VEH_04_AFTER_0347,After,2026-06-17 02:45:33.063000+00:00,2026-06-17 03:21:31+00:00,24.670017,35.96561666666666,39.16129032258065,122.0,35.64359579104938,1634.2634146341463,3874.0,830.0856546329209,0.0780487804878048,0.1922734883043773,3.09,2.093,High,2026-06-17 02:45:33.063000+00:00,2026-06-17 11:45:33.063000+09:00,11,2,0,validation,2.9310365,0.15896352767944322,0.15896352767944322,20-50 km
VEH_09,VEH_09_AFTER_0681,After,2026-06-17 02:46:48.063000+00:00,2026-06-17 02:52:22+00:00,0.88763547,5.565616666666667,13.98,43.0,10.709789913905876,1124.6041666666667,2335.75,481.7719135123026,0.0,0.2022794371322934,0.18,17.5,High,2026-06-17 02:46:48.063000+00:00,2026-06-17 11:46:48.063000+09:00,11,2,0,validation,0.22839434,-0.04839434444904328,0.04839434444904328,0.5-1 km
VEH_01,VEH_01_AFTER_0653,After,2026-06-17 02:48:55.063000+00:00,2026-06-17 03:03:24+00:00,2.1435559,14.482283333333331,13.47887323943662,49.0,12.19773605746549,1091.3333333333333,2160.25,424.8281286460313,0.0,0.1702431921602156,0.36,1.96,High,2026-06-17 02:48:55.063000+00:00,2026-06-17 11:48:55.063000+09:00,11,2,0,validation,0.32818922,0.0318107759952545,0.0318107759952545,1-5 km
VEH_09,VEH_09_AFTER_0682,After,2026-06-17 02:56:27.063000+00:00,2026-06-17 03:05:45+00:00,3.5582905,9.29895,25.555555555555557,77.0,23.243212204431792,1396.5054347826087,2728.25,618.344426782927,0.0,0.2153657097498546,0.47,1.013,High,2026-06-17 02:56:27.063000+00:00,2026-06-17 11:56:27.063000+09:00,11,2,0,validation,0.49067745,-0.020677446126937893,0.020677446126937893,1-5 km
VEH_03,VEH_03_AFTER_0226,After,2026-06-17 02:59:19.063000+00:00,2026-06-17 03:29:29+00:00,23.592611,30.165616666666665,43.218934911242606,106.0,29.553571797097177,1331.1458333333333,2671.25,528.8535392452453,0.0,0.1133271132099514,2.58,17.95,High,2026-06-17 02:59:19.063000+00:00,2026-06-17 11:59:19.063000+09:00,11,2,0,validation,2.2922423,0.28775771141052253,0.28775771141052253,20-50 km
VEH_08,VEH_08_AFTER_0417,After,2026-06-17 03:00:25.063000+00:00,2026-06-17 03:06:40+00:00,1.494954,6.24895,17.591836734693878,57.0,17.195061425965662,1207.060606060606,2128.75,493.50866572440975,0.0,0.3241748251963748,0.23,6.513,High,2026-06-17 03:00:25.063000+00:00,2026-06-17 12:00:25.063000+09:00,12,2,0,validation,0.27806997,-0.04806997299194335,0.04806997299194335,1-5 km
VEH_09,VEH_09_AFTER_0683,After,2026-06-17 03:07:25.063000+00:00,2026-06-17 03:15:14.127000+00:00,1.6782722,7.817733333333334,13.525,44.0,12.403603307103948,1142.645161290323,2169.75,479.88071969800706,0.0,0.2931352797517635,0.25,0.486,High,2026-06-17 03:07:25.063000+00:00,2026-06-17 12:07:25.063000+09:00,12,2,0,validation,0.2679534,-0.01795339584350586,0.01795339584350586,1-5 km
VEH_01,VEH_01_AFTER_0654,After,2026-06-17 03:10:12.063000+00:00,2026-06-17 03:28:08+00:00,3.9804,17.93228333333333,17.292134831460675,62.0,17.373104777206578,1203.842105263158,2681.25,502.6613222576544,0.0,0.2639555965122278,0.7000000000000001,19.5,High,2026-06-17 03:10:12.063000+00:00,2026-06-17 12:10:12.063000+09:00,12,2,0,validation,0.6678042,0.03219581842422492,0.03219581842422492,1-5 km
VEH_12,VEH_12_AFTER_0488,After,2026-06-17 03:10:39+00:00,2026-06-17 03:47:54+00:00,40.710217,37.25,39.79207920792079,90.0,28.658562500373,1145.733870967742,1792.75,411.3828515462281,0.0,0.1005119250763919,10.99,23.233,High,2026-06-17 03:10:39+00:00,2026-06-17 12:10:39+09:00,12,2,0,validation,10.668923,0.32107662200927756,0.32107662200927756,20-50 km
VEH_09,VEH_09_AFTER_0684,After,2026-06-17 03:18:34.063000+00:00,2026-06-17 03:31:55+00:00,5.2378426,13.34895,22.25862068965517,76.0,19.509555876833694,1295.6697247706422,3093.5,582.6005995352419,0.0091743119266055,0.2000808216518056,0.6,17.55,High,2026-06-17 03:18:34.063000+00:00,2026-06-17 12:18:34.063000+09:00,12,2,0,validation,0.6752228,-0.07522281408309939,0.07522281408309939,5-20 km
VEH_04,VEH_04_AFTER_0348,After,2026-06-17 03:24:07.063000+00:00,2026-06-17 03:27:46+00:00,0.84120125,3.64895,25.918367346938776,75.0,19.410534415982365,1564.49,3504.5,801.4621294234681,0.08,0.15828187894593,0.35,6.697,High,2026-06-17 03:24:07.063000+00:00,2026-06-17 12:24:07.063000+09:00,12,2,0,validation,0.2520395,0.09796050786972044,0.09796050786972044,0.5-1 km
VEH_04,VEH_04_AFTER_0349,After,2026-06-17 03:30:04.063000+00:00,2026-06-17 03:32:23+00:00,0.1,2.3156166666666667,5.388888888888889,24.0,7.024867645165904,1176.8125,1839.0,423.9858442138723,0.0,0.3866068784635559,0.05,6.707,High,2026-06-17 03:30:04.063000+00:00,2026-06-17 12:30:04.063000+09:00,12,2,0,validation,0.18843642,-0.13843641877174379,0.13843641877174379,0-0.5 km
VEH_01,VEH_01_AFTER_0655,After,2026-06-17 03:34:01.063000+00:00,2026-06-17 03:35:45+00:00,0.20875,1.7322833333333334,6.0,18.0,5.744562646538029,959.4166666666666,1413.5,275.78224602432664,0.0,0.0220959778943605,0.04,16.857,High,2026-06-17 03:34:01.063000+00:00,2026-06-17 12:34:01.063000+09:00,12,2,0,validation,0.09793602,-0.05793601930141449,0.05793601930141449,0-0.5 km
VEH_08,VEH_08_AFTER_0418,After,2026-06-17 03:34:04.063000+00:00,2026-06-17 03:37:11+00:00,0.4623207,3.115616666666667,19.133333333333333,40.0,10.980993681002746,1214.5202702702702,2224.5,510.4103521967953,0.0,0.0127677654259238,0.18,19.733,High,2026-06-17 03:34:04.063000+00:00,2026-06-17 12:34:04.063000+09:00,12,2,0,validation,0.10586176,0.07413823932409286,0.07413823932409286,0-0.5 km
VEH_09,VEH_09_AFTER_0685,After,2026-06-17 03:36:05.063000+00:00,2026-06-17 03:45:37+00:00,3.7500842,9.532283333333334,25.536585365853657,74.0,21.969599351316056,1350.358108108108,2558.0,587.7314496381132,0.0,0.1180057344123473,0.5,18.46,High,2026-06-17 03:36:05.063000+00:00,2026-06-17 12:36:05.063000+09:00,12,2,0,validation,0.694951,-0.19495099782943726,0.19495099782943726,1-5 km
VEH_01,VEH_01_AFTER_0656,After,2026-06-17 03:38:55.063000+00:00,2026-06-17 03:43:13.127000+00:00,0.6389494,4.301066666666667,8.5625,26.0,8.22700393521238,1064.1931818181818,1860.0,328.5460042145248,0.0,0.0703168480989503,0.15,0.456,High,2026-06-17 03:38:55.063000+00:00,2026-06-17 12:38:55.063000+09:00,12,2,0,validation,0.11586095,0.03413905352354049,0.03413905352354049,0.5-1 km
VEH_02,VEH_02_AFTER_0323,After,2026-06-17 03:41:39.063000+00:00,2026-06-17 04:03:49+00:00,9.414646,22.165616666666665,26.91176470588235,78.0,20.539728572378692,1370.651832460733,2367.25,540.306089184391,0.0,0.1355951935131966,1.14,22.687,High,2026-06-17 03:41:39.063000+00:00,2026-06-17 12:41:39.063000+09:00,12,2,0,validation,1.0098686,0.13013137817382803,0.13013137817382803,5-20 km
VEH_01,VEH_01_AFTER_0657,After,2026-06-17 03:48:29.063000+00:00,2026-06-17 03:53:21+00:00,1.0536609,4.865616666666667,14.6,37.0,10.677078252031311,1079.9666666666667,1913.25,396.71915829154955,0.0,0.1262427536082601,0.13,1.8,High,2026-06-17 03:48:29.063000+00:00,2026-06-17 12:48:29.063000+09:00,12,2,0,validation,0.19303407,-0.06303406774997711,0.06303406774997711,1-5 km
VEH_10,VEH_10_AFTER_0559,After,2026-06-17 03:50:58.063000+00:00,2026-06-17 04:13:15+00:00,15.576231,22.282283333333332,36.04724409448819,98.0,27.97013544223469,1343.5394736842106,2461.75,539.631491360673,0.0,0.1752414220804698,1.65,20.603,High,2026-06-17 03:50:58.063000+00:00,2026-06-17 12:50:58.063000+09:00,12,2,0,validation,1.4397117,0.21028831005096427,0.21028831005096427,5-20 km
VEH_01,VEH_01_AFTER_0658,After,2026-06-17 04:02:16.063000+00:00,2026-06-17 04:03:50.063000+00:00,0.12209674,1.5666666666666669,4.2,13.0,5.0556898639058145,753.6,1534.25,485.31125579364016,0.0,0.1904905790689141,0.05,0.05,High,2026-06-17 04:02:16.063000+00:00,2026-06-17 13:02:16.063000+09:00,13,2,0,validation,0.0034343223,0.04656567769125104,0.04656567769125104,0-0.5 km
VEH_01,VEH_01_AFTER_0659,After,2026-06-17 04:08:30.063000+00:00,2026-06-17 04:20:03.127000+00:00,1.5876822,11.551066666666664,11.928571428571429,34.0,10.885536181520122,1066.491935483871,1776.5,380.3627856734754,0.0,0.2011326603374408,0.24,0.283,High,2026-06-17 04:08:30.063000+00:00,2026-06-17 13:08:30.063000+09:00,13,2,0,validation,0.33397985,-0.09397984504699708,0.09397984504699708,1-5 km
VEH_11,VEH_11_AFTER_0238,After,2026-06-17 04:11:11+00:00,2026-06-17 05:36:22+00:00,97.06961,85.18333333333334,56.10566037735849,96.0,24.028209954561856,1105.970588235294,1584.5,363.89878079537425,0.0,0.0269672937582553,22.14,14.84,High,2026-06-17 04:11:11+00:00,2026-06-17 13:11:11+09:00,13,2,0,validation,22.56435,-0.42435012817382756,0.42435012817382756,50+ km
VEH_09,VEH_09_AFTER_0686,After,2026-06-17 04:15:31.063000+00:00,2026-06-17 04:17:35.127000+00:00,0.14424656,2.0677333333333334,14.5,40.0,11.394443090091476,1277.5434782608695,2109.0,521.9410295493468,0.0,0.1350710900473933,0.09,0.693,High,2026-06-17 04:15:31.063000+00:00,2026-06-17 13:15:31.063000+09:00,13,2,0,validation,0.09216178,-0.0021617820858955417,0.0021617820858955417,0-0.5 km
VEH_03,VEH_03_AFTER_0227,After,2026-06-17 04:28:19.063000+00:00,2026-06-17 05:02:13+00:00,24.460577,33.89895,39.173469387755105,100.0,28.066439218617106,1307.6708333333331,2485.5,509.8030767521634,0.0,0.1066848735027007,2.48,5.64,High,2026-06-17 04:28:19.063000+00:00,2026-06-17 13:28:19.063000+09:00,13,2,0,validation,2.4269273,0.05307267189025877,0.05307267189025877,20-50 km
VEH_01,VEH_01_AFTER_0660,After,2026-06-17 04:29:04.063000+00:00,2026-06-17 04:40:38+00:00,1.4411143,11.565616666666669,12.046511627906977,45.0,12.844243101659044,1099.0723684210527,2240.5,456.55550300987625,0.0,0.3449865210060276,0.31,1.28,High,2026-06-17 04:29:04.063000+00:00,2026-06-17 13:29:04.063000+09:00,13,2,0,validation,0.27908212,0.03091788053512573,0.03091788053512573,1-5 km
VEH_08,VEH_08_AFTER_0419,After,2026-06-17 04:32:20.063000+00:00,2026-06-17 05:06:10+00:00,27.280876,33.83228333333333,44.86021505376344,97.0,30.27191870891806,1329.1058394160584,2606.75,559.9165643678463,0.0,0.1684799098798565,2.47,2.44,High,2026-06-17 04:32:20.063000+00:00,2026-06-17 13:32:20.063000+09:00,13,2,0,validation,2.6516728,-0.181672840118408,0.181672840118408,20-50 km
VEH_09,VEH_09_AFTER_0687,After,2026-06-17 04:35:15.063000+00:00,2026-06-17 04:44:37+00:00,2.0990422,9.365616666666666,21.4025974025974,50.0,14.247587848027678,1262.195652173913,2451.0,542.1684401708831,0.0,0.1434988537566504,0.42,17.2,High,2026-06-17 04:35:15.063000+00:00,2026-06-17 13:35:15.063000+09:00,13,2,0,validation,0.35458848,0.06541152119636534,0.06541152119636534,1-5 km
VEH_04,VEH_04_AFTER_0350,After,2026-06-17 04:37:30.063000+00:00,2026-06-17 05:18:23+00:00,26.057613,40.88228333333333,40.43722943722944,102.0,30.217167780710657,1730.6548117154812,4111.0,879.1624277456882,0.100418410041841,0.1940510683205797,3.41,3.627,High,2026-06-17 04:37:30.063000+00:00,2026-06-17 13:37:30.063000+09:00,13,2,0,validation,3.1095898,0.30041018486022963,0.30041018486022963,20-50 km
VEH_01,VEH_01_AFTER_0661,After,2026-06-17 04:45:35.063000+00:00,2026-06-17 05:12:32.063000+00:00,4.4354515,26.95,11.30813953488372,38.0,10.5336306945154,1149.708762886598,2062.5,441.52879860834827,0.0,0.2084224676118724,0.9,0.11,High,2026-06-17 04:45:35.063000+00:00,2026-06-17 13:45:35.063000+09:00,13,2,0,validation,0.75491387,0.14508613348007204,0.14508613348007204,1-5 km
VEH_05,VEH_05_AFTER_0341,After,2026-06-17 04:46:26.063000+00:00,2026-06-17 06:04:51+00:00,75.86401,78.41561666666666,49.07222222222222,93.0,26.014425604002348,1155.7,1873.0,448.587373238003,0.0,0.0689597984854185,21.34,9.317,High,2026-06-17 04:46:26.063000+00:00,2026-06-17 13:46:26.063000+09:00,13,2,0,validation,18.45727,2.8827303314208983,2.8827303314208983,50+ km
VEH_09,VEH_09_AFTER_0688,After,2026-06-17 04:47:25.063000+00:00,2026-06-17 05:15:12+00:00,7.307942,27.782283333333332,21.25133689839572,59.0,17.292573158671235,1274.5786163522012,2453.25,552.3155780441891,0.0,0.2629277955140016,1.16,1.493,High,2026-06-17 04:47:25.063000+00:00,2026-06-17 13:47:25.063000+09:00,13,2,0,validation,0.853985,0.3060149884223937,0.3060149884223937,5-20 km
VEH_10,VEH_10_AFTER_0562,After,2026-06-17 04:49:08.127000+00:00,2026-06-17 05:08:01+00:00,9.505734,18.881216666666667,29.975806451612904,94.0,23.34021301754709,1297.5140449438202,2400.0,542.5536365546678,0.0,0.08526839480882,1.15,6.477,High,2026-06-17 04:49:08.127000+00:00,2026-06-17 13:49:08.127000+09:00,13,2,0,validation,1.0689908,0.08100917339324942,0.08100917339324942,5-20 km
VEH_02,VEH_02_AFTER_0325,After,2026-06-17 04:49:23.063000+00:00,2026-06-17 04:58:27.063000+00:00,3.3334637,9.066666666666666,22.96969696969697,64.0,16.90822198266995,1303.267094017094,2959.5,567.0139440454552,0.0,0.031594289957674,0.47,0.887,High,2026-06-17 04:49:23.063000+00:00,2026-06-17 13:49:23.063000+09:00,13,2,0,validation,0.41719532,0.05280467987060544,0.05280467987060544,1-5 km
VEH_02,VEH_02_AFTER_0326,After,2026-06-17 04:59:19.063000+00:00,2026-06-17 05:14:04.187000+00:00,5.1974277,14.752066666666668,22.168067226890756,78.0,22.192177942027374,1426.638888888889,2834.75,651.1414313190699,0.0,0.251905305699314,0.94,0.03,High,2026-06-17 04:59:19.063000+00:00,2026-06-17 13:59:19.063000+09:00,13,2,0,validation,0.73917687,0.20082313060760493,0.20082313060760493,5-20 km
VEH_08,VEH_08_AFTER_0420,After,2026-06-17 05:09:05.063000+00:00,2026-06-17 05:35:07+00:00,6.5769506,26.032283333333332,16.756906077348066,54.0,14.515623868232334,1259.778523489933,2673.75,538.9089334312878,0.0,0.2197718794185759,0.96,5.287,High,2026-06-17 05:09:05.063000+00:00,2026-06-17 14:09:05.063000+09:00,14,2,0,validation,0.81207234,0.1479276633262634,0.1479276633262634,5-20 km
VEH_01,VEH_01_AFTER_0662,After,2026-06-17 05:14:39.063000+00:00,2026-06-17 05:16:42+00:00,0.263906,2.04895,11.266666666666667,23.0,6.786915516066354,1092.638888888889,2119.5,495.4771144943572,0.0,0.278424276169265,0.04,3.397,High,2026-06-17 05:14:39.063000+00:00,2026-06-17 14:14:39.063000+09:00,14,2,0,validation,0.14313382,-0.10313381910324096,0.10313381910324096,0-0.5 km
VEH_10,VEH_10_AFTER_0563,After,2026-06-17 05:16:53.063000+00:00,2026-06-17 05:30:01.063000+00:00,3.5339105,13.133333333333333,21.23684210526316,62.0,18.57124859125598,1264.75,2263.25,516.3437731254775,0.0,0.2751948261164325,0.64,0.797,High,2026-06-17 05:16:53.063000+00:00,2026-06-17 14:16:53.063000+09:00,14,2,0,validation,0.4273883,0.21261168956756593,0.21261168956756593,1-5 km
VEH_09,VEH_09_AFTER_0689,After,2026-06-17 05:18:41.063000+00:00,2026-06-17 05:24:31.063000+00:00,2.6807616,5.833333333333333,30.08620689655172,85.0,21.737687345474622,1357.4722222222222,3159.0,695.1255746310683,0.0222222222222222,0.0484415807040364,0.31,0.577,High,2026-06-17 05:18:41.063000+00:00,2026-06-17 14:18:41.063000+09:00,14,2,0,validation,0.49756002,-0.1875600242614746,0.1875600242614746,1-5 km
VEH_01,VEH_01_AFTER_0663,After,2026-06-17 05:20:47.063000+00:00,2026-06-17 05:22:52+00:00,0.32053965,2.0822833333333333,9.0625,31.0,10.077628379236852,1212.9583333333333,1911.25,499.55906425622544,0.0,0.1336218752528112,0.08,2.57,High,2026-06-17 05:20:47.063000+00:00,2026-06-17 14:20:47.063000+09:00,14,2,0,validation,0.09127989,-0.01127988666296005,0.01127988666296005,0-0.5 km
VEH_04,VEH_04_AFTER_0351,After,2026-06-17 05:22:25.063000+00:00,2026-06-17 05:28:35.063000+00:00,0.42136127,6.166666666666667,10.303030303030305,41.0,11.16945197777985,1193.9642857142858,2701.5,570.2919197432923,0.0,0.3790642592869712,0.17,0.77,High,2026-06-17 05:22:25.063000+00:00,2026-06-17 14:22:25.063000+09:00,14,2,0,validation,0.20877005,-0.03877005159854888,0.03877005159854888,0-0.5 km
VEH_09,VEH_09_AFTER_0690,After,2026-06-17 05:26:11.063000+00:00,2026-06-17 05:27:57.187000+00:00,0.3191196,1.7687333333333333,14.55,30.0,8.163792011069367,1073.1176470588234,1837.0,438.3671416347853,0.0,0.0093927355278093,0.04,16.203,High,2026-06-17 05:26:11.063000+00:00,2026-06-17 14:26:11.063000+09:00,14,2,0,validation,0.15350822,-0.11350821614265441,0.11350821614265441,0-0.5 km
VEH_09,VEH_09_AFTER_0691,After,2026-06-17 05:32:38.063000+00:00,2026-06-17 05:35:48+00:00,0.49389905,3.1656166666666667,11.727272727272728,28.0,9.860458921254176,1127.6854838709678,1927.0,473.8623216398695,0.0,0.1356801726280827,0.1,17.397,High,2026-06-17 05:32:38.063000+00:00,2026-06-17 14:32:38.063000+09:00,14,2,0,validation,0.1042954,-0.004295402765274042,0.004295402765274042,0-0.5 km
VEH_10,VEH_10_AFTER_0564,After,2026-06-17 05:34:00.063000+00:00,2026-06-17 05:40:51+00:00,1.4929479,6.84895,16.833333333333332,45.0,12.381662067572172,1159.4583333333333,2147.5,461.0512312609329,0.0,0.1524986364026502,0.21,17.617,High,2026-06-17 05:34:00.063000+00:00,2026-06-17 14:34:00.063000+09:00,14,2,0,validation,0.28635955,-0.0763595485687256,0.0763595485687256,1-5 km
VEH_07,VEH_07_AFTER_0356,After,2026-06-17 05:35:17+00:00,2026-06-17 05:45:14+00:00,3.3652048,9.95,28.15277777777778,82.0,25.514516413984925,1672.5217391304348,3104.75,715.4928178210437,0.0289855072463768,0.3111886401799834,3.12,6.647,High,2026-06-17 05:35:17+00:00,2026-06-17 14:35:17+09:00,14,2,0,validation,0.5902673,2.529732699394226,2.529732699394226,1-5 km
VEH_02,VEH_02_AFTER_0328,After,2026-06-17 05:35:58.063000+00:00,2026-06-17 05:43:50.063000+00:00,1.6693258,7.866666666666666,18.253333333333337,56.0,15.970049745974146,1273.0862068965516,2399.75,549.9829984670923,0.0,0.3274842197397112,0.38,0.21,High,2026-06-17 05:35:58.063000+00:00,2026-06-17 14:35:58.063000+09:00,14,2,0,validation,0.29540396,0.08459604263305665,0.08459604263305665,1-5 km
VEH_01,VEH_01_AFTER_0664,After,2026-06-17 05:37:24.127000+00:00,2026-06-17 05:45:54+00:00,1.9978061,8.497883333333332,14.196428571428571,37.0,12.436150706217544,1082.7619047619048,1984.25,442.48799739028755,0.0,0.2478647385006462,0.25,3.197,High,2026-06-17 05:37:24.127000+00:00,2026-06-17 14:37:24.127000+09:00,14,2,0,validation,0.30867085,-0.05867084860801697,0.05867084860801697,1-5 km
VEH_08,VEH_08_AFTER_0421,After,2026-06-17 05:39:41.063000+00:00,2026-06-17 05:59:56+00:00,5.3669224,20.248949999999997,16.234375,51.0,15.875238371733982,1170.2863636363636,2524.75,468.5764052332579,0.0,0.2432948582130687,0.58,10.593,High,2026-06-17 05:39:41.063000+00:00,2026-06-17 14:39:41.063000+09:00,14,2,0,validation,0.684339,-0.10433898687362675,0.10433898687362675,5-20 km
VEH_09,VEH_09_AFTER_0692,After,2026-06-17 05:41:23.063000+00:00,2026-06-17 05:45:00.063000+00:00,1.1933821,3.6166666666666663,20.425,43.0,10.525890698653487,1171.1490384615386,2278.5,505.8005323333407,0.0,0.0093512538654476,0.17,0.67,High,2026-06-17 05:41:23.063000+00:00,2026-06-17 14:41:23.063000+09:00,14,2,0,validation,0.16604985,0.003950147032737744,0.003950147032737744,1-5 km
VEH_11,VEH_11_AFTER_0239,After,2026-06-17 05:41:35.903000+00:00,2026-06-17 06:07:18+00:00,24.97083,25.701616666666663,42.50892857142857,89.0,29.185978634475163,1101.923076923077,1719.75,431.7340804224573,0.0,0.0801102238732121,6.42,26.0,High,2026-06-17 05:41:35.903000+00:00,2026-06-17 14:41:35.903000+09:00,14,2,0,validation,6.274146,0.14585391998291009,0.14585391998291009,20-50 km
VEH_10,VEH_10_AFTER_0565,After,2026-06-17 05:44:43.063000+00:00,2026-06-17 05:49:48+00:00,1.6310062,5.082283333333334,20.3125,53.0,13.885178323785883,1223.0,2790.25,567.3838796059813,0.0,0.1023709444371469,0.18,1.887,High,2026-06-17 05:44:43.063000+00:00,2026-06-17 14:44:43.063000+09:00,14,2,0,validation,0.2556177,-0.07561770796775819,0.07561770796775819,1-5 km
VEH_09,VEH_09_AFTER_0693,After,2026-06-17 05:47:17.127000+00:00,2026-06-17 05:55:33+00:00,3.2249863,8.26455,23.51315789473684,71.0,17.97109771788011,1281.5657894736842,2690.25,573.6077672693642,0.0,0.1484321503260313,0.37,3.18,High,2026-06-17 05:47:17.127000+00:00,2026-06-17 14:47:17.127000+09:00,14,2,0,validation,0.42263806,-0.052638058662414555,0.052638058662414555,1-5 km
VEH_01,VEH_01_AFTER_0665,After,2026-06-17 05:48:10.063000+00:00,2026-06-17 05:55:14+00:00,1.3099906,7.065616666666667,12.352941176470589,38.0,11.825236439060197,1142.5887096774193,2217.5,443.4767902625355,0.0,0.2706632755639551,0.24,1.717,High,2026-06-17 05:48:10.063000+00:00,2026-06-17 14:48:10.063000+09:00,14,2,0,validation,0.2623279,-0.0223279094696045,0.0223279094696045,1-5 km
VEH_02,VEH_02_AFTER_0330,After,2026-06-17 05:48:51.063000+00:00,2026-06-17 05:52:52+00:00,0.7515416,4.015616666666667,17.56756756756757,52.0,14.245986709474206,1270.1888888888889,2577.75,563.0020849466908,0.0,0.0047862984997164,0.19,19.93,High,2026-06-17 05:48:51.063000+00:00,2026-06-17 14:48:51.063000+09:00,14,2,0,validation,0.17031273,0.019687267541885378,0.019687267541885378,0.5-1 km
VEH_10,VEH_10_AFTER_0566,After,2026-06-17 05:51:14.063000+00:00,2026-06-17 05:56:28+00:00,0.9448919,5.232283333333333,14.583333333333334,41.0,13.550573993582542,1210.310606060606,2349.25,540.2945465988724,0.0,0.222731489434805,0.16,18.57,High,2026-06-17 05:51:14.063000+00:00,2026-06-17 14:51:14.063000+09:00,14,2,0,validation,0.21272756,-0.05272756159305572,0.05272756159305572,0.5-1 km
VEH_03,VEH_03_AFTER_0228,After,2026-06-17 05:51:24+00:00,2026-06-17 05:56:07+00:00,1.1584649,4.716666666666667,20.77777777777778,49.0,15.149461140235523,1215.9767441860463,2250.0,562.0622555467764,0.0,0.1392690474800239,0.58,17.523,High,2026-06-17 05:51:24+00:00,2026-06-17 14:51:24+09:00,14,2,0,validation,0.24238436,0.33761564075946804,0.33761564075946804,1-5 km
VEH_02,VEH_02_AFTER_0331,After,2026-06-17 05:59:15.063000+00:00,2026-06-17 06:04:07+00:00,0.6137988,4.865616666666667,18.055555555555557,46.0,13.287304810826102,1307.7424242424242,2637.75,618.1251389828826,0.0,0.1735674746675196,0.2,1.797,High,2026-06-17 05:59:15.063000+00:00,2026-06-17 14:59:15.063000+09:00,14,2,0,validation,0.20953329,-0.009533289074897755,0.009533289074897755,0.5-1 km
VEH_10,VEH_10_AFTER_0567,After,2026-06-17 06:00:24.063000+00:00,2026-06-17 06:07:51+00:00,0.81193894,7.44895,13.072727272727272,43.0,12.713421033701565,1104.8166666666666,2540.25,559.9145827713365,0.0,0.2824308952337618,0.2,19.603,High,2026-06-17 06:00:24.063000+00:00,2026-06-17 15:00:24.063000+09:00,15,2,0,validation,0.25149718,-0.05149717926979064,0.05149717926979064,0.5-1 km
VEH_09,VEH_09_AFTER_0694,After,2026-06-17 06:03:31.063000+00:00,2026-06-17 06:08:47+00:00,1.5325587,5.265616666666667,18.50943396226415,56.0,16.60145781449309,1191.8882978723404,2248.75,526.1389590953647,0.0,0.2103069081587823,0.17,17.467,High,2026-06-17 06:03:31.063000+00:00,2026-06-17 15:03:31.063000+09:00,15,2,0,validation,0.24999271,-0.0799927133321762,0.0799927133321762,1-5 km
VEH_08,VEH_08_AFTER_0422,After,2026-06-17 06:03:42.063000+00:00,2026-06-17 06:11:36+00:00,2.337368,7.89895,15.420289855072465,56.0,16.18856798019261,1265.87,2263.25,511.8187526849715,0.0,0.1645061539209448,0.26,6.68,High,2026-06-17 06:03:42.063000+00:00,2026-06-17 15:03:42.063000+09:00,15,2,0,validation,0.33683312,-0.07683311939239501,0.07683311939239501,1-5 km
VEH_01,VEH_01_AFTER_0666,After,2026-06-17 06:07:37.063000+00:00,2026-06-17 06:14:48+00:00,1.3957798,7.182283333333333,13.483333333333333,31.0,8.659275694626864,1198.1046511627908,2154.0,448.3693751877727,0.0,0.1270216971687529,0.39,1.777,High,2026-06-17 06:07:37.063000+00:00,2026-06-17 15:07:37.063000+09:00,15,2,0,validation,0.26365796,0.12634204268455507,0.12634204268455507,1-5 km
VEH_02,VEH_02_AFTER_0332,After,2026-06-17 06:07:57.063000+00:00,2026-06-17 06:09:53.127000+00:00,0.2151309,1.9344,15.545454545454543,39.0,9.599845040071658,1227.6517857142858,2365.25,605.1873099182574,0.0,0.0,0.11,16.796,High,2026-06-17 06:07:57.063000+00:00,2026-06-17 15:07:57.063000+09:00,15,2,0,validation,0.060238432,0.04976156786084175,0.04976156786084175,0-0.5 km
VEH_10,VEH_10_AFTER_0568,After,2026-06-17 06:11:22.063000+00:00,2026-06-17 06:20:27+00:00,1.6345763,9.082283333333333,13.0327868852459,55.0,13.223138206815708,1204.75,2203.25,509.65810417590137,0.0,0.2481812865032802,0.28,4.953,High,2026-06-17 06:11:22.063000+00:00,2026-06-17 15:11:22.063000+09:00,15,2,0,validation,0.27582473,0.004175274372100857,0.004175274372100857,1-5 km
VEH_03,VEH_03_AFTER_0229,After,2026-06-17 06:11:34.127000+00:00,2026-06-17 06:13:26+00:00,0.453601,1.86455,13.05,30.0,9.292335551410098,1146.84375,1876.75,415.754255042492,0.0,0.0225928692944003,0.06,3.45,High,2026-06-17 06:11:34.127000+00:00,2026-06-17 15:11:34.127000+09:00,15,2,0,validation,0.06436728,-0.004367279410362246,0.004367279410362246,0-0.5 km
VEH_11,VEH_11_AFTER_0240,After,2026-06-17 06:14:00.847000+00:00,2026-06-17 07:38:14+00:00,85.97858,84.21921666666667,42.98026315789474,98.0,29.048387579750095,1078.7423076923078,1701.0,386.1938507089979,0.0,0.0485996259460066,16.99,28.34,High,2026-06-17 06:14:00.847000+00:00,2026-06-17 15:14:00.847000+09:00,15,2,0,validation,19.330067,-2.3400666809082047,2.3400666809082047,50+ km
VEH_08,VEH_08_AFTER_0423,After,2026-06-17 06:14:56.063000+00:00,2026-06-17 06:33:42+00:00,6.4564753,18.765616666666663,18.854166666666668,54.0,14.527736283667108,1259.358,2596.5,481.3245166579405,0.0,0.1563461068096248,0.75,3.217,High,2026-06-17 06:14:56.063000+00:00,2026-06-17 15:14:56.063000+09:00,15,2,0,validation,0.69847256,0.051527440547943115,0.051527440547943115,5-20 km
VEH_02,VEH_02_AFTER_0333,After,2026-06-17 06:19:09.063000+00:00,2026-06-17 06:21:42.063000+00:00,0.10874122,2.55,10.478260869565217,22.0,6.2196712146948405,1070.9903846153843,2041.25,408.2882918165392,0.0,0.1089860992160221,0.08,15.524,High,2026-06-17 06:19:09.063000+00:00,2026-06-17 15:19:09.063000+09:00,15,2,0,validation,0.15809044,-0.07809044241905212,0.07809044241905212,0-0.5 km
VEH_09,VEH_09_AFTER_0695,After,2026-06-17 06:20:53.063000+00:00,2026-06-17 06:25:39+00:00,0.16915968,4.765616666666667,5.757575757575758,19.0,6.0953549280420285,1000.1875,1820.25,395.1900007828513,0.0,0.1963596302150692,0.13,16.763,High,2026-06-17 06:20:53.063000+00:00,2026-06-17 15:20:53.063000+09:00,15,2,0,validation,1.756386,-1.6263860416412355,1.6263860416412355,0-0.5 km
VEH_07,VEH_07_AFTER_0360,After,2026-06-17 06:33:08+00:00,2026-06-17 06:36:56.127000+00:00,0.48012218,3.802116666666667,16.238095238095237,36.0,12.047148494480863,1238.625,2665.25,557.3741549988789,0.0,0.2810428246533723,0.48,15.686,High,2026-06-17 06:33:08+00:00,2026-06-17 15:33:08+09:00,15,2,0,validation,0.15606242,0.32393757581710814,0.32393757581710814,0-0.5 km
VEH_09,VEH_09_AFTER_0696,After,2026-06-17 06:34:08.063000+00:00,2026-06-17 06:41:53+00:00,0.4251333,7.74895,11.585365853658535,38.0,10.20515319313823,1180.0681818181818,2661.0,557.1603234555183,0.0,0.2055170880447211,0.23,17.307,High,2026-06-17 06:34:08.063000+00:00,2026-06-17 15:34:08.063000+09:00,15,2,0,validation,0.2272737,0.002726297378540049,0.002726297378540049,0-0.5 km
VEH_10,VEH_10_AFTER_0569,After,2026-06-17 06:34:31.063000+00:00,2026-06-17 06:35:58+00:00,0.12349241,1.44895,4.083333333333333,13.0,4.290655220618667,910.8,1430.0,261.26702815319044,0.0,0.1118041893299386,0.03,1.207,High,2026-06-17 06:34:31.063000+00:00,2026-06-17 15:34:31.063000+09:00,15,2,0,validation,-0.14250873,0.17250873029232025,0.17250873029232025,0-0.5 km
VEH_08,VEH_08_AFTER_0424,After,2026-06-17 06:36:33.063000+00:00,2026-06-17 06:44:54.127000+00:00,2.1178741,8.351066666666666,14.55952380952381,42.0,12.815867388362747,1288.7936507936508,2422.5,520.6754571000579,0.0,0.1295721748578092,0.31,0.806,High,2026-06-17 06:36:33.063000+00:00,2026-06-17 15:36:33.063000+09:00,15,2,0,validation,0.3270207,-0.01702070474624634,0.01702070474624634,1-5 km
VEH_04,VEH_04_AFTER_0355,After,2026-06-17 06:36:34+00:00,2026-06-17 06:48:21.127000+00:00,1.3213829,11.78545,13.75925925925926,49.0,11.953513639938343,1225.6090909090908,3069.5,577.5380718730238,0.0181818181818181,0.1020248469045372,0.36,0.74,High,2026-06-17 06:36:34+00:00,2026-06-17 15:36:34+09:00,15,2,0,validation,0.2908964,0.06910361409187316,0.06910361409187316,1-5 km
VEH_03,VEH_03_AFTER_0230,After,2026-06-17 06:45:06.063000+00:00,2026-06-17 06:49:32.127000+00:00,0.4236296,4.4344,13.058823529411764,29.0,9.200195574873227,1164.732142857143,1757.0,402.0759019527562,0.0,0.0111660856853705,0.05,15.196,High,2026-06-17 06:45:06.063000+00:00,2026-06-17 15:45:06.063000+09:00,15,2,0,validation,0.09602155,-0.04602154791355133,0.04602154791355133,0-0.5 km
VEH_05,VEH_05_AFTER_0343,After,2026-06-17 06:45:50.063000+00:00,2026-06-17 07:31:26.063000+00:00,40.572212,45.6,30.347457627118644,78.0,24.764441812447593,1062.7571428571428,1858.75,455.0511881948569,0.0,0.1667156200434706,8.51,0.76,High,2026-06-17 06:45:50.063000+00:00,2026-06-17 15:45:50.063000+09:00,15,2,0,validation,9.0997305,-0.5897304916381838,0.5897304916381838,20-50 km
VEH_10,VEH_10_AFTER_0570,After,2026-06-17 06:47:24.063000+00:00,2026-06-17 06:53:19+00:00,2.0043218,5.915616666666667,25.390243902439025,64.0,21.865306129474465,1392.8793103448277,2404.75,588.8879409410005,0.0,0.2736024377912299,0.24,5.78,High,2026-06-17 06:47:24.063000+00:00,2026-06-17 15:47:24.063000+09:00,15,2,0,validation,0.3657693,-0.12576929688453675,0.12576929688453675,1-5 km
VEH_08,VEH_08_AFTER_0425,After,2026-06-17 06:50:29.063000+00:00,2026-06-17 06:55:15.063000+00:00,0.7395514,4.766666666666667,10.891891891891891,44.0,13.72467453221896,1191.6309523809523,2309.75,550.9563256124993,0.0,0.4414856235493441,0.14,0.247,High,2026-06-17 06:50:29.063000+00:00,2026-06-17 15:50:29.063000+09:00,15,2,0,validation,0.20946904,-0.06946903526782988,0.06946903526782988,0.5-1 km
VEH_09,VEH_09_AFTER_0697,After,2026-06-17 06:52:36.063000+00:00,2026-06-17 06:53:25.127000+00:00,0.10358028,0.8177333333333333,7.888888888888889,21.0,7.780951733338488,1012.125,1823.5,460.6192842250528,0.0,0.0285554658886336,0.02,16.693,High,2026-06-17 06:52:36.063000+00:00,2026-06-17 15:52:36.063000+09:00,15,2,0,validation,0.769037,-0.7490370082855224,0.7490370082855224,0-0.5 km
VEH_01,VEH_01_AFTER_0668,After,2026-06-17 06:55:58.063000+00:00,2026-06-17 07:01:54+00:00,1.3602221,5.932283333333333,18.555555555555557,63.0,20.969701835308207,1134.657894736842,2058.0,438.7150136787512,0.0,0.3020362713325564,0.19,4.233,High,2026-06-17 06:55:58.063000+00:00,2026-06-17 15:55:58.063000+09:00,15,2,0,validation,0.32098177,-0.13098177075386047,0.13098177075386047,1-5 km
VEH_03,VEH_03_AFTER_0231,After,2026-06-17 06:58:23.063000+00:00,2026-06-17 07:07:14.127000+00:00,2.3908691,8.851066666666666,14.42528735632184,60.0,16.153453909095987,1206.037037037037,2258.75,511.7766064647291,0.0,0.1891981050888854,0.36,0.013,High,2026-06-17 06:58:23.063000+00:00,2026-06-17 15:58:23.063000+09:00,15,2,0,validation,0.33866146,0.021338537931442247,0.021338537931442247,1-5 km
VEH_09,VEH_09_AFTER_0698,After,2026-06-17 06:59:30.063000+00:00,2026-06-17 07:06:01+00:00,2.4729338,6.515616666666667,25.12727272727273,66.0,18.46476206227768,1285.6153846153843,2157.75,511.0989970282798,0.0,0.0540820020994121,0.33,16.817,High,2026-06-17 06:59:30.063000+00:00,2026-06-17 15:59:30.063000+09:00,15,2,0,validation,0.3313089,-0.0013089013099670255,0.0013089013099670255,1-5 km
VEH_04,VEH_04_AFTER_0356,After,2026-06-17 07:01:21.063000+00:00,2026-06-17 07:05:07.063000+00:00,0.47411427,3.7666666666666666,10.0,32.0,10.876309927868864,1199.86,2307.0,537.7135579469798,0.0,0.233022021808004,0.11,3.627,High,2026-06-17 07:01:21.063000+00:00,2026-06-17 16:01:21.063000+09:00,16,2,0,validation,0.12877226,-0.01877225875854492,0.01877225875854492,0-0.5 km
VEH_01,VEH_01_AFTER_0669,After,2026-06-17 07:06:26.063000+00:00,2026-06-17 07:14:18+00:00,2.6408672,7.865616666666667,18.928571428571427,50.0,14.043118730305936,1125.820652173913,2010.5,395.9684079097954,0.0,0.0921745552972618,0.29,3.203,High,2026-06-17 07:06:26.063000+00:00,2026-06-17 16:06:26.063000+09:00,16,2,0,validation,0.35158613,-0.06158613324165346,0.06158613324165346,1-5 km
VEH_09,VEH_09_AFTER_0699,After,2026-06-17 07:08:12.063000+00:00,2026-06-17 07:13:11+00:00,0.9145747,4.982283333333333,12.72972972972973,48.0,12.417617494965702,1310.0073529411766,2637.75,561.9232712867312,0.0,0.2726129853596435,0.25,1.357,High,2026-06-17 07:08:12.063000+00:00,2026-06-17 16:08:12.063000+09:00,16,2,0,validation,0.21481645,0.03518354892730713,0.03518354892730713,0.5-1 km
VEH_12,VEH_12_AFTER_0491,After,2026-06-17 07:10:18+00:00,2026-06-17 07:50:44+00:00,42.62885,40.43333333333333,36.848214285714285,93.0,30.903134902647412,1184.43125,1847.25,452.2921414428262,0.0,0.0799512289235058,12.17,23.663,High,2026-06-17 07:10:18+00:00,2026-06-17 16:10:18+09:00,16,2,0,validation,11.981145,0.1888550949096679,0.1888550949096679,20-50 km
VEH_03,VEH_03_AFTER_0232,After,2026-06-17 07:13:43.063000+00:00,2026-06-17 07:15:58+00:00,0.34821436,2.24895,6.290322580645161,23.0,7.401802519731463,1152.125,2130.5,476.74754740673114,0.0,0.247412511115927,0.08,1.87,High,2026-06-17 07:13:43.063000+00:00,2026-06-17 16:13:43.063000+09:00,16,2,0,validation,0.044210307,0.03578969269990921,0.03578969269990921,0-0.5 km
VEH_02,VEH_02_AFTER_0335,After,2026-06-17 07:18:26+00:00,2026-06-17 07:19:58.187000+00:00,0.45200258,1.53645,18.58823529411765,46.0,15.377825224995862,1287.013888888889,2525.75,654.3256519768094,0.0,0.0873600278854951,0.89,0.75,High,2026-06-17 07:18:26+00:00,2026-06-17 16:18:26+09:00,16,2,0,validation,0.15105836,0.7389416390657425,0.7389416390657425,0-0.5 km
VEH_10,VEH_10_AFTER_0572,After,2026-06-17 07:20:09.063000+00:00,2026-06-17 07:50:37+00:00,18.313578,30.465616666666666,30.958549222797927,97.0,26.037007181566885,1267.038343558282,3323.25,519.5775556512425,0.0061349693251533,0.0744814630415702,1.61,2.763,High,2026-06-17 07:20:09.063000+00:00,2026-06-17 16:20:09.063000+09:00,16,2,0,validation,1.961766,-0.35176600456237783,0.35176600456237783,5-20 km
VEH_04,VEH_04_AFTER_0357,After,2026-06-17 07:29:31.063000+00:00,2026-06-17 07:36:32+00:00,1.0064019,7.015616666666667,17.79591836734694,53.0,16.408036348377056,1459.892857142857,3332.0,720.2534754359406,0.0357142857142857,0.3831578789233121,0.27,4.53,High,2026-06-17 07:29:31.063000+00:00,2026-06-17 16:29:31.063000+09:00,16,2,0,validation,0.40348104,-0.13348103642463682,0.13348103642463682,1-5 km
VEH_09,VEH_09_AFTER_0701,After,2026-06-17 07:31:16.063000+00:00,2026-06-17 07:38:58.063000+00:00,2.9424665,7.7,21.66,56.0,15.047405091908704,1169.9134615384614,2155.75,475.93649723689015,0.0,0.04327258848851,0.26,0.624,High,2026-06-17 07:31:16.063000+00:00,2026-06-17 16:31:16.063000+09:00,16,2,0,validation,0.39864928,-0.13864927530288695,0.13864927530288695,1-5 km
VEH_01,VEH_01_AFTER_0673,After,2026-06-17 07:43:40+00:00,2026-06-17 08:39:59+00:00,33.686783,56.31666666666667,30.699669966996694,101.0,28.299533516487763,1225.1502525252524,2296.0,484.65373178671047,0.0,0.177698514767776,3.66,17.987,High,2026-06-17 07:43:40+00:00,2026-06-17 16:43:40+09:00,16,2,0,validation,3.1735907,0.4864093399047853,0.4864093399047853,20-50 km
VEH_04,VEH_04_AFTER_0358,After,2026-06-17 07:45:14.063000+00:00,2026-06-17 07:51:47.127000+00:00,1.0454676,6.551066666666667,13.91304347826087,50.0,15.369119358885689,1351.5673076923076,3835.0,646.3681972616018,0.0192307692307692,0.3152149167167398,0.25,0.083,High,2026-06-17 07:45:14.063000+00:00,2026-06-17 16:45:14.063000+09:00,16,2,0,validation,0.2997059,-0.04970589280128479,0.04970589280128479,1-5 km
VEH_02,VEH_02_AFTER_0336,After,2026-06-17 07:45:36.127000+00:00,2026-06-17 07:50:10.063000+00:00,0.33308,4.5656,14.153846153846152,35.0,13.072850044425037,1220.7727272727273,2389.75,616.2933043474277,0.0,0.5160736341640864,0.15,16.34,High,2026-06-17 07:45:36.127000+00:00,2026-06-17 16:45:36.127000+09:00,16,2,0,validation,0.1946058,-0.04460579752922059,0.04460579752922059,0-0.5 km
VEH_09,VEH_09_AFTER_0702,After,2026-06-17 07:47:58.063000+00:00,2026-06-17 07:48:47.187000+00:00,0.17497447,0.8187333333333334,10.285714285714286,29.0,11.633870326572762,1145.0,1966.75,487.0632516533259,0.0,0.0717116670795144,0.03,15.86,High,2026-06-17 07:47:58.063000+00:00,2026-06-17 16:47:58.063000+09:00,16,2,0,validation,0.06443799,-0.03443799287080765,0.03443799287080765,0-0.5 km
VEH_10,VEH_10_AFTER_0573,After,2026-06-17 07:53:51.063000+00:00,2026-06-17 07:59:39+00:00,1.7061198,5.7989500000000005,22.4,72.0,15.632832582275505,1328.6745283018868,2732.25,577.2366478368378,0.0,0.0137710430924528,0.31,17.677,High,2026-06-17 07:53:51.063000+00:00,2026-06-17 16:53:51.063000+09:00,16,2,0,validation,0.27039617,0.039603826999664304,0.039603826999664304,1-5 km
VEH_02,VEH_02_AFTER_0337,After,2026-06-17 07:54:29.063000+00:00,2026-06-17 08:17:17+00:00,12.213476,22.79895,33.37426900584796,86.0,24.587360274831475,1441.3323863636365,3433.5,628.557023206896,0.0113636363636363,0.1623606154556268,1.44,17.187,High,2026-06-17 07:54:29.063000+00:00,2026-06-17 16:54:29.063000+09:00,16,2,0,validation,1.5498415,-0.10984152317047124,0.10984152317047124,5-20 km
VEH_03,VEH_03_AFTER_0234,After,2026-06-17 07:55:31+00:00,2026-06-17 08:21:41+00:00,20.45372,26.166666666666668,37.8013698630137,106.0,25.062830597830132,1248.763043478261,2671.0,500.7100445796061,0.0,0.0310417727602011,2.37,19.05,High,2026-06-17 07:55:31+00:00,2026-06-17 16:55:31+09:00,16,2,0,validation,2.3244975,0.04550253868103038,0.04550253868103038,20-50 km
VEH_04,VEH_04_AFTER_0359,After,2026-06-17 07:56:31.063000+00:00,2026-06-17 08:00:28.063000+00:00,0.63908446,3.95,16.314285714285713,39.0,11.722436188953283,1271.095238095238,2571.5,585.1533299069004,0.0,0.1911601856978576,0.16,2.854,High,2026-06-17 07:56:31.063000+00:00,2026-06-17 16:56:31.063000+09:00,16,2,0,validation,0.18375534,-0.02375533819198608,0.02375533819198608,0.5-1 km
VEH_04,VEH_04_AFTER_0361,After,2026-06-17 08:14:59+00:00,2026-06-17 08:21:03+00:00,0.6980631,6.066666666666666,6.595744680851064,45.0,9.495036944273046,1317.162162162162,3829.0,779.3189772474605,0.081081081081081,0.1876023347662166,0.18,4.8,High,2026-06-17 08:14:59+00:00,2026-06-17 17:14:59+09:00,17,2,0,validation,0.26326725,-0.08326724886894227,0.08326724886894227,0.5-1 km
VEH_03,VEH_03_AFTER_0235,After,2026-06-17 08:24:34.063000+00:00,2026-06-17 08:30:28+00:00,1.0509897,5.89895,16.319148936170212,55.0,13.774948558391374,1271.9833333333331,2025.0,479.0745676707217,0.0,0.1252902181693691,0.25,17.757,High,2026-06-17 08:24:34.063000+00:00,2026-06-17 17:24:34.063000+09:00,17,2,0,validation,0.29667667,-0.04667666554450989,0.04667666554450989,1-5 km
VEH_04,VEH_04_AFTER_0362,After,2026-06-17 08:31:00.063000+00:00,2026-06-17 09:24:46+00:00,28.15257,53.765616666666666,24.970501474926255,103.0,22.690797389673225,1384.393175074184,3955.5,644.3389273331718,0.0237388724035608,0.197006948293976,2.84,4.73,High,2026-06-17 08:31:00.063000+00:00,2026-06-17 17:31:00.063000+09:00,17,2,0,validation,3.082796,-0.24279609680175795,0.24279609680175795,20-50 km
VEH_12,VEH_12_AFTER_0492,After,2026-06-17 08:45:59.063000+00:00,2026-06-17 09:24:13+00:00,40.82247,38.232283333333335,43.440366972477065,89.0,31.411863356037298,1087.9326923076924,1809.5,458.1073656365326,0.0,0.1818766532434051,9.83,8.037,High,2026-06-17 08:45:59.063000+00:00,2026-06-17 17:45:59.063000+09:00,17,2,0,validation,10.148485,-0.31848518371582024,0.31848518371582024,20-50 km
VEH_11,VEH_11_AFTER_0241,After,2026-06-17 08:46:44.010000+00:00,2026-06-17 10:37:32+00:00,86.9142,110.79983333333332,34.278810408921935,92.0,25.633250451247832,1084.0777777777778,1683.0,380.8728756722373,0.0,0.0384473926910302,23.81,10.137,High,2026-06-17 08:46:44.010000+00:00,2026-06-17 17:46:44.010000+09:00,17,2,0,validation,23.414501,0.39549880981445185,0.39549880981445185,50+ km
VEH_12,VEH_12_AFTER_0495,After,2026-06-17 10:17:11.063000+00:00,2026-06-17 10:54:11+00:00,40.534138,36.99895,34.0,93.0,30.68093870793395,1085.85,1873.5,468.47673444290245,0.0,0.193339250778929,11.18,5.87,High,2026-06-17 10:17:11.063000+00:00,2026-06-17 19:17:11.063000+09:00,19,2,0,validation,9.844712,1.3352877426147458,1.3352877426147458,20-50 km
VEH_12,VEH_12_AFTER_0496,After,2026-06-17 10:58:20.063000+00:00,2026-06-17 11:05:07+00:00,2.9182642,6.782283333333334,25.88235294117647,81.0,22.716623488075022,1118.0657894736842,1819.0,440.8982670140082,0.0,0.100690426655855,1.37,6.367,High,2026-06-17 10:58:20.063000+00:00,2026-06-17 19:58:20.063000+09:00,19,2,0,validation,1.0511458,0.3188542079925538,0.3188542079925538,1-5 km
VEH_12,VEH_12_AFTER_0499,After,2026-06-17 11:32:24.063000+00:00,2026-06-17 11:34:00+00:00,0.22486131,1.59895,3.6666666666666665,13.0,4.696334267868457,835.4166666666666,1416.5,410.6931809622469,0.0,0.0939831819569129,0.12,5.147,High,2026-06-17 11:32:24.063000+00:00,2026-06-17 20:32:24.063000+09:00,20,2,0,validation,0.2958502,-0.17585018754005433,0.17585018754005433,0-0.5 km
VEH_12,VEH_12_AFTER_0500,After,2026-06-17 15:08:24.063000+00:00,2026-06-17 15:10:43.063000+00:00,0.18395202,2.316666666666667,3.1666666666666665,13.0,4.913134324327892,630.0,1043.0,342.00462959829457,0.0,0.063536656984588,0.13,0.17,High,2026-06-17 15:08:24.063000+00:00,2026-06-18 00:08:24.063000+09:00,0,3,0,validation,-0.19359612,0.32359612464904786,0.32359612464904786,0-0.5 km
VEH_12,VEH_12_FINAL_0001,Final,2026-06-17 15:08:24.063000+00:00,2026-06-17 15:10:43.063000+00:00,0.18395202,2.316666666666667,3.1666666666666665,13.0,4.913134324327892,630.0,1043.0,342.00462959829457,0.0,0.063536656984588,0.13,0.17,High,2026-06-17 15:08:24.063000+00:00,2026-06-18 00:08:24.063000+09:00,0,3,0,validation,-0.19359612,0.32359612464904786,0.32359612464904786,0-0.5 km
VEH_06,VEH_06_AFTER_0563,After,2026-06-17 15:23:41+00:00,2026-06-17 16:01:28+00:00,42.464706,37.78333333333333,42.177083333333336,89.0,26.55536464620766,1130.8618421052631,1824.75,444.7238006593783,0.0,0.0277070200444076,12.74,10.473,High,2026-06-17 15:23:41+00:00,2026-06-18 00:23:41+09:00,0,3,0,validation,14.054628,-1.3146283721923826,1.3146283721923826,20-50 km
VEH_06,VEH_06_FINAL_0002,Final,2026-06-17 15:23:41+00:00,2026-06-17 16:01:28+00:00,42.464706,37.78333333333333,42.177083333333336,89.0,26.55536464620766,1130.8618421052631,1824.75,444.7238006593783,0.0,0.0277070200444076,12.74,10.473,High,2026-06-17 15:23:41+00:00,2026-06-18 00:23:41+09:00,0,3,0,validation,14.054628,-1.3146283721923826,1.3146283721923826,20-50 km
VEH_12,VEH_12_AFTER_0503,After,2026-06-17 15:36:56+00:00,2026-06-17 16:27:01.063000+00:00,62.510975,50.084383333333335,49.21,89.0,29.013546835917875,1075.8333333333333,1674.75,407.8954029187167,0.0,0.0674069155990823,16.19,0.624,High,2026-06-17 15:36:56+00:00,2026-06-18 00:36:56+09:00,0,3,0,validation,15.394859,0.7951406860351575,0.7951406860351575,50+ km
VEH_12,VEH_12_FINAL_0004,Final,2026-06-17 15:36:56+00:00,2026-06-17 16:27:01.063000+00:00,62.510975,50.084383333333335,49.21,89.0,29.013546835917875,1075.8333333333333,1674.75,407.8954029187167,0.0,0.0674069155990823,16.19,0.624,High,2026-06-17 15:36:56+00:00,2026-06-18 00:36:56+09:00,0,3,0,validation,15.394859,0.7951406860351575,0.7951406860351575,50+ km
VEH_06,VEH_06_AFTER_0565,After,2026-06-17 16:32:10+00:00,2026-06-17 17:03:22+00:00,31.613213,31.2,37.104166666666664,89.0,29.64002051234483,1063.307142857143,1857.5,402.52926728426615,0.0,0.0980956547000898,7.25,9.503,High,2026-06-17 16:32:10+00:00,2026-06-18 01:32:10+09:00,1,3,0,validation,7.8711967,-0.6211967468261719,0.6211967468261719,20-50 km
VEH_06,VEH_06_FINAL_0004,Final,2026-06-17 16:32:10+00:00,2026-06-17 17:03:22+00:00,31.613213,31.2,37.104166666666664,89.0,29.64002051234483,1063.307142857143,1857.5,402.52926728426615,0.0,0.0980956547000898,7.25,9.503,High,2026-06-17 16:32:10+00:00,2026-06-18 01:32:10+09:00,1,3,0,validation,7.8711967,-0.6211967468261719,0.6211967468261719,20-50 km
VEH_12,VEH_12_AFTER_0504,After,2026-06-17 16:49:12.063000+00:00,2026-06-17 17:11:46+00:00,18.95811,22.565616666666664,34.68235294117647,93.0,27.22594427237541,1014.6590909090908,1732.5,433.45492678445703,0.0,0.1356424548362795,5.7,3.973,High,2026-06-17 16:49:12.063000+00:00,2026-06-18 01:49:12.063000+09:00,1,3,0,validation,5.9106836,-0.21068363189697248,0.21068363189697248,5-20 km
VEH_12,VEH_12_FINAL_0005,Final,2026-06-17 16:49:12.063000+00:00,2026-06-17 17:11:46+00:00,18.95811,22.565616666666664,34.68235294117647,93.0,27.22594427237541,1014.6590909090908,1732.5,433.45492678445703,0.0,0.1356424548362795,5.7,3.973,High,2026-06-17 16:49:12.063000+00:00,2026-06-18 01:49:12.063000+09:00,1,3,0,validation,5.9106836,-0.21068363189697248,0.21068363189697248,5-20 km
VEH_05,VEH_05_AFTER_0350,After,2026-06-17 17:15:45+00:00,2026-06-17 18:24:52+00:00,76.74454,69.11666666666666,47.63013698630137,101.0,32.932478389242846,1113.6932989690722,1837.5,410.78826585275374,0.0,0.0432946044700298,43.96,13.003,High,2026-06-17 17:15:45+00:00,2026-06-18 02:15:45+09:00,2,3,0,validation,20.038319,23.921681365966798,23.921681365966798,50+ km
VEH_05,VEH_05_FINAL_0003,Final,2026-06-17 17:15:45+00:00,2026-06-17 18:24:52+00:00,76.74454,69.11666666666666,47.63013698630137,101.0,32.932478389242846,1113.6932989690722,1837.5,410.78826585275374,0.0,0.0432946044700298,43.96,13.003,High,2026-06-17 17:15:45+00:00,2026-06-18 02:15:45+09:00,2,3,0,validation,20.038319,23.921681365966798,23.921681365966798,50+ km
VEH_12,VEH_12_AFTER_0505,After,2026-06-17 17:24:01.063000+00:00,2026-06-17 18:27:38.063000+00:00,75.205444,63.61666666666667,45.372093023255815,90.0,32.01285346688299,1061.7152777777778,1716.5,404.65846861881295,0.0,0.1258219708995843,17.79,0.046,High,2026-06-17 17:24:01.063000+00:00,2026-06-18 02:24:01.063000+09:00,2,3,0,validation,15.783984,2.0060158157348624,2.0060158157348624,50+ km
VEH_12,VEH_12_FINAL_0006,Final,2026-06-17 17:24:01.063000+00:00,2026-06-17 18:27:38.063000+00:00,75.205444,63.61666666666667,45.372093023255815,90.0,32.01285346688299,1061.7152777777778,1716.5,404.65846861881295,0.0,0.1258219708995843,17.79,0.046,High,2026-06-17 17:24:01.063000+00:00,2026-06-18 02:24:01.063000+09:00,2,3,0,validation,15.783984,2.0060158157348624,2.0060158157348624,50+ km
VEH_06,VEH_06_AFTER_0567,After,2026-06-17 18:23:54+00:00,2026-06-17 18:29:41.063000+00:00,3.5864966,5.784383333333333,32.97222222222222,88.0,27.634002918215643,1021.5769230769232,1574.0,366.7370466567736,0.0,0.0826450320121206,15.76,0.21,High,2026-06-17 18:23:54+00:00,2026-06-18 03:23:54+09:00,3,3,0,validation,8.490636,7.269364128112793,7.269364128112793,1-5 km
VEH_06,VEH_06_FINAL_0006,Final,2026-06-17 18:23:54+00:00,2026-06-17 18:29:41.063000+00:00,3.5864966,5.784383333333333,32.97222222222222,88.0,27.634002918215643,1021.5769230769232,1574.0,366.7370466567736,0.0,0.0826450320121206,15.76,0.21,High,2026-06-17 18:23:54+00:00,2026-06-18 03:23:54+09:00,3,3,0,validation,8.490636,7.269364128112793,7.269364128112793,1-5 km
VEH_12,VEH_12_AFTER_0506,After,2026-06-17 18:39:06.063000+00:00,2026-06-17 19:13:21+00:00,41.202053,34.24895,45.42168674698795,89.0,28.10656163235622,1132.7241379310344,1909.0,435.3461976762326,0.0,0.0127646357185709,10.98,5.5,High,2026-06-17 18:39:06.063000+00:00,2026-06-18 03:39:06.063000+09:00,3,3,0,validation,10.65348,0.3265204238891606,0.3265204238891606,20-50 km
VEH_12,VEH_12_FINAL_0007,Final,2026-06-17 18:39:06.063000+00:00,2026-06-17 19:13:21+00:00,41.202053,34.24895,45.42168674698795,89.0,28.10656163235622,1132.7241379310344,1909.0,435.3461976762326,0.0,0.0127646357185709,10.98,5.5,High,2026-06-17 18:39:06.063000+00:00,2026-06-18 03:39:06.063000+09:00,3,3,0,validation,10.65348,0.3265204238891606,0.3265204238891606,20-50 km
VEH_06,VEH_06_AFTER_0569,After,2026-06-17 18:57:52+00:00,2026-06-17 19:26:43+00:00,32.46791,28.85,38.37777777777778,95.0,33.10172126366368,1005.5961538461538,1587.75,364.7786148745873,0.0,0.1520702541338295,8.46,7.07,High,2026-06-17 18:57:52+00:00,2026-06-18 03:57:52+09:00,3,3,0,validation,9.02879,-0.5687904739379874,0.5687904739379874,20-50 km
VEH_06,VEH_06_FINAL_0008,Final,2026-06-17 18:57:52+00:00,2026-06-17 19:26:43+00:00,32.46791,28.85,38.37777777777778,95.0,33.10172126366368,1005.5961538461538,1587.75,364.7786148745873,0.0,0.1520702541338295,8.46,7.07,High,2026-06-17 18:57:52+00:00,2026-06-18 03:57:52+09:00,3,3,0,validation,9.02879,-0.5687904739379874,0.5687904739379874,20-50 km
VEH_06,VEH_06_AFTER_0571,After,2026-06-17 19:52:33+00:00,2026-06-17 20:25:55+00:00,32.700733,33.36666666666667,42.67567567567568,96.0,31.67121697857256,1034.9772727272727,1558.25,380.7620044449363,0.0,0.2201404968099283,8.16,9.167,High,2026-06-17 19:52:33+00:00,2026-06-18 04:52:33+09:00,4,3,0,validation,9.655659,-1.495658721923828,1.495658721923828,20-50 km
VEH_06,VEH_06_FINAL_0010,Final,2026-06-17 19:52:33+00:00,2026-06-17 20:25:55+00:00,32.700733,33.36666666666667,42.67567567567568,96.0,31.67121697857256,1034.9772727272727,1558.25,380.7620044449363,0.0,0.2201404968099283,8.16,9.167,High,2026-06-17 19:52:33+00:00,2026-06-18 04:52:33+09:00,4,3,0,validation,9.655659,-1.495658721923828,1.495658721923828,20-50 km
VEH_11,VEH_11_AFTER_0244,After,2026-06-17 22:04:35.513000+00:00,2026-06-17 22:06:05+00:00,0.10846984,1.49145,3.769230769230769,11.0,3.944886586140949,873.3,1444.5,440.6908610352613,0.0,0.0789267490970245,0.13,12.59,High,2026-06-17 22:04:35.513000+00:00,2026-06-18 07:04:35.513000+09:00,7,3,0,validation,0.2582574,-0.1282573890686035,0.1282573890686035,0-0.5 km
VEH_11,VEH_11_FINAL_0001,Final,2026-06-17 22:04:35.513000+00:00,2026-06-17 22:06:05+00:00,0.10846984,1.49145,3.769230769230769,11.0,3.944886586140949,873.3,1444.5,440.6908610352613,0.0,0.0789267490970245,0.13,12.59,High,2026-06-17 22:04:35.513000+00:00,2026-06-18 07:04:35.513000+09:00,7,3,0,validation,0.2582574,-0.1282573890686035,0.1282573890686035,0-0.5 km
VEH_05,VEH_05_AFTER_0351,After,2026-06-17 23:57:07+00:00,2026-06-18 01:29:41.063000+00:00,80.954254,92.56771666666668,44.332394366197185,94.0,28.016834851782978,1113.071138211382,1824.75,412.1265043770985,0.0,0.0905598860579748,20.19,0.507,High,2026-06-17 23:57:07+00:00,2026-06-18 08:57:07+09:00,8,3,0,validation,20.569206,-0.37920623779296747,0.37920623779296747,50+ km
VEH_05,VEH_05_FINAL_0004,Final,2026-06-17 23:57:07+00:00,2026-06-18 01:29:41.063000+00:00,80.954254,92.56771666666668,44.332394366197185,94.0,28.016834851782978,1113.071138211382,1824.75,412.1265043770985,0.0,0.0905598860579748,20.19,0.507,High,2026-06-17 23:57:07+00:00,2026-06-18 08:57:07+09:00,8,3,0,validation,20.569206,-0.37920623779296747,0.37920623779296747,50+ km
VEH_06,VEH_06_AFTER_0572,After,2026-06-17 23:58:03+00:00,2026-06-18 00:42:40+00:00,40.81441,44.61666666666667,32.43396226415094,88.0,28.837547218573945,1139.0108695652175,1787.0,371.5091320653363,0.0,0.123589295832211,10.47,24.503,High,2026-06-17 23:58:03+00:00,2026-06-18 08:58:03+09:00,8,3,0,validation,10.863233,-0.39323261260986264,0.39323261260986264,20-50 km
VEH_06,VEH_06_FINAL_0011,Final,2026-06-17 23:58:03+00:00,2026-06-18 00:42:40+00:00,40.81441,44.61666666666667,32.43396226415094,88.0,28.837547218573945,1139.0108695652175,1787.0,371.5091320653363,0.0,0.123589295832211,10.47,24.503,High,2026-06-17 23:58:03+00:00,2026-06-18 08:58:03+09:00,8,3,0,validation,10.863233,-0.39323261260986264,0.39323261260986264,20-50 km
VEH_09,VEH_09_AFTER_0706,After,2026-06-18 00:36:55.063000+00:00,2026-06-18 00:55:21+00:00,3.322966,18.43228333333333,15.157142857142857,60.0,14.521546271745615,1178.81875,2432.75,498.6842677679644,0.0,0.2106264263065129,0.58,17.57,High,2026-06-18 00:36:55.063000+00:00,2026-06-18 09:36:55.063000+09:00,9,3,0,validation,0.43567896,0.1443210411071777,0.1443210411071777,1-5 km
VEH_01,VEH_01_AFTER_0674,After,2026-06-18 00:40:28.063000+00:00,2026-06-18 01:35:18+00:00,32.014523,54.83228333333333,33.43859649122807,115.0,29.221607929064888,1292.8975694444443,2592.5,542.6993828542118,0.0,0.0927019546953267,3.29,3.863,High,2026-06-18 00:40:28.063000+00:00,2026-06-18 09:40:28.063000+09:00,9,3,0,validation,3.0169196,0.27308038711547855,0.27308038711547855,20-50 km
VEH_01,VEH_01_FINAL_0001,Final,2026-06-18 00:40:28.063000+00:00,2026-06-18 01:35:18+00:00,32.014523,54.83228333333333,33.43859649122807,115.0,29.221607929064888,1292.8975694444443,2592.5,542.6993828542118,0.0,0.0927019546953267,3.29,3.863,High,2026-06-18 00:40:28.063000+00:00,2026-06-18 09:40:28.063000+09:00,9,3,0,validation,3.0169196,0.27308038711547855,0.27308038711547855,20-50 km
VEH_04,VEH_04_AFTER_0366,After,2026-06-18 00:51:14.063000+00:00,2026-06-18 00:52:07+00:00,0.1,0.8822833333333333,1.7272727272727273,12.0,3.3327823236042473,1038.5,1487.0,317.29507822635173,0.0,0.1350779295747546,0.03,9.687,High,2026-06-18 00:51:14.063000+00:00,2026-06-18 09:51:14.063000+09:00,9,3,0,validation,-0.16181912,0.19181911528110504,0.19181911528110504,0-0.5 km
VEH_04,VEH_04_FINAL_0002,Final,2026-06-18 00:51:14.063000+00:00,2026-06-18 00:52:07+00:00,0.1,0.8822833333333333,1.7272727272727273,12.0,3.3327823236042473,1038.5,1487.0,317.29507822635173,0.0,0.1350779295747546,0.03,9.687,High,2026-06-18 00:51:14.063000+00:00,2026-06-18 09:51:14.063000+09:00,9,3,0,validation,-0.16181912,0.19181911528110504,0.19181911528110504,0-0.5 km
VEH_09,VEH_09_AFTER_0707,After,2026-06-18 01:02:17.127000+00:00,2026-06-18 01:06:04+00:00,0.7764609,3.7812166666666664,15.11111111111111,32.0,10.221920285395871,1145.0083333333334,2273.0,458.187077346385,0.0,0.156374238006891,0.11,1.243,High,2026-06-18 01:02:17.127000+00:00,2026-06-18 10:02:17.127000+09:00,10,3,0,validation,0.15947697,-0.04947696566581726,0.04947696566581726,0.5-1 km
VEH_09,VEH_09_AFTER_0708,After,2026-06-18 01:07:52.063000+00:00,2026-06-18 01:12:14.063000+00:00,1.1093553,4.366666666666666,13.347826086956522,32.0,10.157921285347678,1142.128205128205,2005.0,446.5817138589406,0.0,0.0741484191891964,0.13,0.834,High,2026-06-18 01:07:52.063000+00:00,2026-06-18 10:07:52.063000+09:00,10,3,0,validation,0.1708503,-0.04085030674934387,0.04085030674934387,1-5 km
VEH_09,VEH_09_AFTER_0709,After,2026-06-18 01:14:58.063000+00:00,2026-06-18 01:26:04+00:00,3.6634517,11.09895,23.559139784946236,59.0,13.563441030703212,1199.4468085106382,2191.75,486.38123382535434,0.0,0.0619196064401275,0.47,28.56,High,2026-06-18 01:14:58.063000+00:00,2026-06-18 10:14:58.063000+09:00,10,3,0,validation,0.5427733,-0.07277330636978152,0.07277330636978152,1-5 km
VEH_03,VEH_03_AFTER_0237,After,2026-06-18 01:35:50.063000+00:00,2026-06-18 02:11:06.127000+00:00,23.473715,35.26773333333333,41.26923076923077,103.0,29.43756735764279,1338.4354838709678,2393.0,492.7323054863839,0.0,0.0943311609693845,2.48,14.89,High,2026-06-18 01:35:50.063000+00:00,2026-06-18 10:35:50.063000+09:00,10,3,0,validation,2.4852667,-0.0052666854858398615,0.0052666854858398615,20-50 km
VEH_03,VEH_03_FINAL_0001,Final,2026-06-18 01:35:50.063000+00:00,2026-06-18 02:11:06.127000+00:00,23.473715,35.26773333333333,41.26923076923077,103.0,29.43756735764279,1338.4354838709678,2393.0,492.7323054863839,0.0,0.0943311609693845,2.48,14.89,High,2026-06-18 01:35:50.063000+00:00,2026-06-18 10:35:50.063000+09:00,10,3,0,validation,2.4852667,-0.0052666854858398615,0.0052666854858398615,20-50 km
VEH_01,VEH_01_AFTER_0675,After,2026-06-18 01:41:01.063000+00:00,2026-06-18 01:53:30.127000+00:00,2.1138537,12.4844,11.314606741573034,34.0,9.510013062075858,1159.2543859649122,2345.75,437.4806800025576,0.0,0.176434344700963,0.44,16.923,High,2026-06-18 01:41:01.063000+00:00,2026-06-18 10:41:01.063000+09:00,10,3,0,validation,0.32706088,0.11293912172317505,0.11293912172317505,1-5 km
VEH_01,VEH_01_FINAL_0002,Final,2026-06-18 01:41:01.063000+00:00,2026-06-18 01:53:30.127000+00:00,2.1138537,12.4844,11.314606741573034,34.0,9.510013062075858,1159.2543859649122,2345.75,437.4806800025576,0.0,0.176434344700963,0.44,16.923,High,2026-06-18 01:41:01.063000+00:00,2026-06-18 10:41:01.063000+09:00,10,3,0,validation,0.32706088,0.11293912172317505,0.11293912172317505,1-5 km
VEH_08,VEH_08_AFTER_0429,After,2026-06-18 01:41:30.063000+00:00,2026-06-18 02:11:20+00:00,26.625156,29.832283333333333,43.378787878787875,95.0,28.46995500391073,1253.5416666666667,2039.5,478.3468766230214,0.0,0.0966793492486958,2.07,1.877,High,2026-06-18 01:41:30.063000+00:00,2026-06-18 10:41:30.063000+09:00,10,3,0,validation,2.4593308,-0.38933079719543473,0.38933079719543473,20-50 km
VEH_08,VEH_08_FINAL_0002,Final,2026-06-18 01:41:30.063000+00:00,2026-06-18 02:11:20+00:00,26.625156,29.832283333333333,43.378787878787875,95.0,28.46995500391073,1253.5416666666667,2039.5,478.3468766230214,0.0,0.0966793492486958,2.07,1.877,High,2026-06-18 01:41:30.063000+00:00,2026-06-18 10:41:30.063000+09:00,10,3,0,validation,2.4593308,-0.38933079719543473,0.38933079719543473,20-50 km
VEH_02,VEH_02_AFTER_0341,After,2026-06-18 01:58:05.063000+00:00,2026-06-18 02:09:11+00:00,2.890178,11.09895,20.370786516853933,59.0,14.597507885253666,1248.640756302521,2735.0,523.3444481267976,0.0,0.1041217511802903,0.49,2.8,High,2026-06-18 01:58:05.063000+00:00,2026-06-18 10:58:05.063000+09:00,10,3,0,validation,0.4273883,0.06261168956756591,0.06261168956756591,1-5 km
VEH_01,VEH_01_AFTER_0676,After,2026-06-18 01:58:47.063000+00:00,2026-06-18 02:05:43+00:00,0.96061164,6.932283333333333,9.882352941176473,37.0,10.894587716957965,1063.85,1871.5,384.0098175828321,0.0,0.2146574067587987,0.18,17.597,High,2026-06-18 01:58:47.063000+00:00,2026-06-18 10:58:47.063000+09:00,10,3,0,validation,0.29002205,-0.11002204537391663,0.11002204537391663,0.5-1 km
VEH_01,VEH_01_FINAL_0003,Final,2026-06-18 01:58:47.063000+00:00,2026-06-18 02:05:43+00:00,0.96061164,6.932283333333333,9.882352941176473,37.0,10.894587716957965,1063.85,1871.5,384.0098175828321,0.0,0.2146574067587987,0.18,17.597,High,2026-06-18 01:58:47.063000+00:00,2026-06-18 10:58:47.063000+09:00,10,3,0,validation,0.29002205,-0.11002204537391663,0.11002204537391663,0.5-1 km
VEH_09,VEH_09_AFTER_0710,After,2026-06-18 01:59:48.063000+00:00,2026-06-18 02:11:01.127000+00:00,3.0502098,11.217733333333332,20.213483146067414,64.0,16.64802306994306,1241.4233333333334,2199.5,504.420675913358,0.0,0.1624211880471,0.41,16.186,High,2026-06-18 01:59:48.063000+00:00,2026-06-18 10:59:48.063000+09:00,10,3,0,validation,0.4273883,-0.017388310432434106,0.017388310432434106,1-5 km
VEH_10,VEH_10_AFTER_0578,After,2026-06-18 02:02:53.063000+00:00,2026-06-18 02:29:42+00:00,7.7042356,26.815616666666664,27.141104294478527,88.0,23.046466080085548,1413.6888888888889,2763.0,624.7437433672651,0.0,0.2606478864860042,1.16,1.32,High,2026-06-18 02:02:53.063000+00:00,2026-06-18 11:02:53.063000+09:00,11,3,0,validation,1.2222328,-0.062232818603515705,0.062232818603515705,5-20 km
VEH_07,VEH_07_AFTER_0366,After,2026-06-18 02:04:21.063000+00:00,2026-06-18 02:29:28+00:00,11.241331,25.115616666666664,32.36551724137931,105.0,27.702561513109828,1385.0528455284552,3105.0,593.2124479359919,0.016260162601626,0.1602467201535772,1.44,17.827,High,2026-06-18 02:04:21.063000+00:00,2026-06-18 11:04:21.063000+09:00,11,3,0,validation,1.5413381,-0.10133808612823492,0.10133808612823492,5-20 km
VEH_01,VEH_01_AFTER_0677,After,2026-06-18 02:09:46.063000+00:00,2026-06-18 02:14:50+00:00,0.60663164,5.065616666666667,11.692307692307692,27.0,9.37168087201351,1133.5119047619048,1890.0,455.02694501711653,0.0,0.147903723176844,0.12,2.173,High,2026-06-18 02:09:46.063000+00:00,2026-06-18 11:09:46.063000+09:00,11,3,0,validation,0.18262126,-0.06262125551700592,0.06262125551700592,0.5-1 km
VEH_01,VEH_01_FINAL_0004,Final,2026-06-18 02:09:46.063000+00:00,2026-06-18 02:14:50+00:00,0.60663164,5.065616666666667,11.692307692307692,27.0,9.37168087201351,1133.5119047619048,1890.0,455.02694501711653,0.0,0.147903723176844,0.12,2.173,High,2026-06-18 02:09:46.063000+00:00,2026-06-18 11:09:46.063000+09:00,11,3,0,validation,0.18262126,-0.06262125551700592,0.06262125551700592,0.5-1 km
VEH_02,VEH_02_AFTER_0342,After,2026-06-18 02:11:46.127000+00:00,2026-06-18 02:36:13+00:00,9.202709,24.447883333333333,23.586666666666662,80.0,20.917675672874257,1421.7957746478874,3555.75,628.4814610219968,0.0140845070422535,0.2710581743489763,1.32,2.907,High,2026-06-18 02:11:46.127000+00:00,2026-06-18 11:11:46.127000+09:00,11,3,0,validation,1.168197,0.15180296421051032,0.15180296421051032,5-20 km
VEH_08,VEH_08_AFTER_0430,After,2026-06-18 02:13:07.063000+00:00,2026-06-18 02:24:30.063000+00:00,3.0633013,11.383333333333333,17.541666666666668,50.0,14.636272958342609,1139.5040983606557,1975.0,424.3656463799417,0.0,0.2083977522616442,0.31,0.19,High,2026-06-18 02:13:07.063000+00:00,2026-06-18 11:13:07.063000+09:00,11,3,0,validation,0.42043325,-0.11043325304985047,0.11043325304985047,1-5 km
VEH_08,VEH_08_FINAL_0003,Final,2026-06-18 02:13:07.063000+00:00,2026-06-18 02:24:30.063000+00:00,3.0633013,11.383333333333333,17.541666666666668,50.0,14.636272958342609,1139.5040983606557,1975.0,424.3656463799417,0.0,0.2083977522616442,0.31,0.19,High,2026-06-18 02:13:07.063000+00:00,2026-06-18 11:13:07.063000+09:00,11,3,0,validation,0.42043325,-0.11043325304985047,0.11043325304985047,1-5 km
VEH_04,VEH_04_AFTER_0368,After,2026-06-18 02:18:33.063000+00:00,2026-06-18 02:28:37+00:00,2.4650779,10.065616666666669,18.320987654320987,56.0,17.213135352229372,1432.071428571429,3976.5,728.4104724168445,0.0510204081632653,0.2552673860887516,0.49,5.573,High,2026-06-18 02:18:33.063000+00:00,2026-06-18 11:18:33.063000+09:00,11,3,0,validation,0.47163048,0.018369516134262076,0.018369516134262076,1-5 km
VEH_04,VEH_04_FINAL_0004,Final,2026-06-18 02:18:33.063000+00:00,2026-06-18 02:28:37+00:00,2.4650779,10.065616666666669,18.320987654320987,56.0,17.213135352229372,1432.071428571429,3976.5,728.4104724168445,0.0510204081632653,0.2552673860887516,0.49,5.573,High,2026-06-18 02:18:33.063000+00:00,2026-06-18 11:18:33.063000+09:00,11,3,0,validation,0.47163048,0.018369516134262076,0.018369516134262076,1-5 km
VEH_01,VEH_01_AFTER_0678,After,2026-06-18 02:19:48.063000+00:00,2026-06-18 02:30:32.127000+00:00,2.5115938,10.7344,12.643835616438356,50.0,12.13211504334808,1100.834821428571,2186.75,431.57659288768144,0.0,0.1325331629720506,0.32,16.26,High,2026-06-18 02:19:48.063000+00:00,2026-06-18 11:19:48.063000+09:00,11,3,0,validation,0.34013999,-0.020139985084533685,0.020139985084533685,1-5 km
VEH_01,VEH_01_FINAL_0005,Final,2026-06-18 02:19:48.063000+00:00,2026-06-18 02:30:32.127000+00:00,2.5115938,10.7344,12.643835616438356,50.0,12.13211504334808,1100.834821428571,2186.75,431.57659288768144,0.0,0.1325331629720506,0.32,16.26,High,2026-06-18 02:19:48.063000+00:00,2026-06-18 11:19:48.063000+09:00,11,3,0,validation,0.34013999,-0.020139985084533685,0.020139985084533685,1-5 km
VEH_03,VEH_03_AFTER_0238,After,2026-06-18 02:21:51.063000+00:00,2026-06-18 02:27:10+00:00,1.5821401,5.315616666666667,15.862745098039216,54.0,14.42902794253298,1199.189024390244,2203.75,481.7687140557704,0.0,0.0582961614751805,0.19,4.657,High,2026-06-18 02:21:51.063000+00:00,2026-06-18 11:21:51.063000+09:00,11,3,0,validation,0.23408796,-0.04408795893192291,0.04408795893192291,1-5 km
VEH_03,VEH_03_FINAL_0002,Final,2026-06-18 02:21:51.063000+00:00,2026-06-18 02:27:10+00:00,1.5821401,5.315616666666667,15.862745098039216,54.0,14.42902794253298,1199.189024390244,2203.75,481.7687140557704,0.0,0.0582961614751805,0.19,4.657,High,2026-06-18 02:21:51.063000+00:00,2026-06-18 11:21:51.063000+09:00,11,3,0,validation,0.23408796,-0.04408795893192291,0.04408795893192291,1-5 km
VEH_09,VEH_09_AFTER_0711,After,2026-06-18 02:25:10.063000+00:00,2026-06-18 02:30:18.063000+00:00,1.4611973,5.133333333333334,16.428571428571427,46.0,14.123363188529211,1273.024193548387,2257.5,540.1120976646464,0.0,0.196397130746658,0.23,0.8,High,2026-06-18 02:25:10.063000+00:00,2026-06-18 11:25:10.063000+09:00,11,3,0,validation,0.25208157,-0.022081573009490957,0.022081573009490957,1-5 km
VEH_04,VEH_04_AFTER_0370,After,2026-06-18 02:31:44.063000+00:00,2026-06-18 03:09:04+00:00,24.671865,37.33228333333333,33.11013215859031,100.0,28.185059207629852,1407.296568627451,3660.0,617.9895368728374,0.0147058823529411,0.1997164259938782,2.69,15.77,High,2026-06-18 02:31:44.063000+00:00,2026-06-18 11:31:44.063000+09:00,11,3,0,validation,2.5925703,0.09742969512939448,0.09742969512939448,20-50 km
VEH_04,VEH_04_FINAL_0006,Final,2026-06-18 02:31:44.063000+00:00,2026-06-18 03:09:04+00:00,24.671865,37.33228333333333,33.11013215859031,100.0,28.185059207629852,1407.296568627451,3660.0,617.9895368728374,0.0147058823529411,0.1997164259938782,2.69,15.77,High,2026-06-18 02:31:44.063000+00:00,2026-06-18 11:31:44.063000+09:00,11,3,0,validation,2.5925703,0.09742969512939448,0.09742969512939448,20-50 km
VEH_09,VEH_09_AFTER_0712,After,2026-06-18 02:33:03.063000+00:00,2026-06-18 02:38:37+00:00,0.70900154,5.565616666666667,11.2,34.0,11.981652640600126,1135.3947368421052,1992.25,425.8493317986443,0.0,0.3250011327080784,0.13,22.19,High,2026-06-18 02:33:03.063000+00:00,2026-06-18 11:33:03.063000+09:00,11,3,0,validation,0.22726598,-0.09726598381996154,0.09726598381996154,0.5-1 km
VEH_07,VEH_07_AFTER_0367,After,2026-06-18 02:33:34.063000+00:00,2026-06-18 02:40:12.063000+00:00,2.3682423,6.633333333333334,19.36206896551724,60.0,16.66267589954191,1222.4419642857142,2320.25,495.70116959075415,0.0,0.0780728051391862,0.26,0.084,High,2026-06-18 02:33:34.063000+00:00,2026-06-18 11:33:34.063000+09:00,11,3,0,validation,0.34839103,-0.08839102625846862,0.08839102625846862,1-5 km
VEH_01,VEH_01_AFTER_0679,After,2026-06-18 02:34:01.063000+00:00,2026-06-18 02:57:03+00:00,4.4211655,23.032283333333332,15.0234375,48.0,15.56411379371128,1189.2339743589744,2035.75,448.7787476324076,0.0,0.2934510348209813,0.68,18.917,High,2026-06-18 02:34:01.063000+00:00,2026-06-18 11:34:01.063000+09:00,11,3,0,validation,0.6514506,0.028549425601959277,0.028549425601959277,1-5 km
VEH_01,VEH_01_FINAL_0006,Final,2026-06-18 02:34:01.063000+00:00,2026-06-18 02:57:03+00:00,4.4211655,23.032283333333332,15.0234375,48.0,15.56411379371128,1189.2339743589744,2035.75,448.7787476324076,0.0,0.2934510348209813,0.68,18.917,High,2026-06-18 02:34:01.063000+00:00,2026-06-18 11:34:01.063000+09:00,11,3,0,validation,0.6514506,0.028549425601959277,0.028549425601959277,1-5 km
VEH_02,VEH_02_AFTER_0343,After,2026-06-18 02:38:03.063000+00:00,2026-06-18 02:44:49+00:00,0.9632598,6.765616666666667,12.707317073170731,46.0,13.45497260955424,1378.9555555555555,2539.25,540.7211832587025,0.0,0.2613046927442485,0.28,19.43,High,2026-06-18 02:38:03.063000+00:00,2026-06-18 11:38:03.063000+09:00,11,3,0,validation,0.25063652,0.02936348199844363,0.02936348199844363,0.5-1 km
VEH_09,VEH_09_AFTER_0713,After,2026-06-18 02:41:43.063000+00:00,2026-06-18 02:46:02+00:00,2.586302,4.315616666666667,36.645161290322584,80.0,24.34238091980637,1361.080357142857,2249.0,565.195869389429,0.0,0.0117432282932054,0.31,3.447,High,2026-06-18 02:41:43.063000+00:00,2026-06-18 11:41:43.063000+09:00,11,3,0,validation,0.31878507,-0.008785071372985842,0.008785071372985842,1-5 km
VEH_03,VEH_03_AFTER_0239,After,2026-06-18 02:43:51+00:00,2026-06-18 03:23:55+00:00,24.217527,40.06666666666667,35.78947368421053,100.0,29.77473133445172,1356.6391304347826,2445.0,525.3384925261793,0.0,0.1411007105580307,2.78,17.727,High,2026-06-18 02:43:51+00:00,2026-06-18 11:43:51+09:00,11,3,0,validation,2.5565557,0.22344425201415996,0.22344425201415996,20-50 km
VEH_03,VEH_03_FINAL_0003,Final,2026-06-18 02:43:51+00:00,2026-06-18 03:23:55+00:00,24.217527,40.06666666666667,35.78947368421053,100.0,29.77473133445172,1356.6391304347826,2445.0,525.3384925261793,0.0,0.1411007105580307,2.78,17.727,High,2026-06-18 02:43:51+00:00,2026-06-18 11:43:51+09:00,11,3,0,validation,2.5565557,0.22344425201415996,0.22344425201415996,20-50 km
VEH_09,VEH_09_AFTER_0714,After,2026-06-18 02:47:50.063000+00:00,2026-06-18 02:53:36+00:00,1.1098714,5.765616666666667,11.982758620689657,58.0,13.765889100775128,1113.9407894736842,2100.5,457.2754641488374,0.0,0.1339779981187983,0.14,17.187,High,2026-06-18 02:47:50.063000+00:00,2026-06-18 11:47:50.063000+09:00,11,3,0,validation,0.22839434,-0.08839434444904326,0.08839434444904326,1-5 km
VEH_09,VEH_09_AFTER_0715,After,2026-06-18 02:54:44.063000+00:00,2026-06-18 03:00:19+00:00,1.0977488,5.582283333333334,13.173913043478262,33.0,10.376194216918895,1109.1554054054054,1992.25,416.5138756625405,0.0,0.1446535610506438,0.15,16.947,High,2026-06-18 02:54:44.063000+00:00,2026-06-18 11:54:44.063000+09:00,11,3,0,validation,0.22839434,-0.07839434444904328,0.07839434444904328,1-5 km
VEH_08,VEH_08_AFTER_0432,After,2026-06-18 02:55:12+00:00,2026-06-18 03:41:33+00:00,30.631226,46.35,30.201793721973093,82.0,26.033775860827394,1233.512962962963,2068.75,450.78700862688623,0.0,0.1718721705960992,2.46,22.46,High,2026-06-18 02:55:12+00:00,2026-06-18 11:55:12+09:00,11,3,0,validation,5.1892853,-2.7292852783203125,2.7292852783203125,20-50 km
VEH_08,VEH_08_FINAL_0005,Final,2026-06-18 02:55:12+00:00,2026-06-18 03:41:33+00:00,30.631226,46.35,30.201793721973093,82.0,26.033775860827394,1233.512962962963,2068.75,450.78700862688623,0.0,0.1718721705960992,2.46,22.46,High,2026-06-18 02:55:12+00:00,2026-06-18 11:55:12+09:00,11,3,0,validation,5.1892853,-2.7292852783203125,2.7292852783203125,20-50 km
VEH_09,VEH_09_AFTER_0716,After,2026-06-18 03:03:02.063000+00:00,2026-06-18 03:05:10.063000+00:00,0.11544292,2.1333333333333333,4.090909090909091,15.0,5.230236314051828,977.21875,1448.75,311.0222419071303,0.0,0.355986073674753,0.04,16.477,High,2026-06-18 03:03:02.063000+00:00,2026-06-18 12:03:02.063000+09:00,12,3,0,validation,0.1897818,-0.1497817999124527,0.1497817999124527,0-0.5 km
VEH_12,VEH_12_AFTER_0509,After,2026-06-18 03:05:01.063000+00:00,2026-06-18 03:07:43+00:00,0.13843387,2.6989500000000004,5.75,19.0,7.5291101731877985,824.625,1484.75,470.1707635264022,0.0,0.394186386582404,0.18,6.263,High,2026-06-18 03:05:01.063000+00:00,2026-06-18 12:05:01.063000+09:00,12,3,0,validation,0.0862624,0.09373760253190994,0.09373760253190994,0-0.5 km
VEH_12,VEH_12_FINAL_0010,Final,2026-06-18 03:05:01.063000+00:00,2026-06-18 03:07:43+00:00,0.13843387,2.6989500000000004,5.75,19.0,7.5291101731877985,824.625,1484.75,470.1707635264022,0.0,0.394186386582404,0.18,6.263,High,2026-06-18 03:05:01.063000+00:00,2026-06-18 12:05:01.063000+09:00,12,3,0,validation,0.0862624,0.09373760253190994,0.09373760253190994,0-0.5 km
VEH_01,VEH_01_AFTER_0680,After,2026-06-18 03:05:46.063000+00:00,2026-06-18 03:12:35+00:00,1.1538142,6.815616666666667,12.651162790697674,43.0,13.160695042312735,1199.470238095238,2075.5,475.8228374365124,0.0,0.3044029375653676,0.26,1.663,High,2026-06-18 03:05:46.063000+00:00,2026-06-18 12:05:46.063000+09:00,12,3,0,validation,0.25042453,0.00957546591758729,0.00957546591758729,1-5 km
VEH_01,VEH_01_FINAL_0007,Final,2026-06-18 03:05:46.063000+00:00,2026-06-18 03:12:35+00:00,1.1538142,6.815616666666667,12.651162790697674,43.0,13.160695042312735,1199.470238095238,2075.5,475.8228374365124,0.0,0.3044029375653676,0.26,1.663,High,2026-06-18 03:05:46.063000+00:00,2026-06-18 12:05:46.063000+09:00,12,3,0,validation,0.25042453,0.00957546591758729,0.00957546591758729,1-5 km
VEH_02,VEH_02_AFTER_0344,After,2026-06-18 03:05:51.063000+00:00,2026-06-18 03:10:14+00:00,0.8419593,4.3822833333333335,14.961538461538462,48.0,10.182869359977415,1202.0,2350.5,518.3040106925664,0.0,0.0333380377856524,0.21,8.277,High,2026-06-18 03:05:51.063000+00:00,2026-06-18 12:05:51.063000+09:00,12,3,0,validation,0.14247999,0.06752001404762267,0.06752001404762267,0.5-1 km
VEH_09,VEH_09_AFTER_0717,After,2026-06-18 03:11:20.063000+00:00,2026-06-18 03:41:04.063000+00:00,9.308118,29.733333333333334,19.23611111111111,69.0,17.19535875328924,1182.3264563106795,2751.75,472.5244021197289,0.0,0.2256758531891723,1.07,0.744,High,2026-06-18 03:11:20.063000+00:00,2026-06-18 12:11:20.063000+09:00,12,3,0,validation,1.1231133,-0.05311327457427972,0.05311327457427972,5-20 km
VEH_01,VEH_01_AFTER_0681,After,2026-06-18 03:15:45.127000+00:00,2026-06-18 03:22:35.187000+00:00,1.3539281,6.834333333333333,11.375,47.0,13.523210866612157,1098.3145161290322,2240.25,494.2122518411772,0.0,0.1815516904436193,0.24,15.576,High,2026-06-18 03:15:45.127000+00:00,2026-06-18 12:15:45.127000+09:00,12,3,0,validation,0.26119956,-0.02119956374168397,0.02119956374168397,1-5 km
VEH_01,VEH_01_FINAL_0008,Final,2026-06-18 03:15:45.127000+00:00,2026-06-18 03:22:35.187000+00:00,1.3539281,6.834333333333333,11.375,47.0,13.523210866612157,1098.3145161290322,2240.25,494.2122518411772,0.0,0.1815516904436193,0.24,15.576,High,2026-06-18 03:15:45.127000+00:00,2026-06-18 12:15:45.127000+09:00,12,3,0,validation,0.26119956,-0.02119956374168397,0.02119956374168397,1-5 km
VEH_07,VEH_07_AFTER_0368,After,2026-06-18 03:15:47.063000+00:00,2026-06-18 03:43:37+00:00,10.735254,27.832283333333333,28.42105263157895,84.0,22.45068464428713,1261.3886363636364,2326.0,509.8332933714301,0.0,0.1516165631685157,1.2,24.03,High,2026-06-18 03:15:47.063000+00:00,2026-06-18 12:15:47.063000+09:00,12,3,0,validation,1.2443041,-0.044304060935974166,0.044304060935974166,5-20 km
VEH_01,VEH_01_AFTER_0682,After,2026-06-18 03:26:04.063000+00:00,2026-06-18 03:29:50+00:00,0.5333356,3.765616666666667,8.378378378378379,23.0,7.298098054163232,1155.78125,1685.0,391.6758751964914,0.0,0.035638676392101,0.17,17.62,High,2026-06-18 03:26:04.063000+00:00,2026-06-18 12:26:04.063000+09:00,12,3,0,validation,0.11679942,0.053200578391551984,0.053200578391551984,0.5-1 km
VEH_01,VEH_01_FINAL_0009,Final,2026-06-18 03:26:04.063000+00:00,2026-06-18 03:29:50+00:00,0.5333356,3.765616666666667,8.378378378378379,23.0,7.298098054163232,1155.78125,1685.0,391.6758751964914,0.0,0.035638676392101,0.17,17.62,High,2026-06-18 03:26:04.063000+00:00,2026-06-18 12:26:04.063000+09:00,12,3,0,validation,0.11679942,0.053200578391551984,0.053200578391551984,0.5-1 km
VEH_01,VEH_01_AFTER_0683,After,2026-06-18 03:34:47.063000+00:00,2026-06-18 03:41:43+00:00,0.7421733,6.932283333333333,8.179487179487179,27.0,7.728972449273612,1043.9583333333333,1573.5,316.95959313539566,0.0,0.2359661170811646,0.15,19.847,High,2026-06-18 03:34:47.063000+00:00,2026-06-18 12:34:47.063000+09:00,12,3,0,validation,0.3940371,-0.24403709769248963,0.24403709769248963,0.5-1 km
VEH_01,VEH_01_FINAL_0010,Final,2026-06-18 03:34:47.063000+00:00,2026-06-18 03:41:43+00:00,0.7421733,6.932283333333333,8.179487179487179,27.0,7.728972449273612,1043.9583333333333,1573.5,316.95959313539566,0.0,0.2359661170811646,0.15,19.847,High,2026-06-18 03:34:47.063000+00:00,2026-06-18 12:34:47.063000+09:00,12,3,0,validation,0.3940371,-0.24403709769248963,0.24403709769248963,0.5-1 km
VEH_01,VEH_01_AFTER_0685,After,2026-06-18 03:57:50+00:00,2026-06-18 04:04:17+00:00,1.211286,6.45,12.941176470588236,50.0,10.685177133797216,1060.642857142857,1672.25,346.8308268435486,0.0,0.0131102360320961,0.4,3.147,High,2026-06-18 03:57:50+00:00,2026-06-18 12:57:50+09:00,12,3,0,validation,0.3128473,0.08715271353721621,0.08715271353721621,1-5 km
VEH_01,VEH_01_FINAL_0012,Final,2026-06-18 03:57:50+00:00,2026-06-18 04:04:17+00:00,1.211286,6.45,12.941176470588236,50.0,10.685177133797216,1060.642857142857,1672.25,346.8308268435486,0.0,0.0131102360320961,0.4,3.147,High,2026-06-18 03:57:50+00:00,2026-06-18 12:57:50+09:00,12,3,0,validation,0.3128473,0.08715271353721621,0.08715271353721621,1-5 km
VEH_01,VEH_01_AFTER_0686,After,2026-06-18 04:07:09.063000+00:00,2026-06-18 04:08:47+00:00,0.19178034,1.6322833333333333,7.0,18.0,6.645800679125628,1113.75,1728.75,450.2514019967067,0.0,0.1479256345937464,0.06,1.697,High,2026-06-18 04:07:09.063000+00:00,2026-06-18 13:07:09.063000+09:00,13,3,0,validation,0.17505674,-0.11505674064159394,0.11505674064159394,0-0.5 km
VEH_01,VEH_01_FINAL_0013,Final,2026-06-18 04:07:09.063000+00:00,2026-06-18 04:08:47+00:00,0.19178034,1.6322833333333333,7.0,18.0,6.645800679125628,1113.75,1728.75,450.2514019967067,0.0,0.1479256345937464,0.06,1.697,High,2026-06-18 04:07:09.063000+00:00,2026-06-18 13:07:09.063000+09:00,13,3,0,validation,0.17505674,-0.11505674064159394,0.11505674064159394,0-0.5 km
VEH_09,VEH_09_AFTER_0718,After,2026-06-18 04:09:47.063000+00:00,2026-06-18 04:10:55.063000+00:00,0.15597223,1.1333333333333333,7.928571428571429,25.0,7.411036998136975,1069.071428571429,1872.5,447.7769636590001,0.0,0.0742562415906712,0.03,26.984,High,2026-06-18 04:09:47.063000+00:00,2026-06-18 13:09:47.063000+09:00,13,3,0,validation,0.13503483,-0.10503482937812805,0.10503482937812805,0-0.5 km
VEH_01,VEH_01_AFTER_0687,After,2026-06-18 04:12:17.127000+00:00,2026-06-18 04:19:28+00:00,1.3926897,7.181216666666667,10.191489361702128,30.0,10.094528321676098,1060.9204545454545,1717.0,410.09492655500753,0.0,0.1677214212947241,0.2,1.647,High,2026-06-18 04:12:17.127000+00:00,2026-06-18 13:12:17.127000+09:00,13,3,0,validation,0.3510954,-0.15109540820121764,0.15109540820121764,1-5 km
VEH_01,VEH_01_FINAL_0014,Final,2026-06-18 04:12:17.127000+00:00,2026-06-18 04:19:28+00:00,1.3926897,7.181216666666667,10.191489361702128,30.0,10.094528321676098,1060.9204545454545,1717.0,410.09492655500753,0.0,0.1677214212947241,0.2,1.647,High,2026-06-18 04:12:17.127000+00:00,2026-06-18 13:12:17.127000+09:00,13,3,0,validation,0.3510954,-0.15109540820121764,0.15109540820121764,1-5 km
VEH_01,VEH_01_AFTER_0688,After,2026-06-18 04:25:43.063000+00:00,2026-06-18 04:35:02+00:00,1.3428481,9.315616666666669,10.6,39.0,12.730366146432011,1090.404761904762,1922.0,431.7666262011618,0.0,0.3004977252000433,0.28,2.54,High,2026-06-18 04:25:43.063000+00:00,2026-06-18 13:25:43.063000+09:00,13,3,0,validation,0.27123618,0.008763818740844753,0.008763818740844753,1-5 km
VEH_01,VEH_01_FINAL_0015,Final,2026-06-18 04:25:43.063000+00:00,2026-06-18 04:35:02+00:00,1.3428481,9.315616666666669,10.6,39.0,12.730366146432011,1090.404761904762,1922.0,431.7666262011618,0.0,0.3004977252000433,0.28,2.54,High,2026-06-18 04:25:43.063000+00:00,2026-06-18 13:25:43.063000+09:00,13,3,0,validation,0.27123618,0.008763818740844753,0.008763818740844753,1-5 km
VEH_02,VEH_02_AFTER_0346,After,2026-06-18 04:34:08.063000+00:00,2026-06-18 04:47:32.127000+00:00,2.907918,13.401066666666669,20.75229357798165,67.0,16.71792751043284,1290.7708333333333,2667.75,565.5144056244279,0.0,0.1494819253881067,0.54,16.366,High,2026-06-18 04:34:08.063000+00:00,2026-06-18 13:34:08.063000+09:00,13,3,0,validation,0.42947719,0.11052281498909,0.11052281498909,1-5 km
VEH_09,VEH_09_AFTER_0719,After,2026-06-18 04:34:48.127000+00:00,2026-06-18 04:40:42+00:00,1.3006085,5.897883333333334,21.483333333333334,55.0,12.724637082796855,1288.8283582089553,2571.25,562.355555598262,0.0,0.0212870712804217,0.29,18.68,High,2026-06-18 04:34:48.127000+00:00,2026-06-18 13:34:48.127000+09:00,13,3,0,validation,0.2850921,0.004907914400100688,0.004907914400100688,1-5 km
VEH_10,VEH_10_AFTER_0582,After,2026-06-18 04:38:49.127000+00:00,2026-06-18 04:56:10.063000+00:00,4.8775716,17.34893333333333,22.246376811594203,69.0,19.185898956175176,1289.2395833333333,2480.75,554.4804610284535,0.0,0.1839477837069761,0.72,0.634,High,2026-06-18 04:38:49.127000+00:00,2026-06-18 13:38:49.127000+09:00,13,3,0,validation,0.6755181,0.04448190450668332,0.04448190450668332,1-5 km
VEH_07,VEH_07_AFTER_0369,After,2026-06-18 04:40:45.063000+00:00,2026-06-18 05:03:34+00:00,10.622407,22.815616666666664,27.464,94.0,24.86846806701209,1279.5375,2480.75,528.9560834106015,0.0,0.1319771939724684,1.31,1.003,High,2026-06-18 04:40:45.063000+00:00,2026-06-18 13:40:45.063000+09:00,13,3,0,validation,1.20612,0.10387998580932623,0.10387998580932623,5-20 km
VEH_01,VEH_01_AFTER_0689,After,2026-06-18 04:41:18.063000+00:00,2026-06-18 04:55:25+00:00,1.5901592,14.115616666666666,8.688311688311689,47.0,11.112482440065875,1125.701923076923,1974.25,409.41025255866265,0.0,0.1643103411657262,0.32,18.567,High,2026-06-18 04:41:18.063000+00:00,2026-06-18 13:41:18.063000+09:00,13,3,0,validation,0.28786007,0.03213993430137635,0.03213993430137635,1-5 km
VEH_01,VEH_01_FINAL_0016,Final,2026-06-18 04:41:18.063000+00:00,2026-06-18 04:55:25+00:00,1.5901592,14.115616666666666,8.688311688311689,47.0,11.112482440065875,1125.701923076923,1974.25,409.41025255866265,0.0,0.1643103411657262,0.32,18.567,High,2026-06-18 04:41:18.063000+00:00,2026-06-18 13:41:18.063000+09:00,13,3,0,validation,0.28786007,0.03213993430137635,0.03213993430137635,1-5 km
VEH_09,VEH_09_AFTER_0720,After,2026-06-18 04:43:37.063000+00:00,2026-06-18 04:57:55+00:00,4.2091084,14.29895,20.314606741573034,60.0,15.381731105816405,1143.778409090909,2081.75,466.0393510742862,0.0,0.0980824395916785,0.46,1.107,High,2026-06-18 04:43:37.063000+00:00,2026-06-18 13:43:37.063000+09:00,13,3,0,validation,0.6312386,-0.17123857975006102,0.17123857975006102,1-5 km
VEH_03,VEH_03_AFTER_0240,After,2026-06-18 04:45:08.063000+00:00,2026-06-18 05:26:31+00:00,24.640465,41.38228333333333,29.18326693227092,99.0,30.097422804065392,1282.7399193548388,2698.0,531.5110311262265,0.0,0.1046603306069943,2.66,1.377,High,2026-06-18 04:45:08.063000+00:00,2026-06-18 13:45:08.063000+09:00,13,3,0,validation,2.5482402,0.1117598152160646,0.1117598152160646,20-50 km
VEH_03,VEH_03_FINAL_0004,Final,2026-06-18 04:45:08.063000+00:00,2026-06-18 05:26:31+00:00,24.640465,41.38228333333333,29.18326693227092,99.0,30.097422804065392,1282.7399193548388,2698.0,531.5110311262265,0.0,0.1046603306069943,2.66,1.377,High,2026-06-18 04:45:08.063000+00:00,2026-06-18 13:45:08.063000+09:00,13,3,0,validation,2.5482402,0.1117598152160646,0.1117598152160646,20-50 km
VEH_05,VEH_05_AFTER_0352,After,2026-06-18 04:47:24.063000+00:00,2026-06-18 05:27:59+00:00,21.86164,40.58228333333333,29.13071895424837,96.0,22.027224038210303,1093.2063492063492,1797.5,428.700846457455,0.0,0.0778012174396487,6.92,8.87,High,2026-06-18 04:47:24.063000+00:00,2026-06-18 13:47:24.063000+09:00,13,3,0,validation,6.40288,0.5171198081970214,0.5171198081970214,20-50 km
VEH_05,VEH_05_FINAL_0005,Final,2026-06-18 04:47:24.063000+00:00,2026-06-18 05:27:59+00:00,21.86164,40.58228333333333,29.13071895424837,96.0,22.027224038210303,1093.2063492063492,1797.5,428.700846457455,0.0,0.0778012174396487,6.92,8.87,High,2026-06-18 04:47:24.063000+00:00,2026-06-18 13:47:24.063000+09:00,13,3,0,validation,6.40288,0.5171198081970214,0.5171198081970214,20-50 km
VEH_04,VEH_04_AFTER_0371,After,2026-06-18 04:50:09.063000+00:00,2026-06-18 05:26:31+00:00,26.789234,36.36561666666667,45.35408560311284,129.0,37.93332150227563,1755.991341991342,3797.5,920.8401325466808,0.1255411255411255,0.2049271585454549,3.7,6.45,High,2026-06-18 04:50:09.063000+00:00,2026-06-18 13:50:09.063000+09:00,13,3,0,validation,3.092463,0.6075369834899904,0.6075369834899904,20-50 km
VEH_04,VEH_04_FINAL_0007,Final,2026-06-18 04:50:09.063000+00:00,2026-06-18 05:26:31+00:00,26.789234,36.36561666666667,45.35408560311284,129.0,37.93332150227563,1755.991341991342,3797.5,920.8401325466808,0.1255411255411255,0.2049271585454549,3.7,6.45,High,2026-06-18 04:50:09.063000+00:00,2026-06-18 13:50:09.063000+09:00,13,3,0,validation,3.092463,0.6075369834899904,0.6075369834899904,20-50 km
VEH_08,VEH_08_AFTER_0433,After,2026-06-18 04:51:10.063000+00:00,2026-06-18 05:23:15+00:00,26.559776,32.08228333333333,42.74603174603175,96.0,27.70219649418015,1328.2423076923078,2983.5,577.2593420792351,0.0,0.0939599328574805,2.25,1.22,High,2026-06-18 04:51:10.063000+00:00,2026-06-18 13:51:10.063000+09:00,13,3,0,validation,2.15158,0.0984199047088623,0.0984199047088623,20-50 km
VEH_08,VEH_08_FINAL_0006,Final,2026-06-18 04:51:10.063000+00:00,2026-06-18 05:23:15+00:00,26.559776,32.08228333333333,42.74603174603175,96.0,27.70219649418015,1328.2423076923078,2983.5,577.2593420792351,0.0,0.0939599328574805,2.25,1.22,High,2026-06-18 04:51:10.063000+00:00,2026-06-18 13:51:10.063000+09:00,13,3,0,validation,2.15158,0.0984199047088623,0.0984199047088623,20-50 km
VEH_10,VEH_10_AFTER_0583,After,2026-06-18 04:58:31.063000+00:00,2026-06-18 05:16:03.063000+00:00,6.3681345,17.533333333333335,29.4811320754717,74.0,22.139451311601707,1346.530303030303,2596.0,542.2573519076417,0.0,0.2259552681353826,0.71,15.94,High,2026-06-18 04:58:31.063000+00:00,2026-06-18 13:58:31.063000+09:00,13,3,0,validation,0.76650435,-0.05650434732437137,0.05650434732437137,5-20 km
VEH_09,VEH_09_AFTER_0721,After,2026-06-18 05:01:50.063000+00:00,2026-06-18 05:03:43.063000+00:00,0.52023095,1.8833333333333333,15.428571428571429,35.0,10.668473486427766,1104.3333333333333,1879.25,423.6261880741348,0.0,0.0727045373347624,0.05,0.894,High,2026-06-18 05:01:50.063000+00:00,2026-06-18 14:01:50.063000+09:00,14,3,0,validation,0.09966678,-0.049666781723499295,0.049666781723499295,0.5-1 km
VEH_01,VEH_01_AFTER_0690,After,2026-06-18 05:05:24.063000+00:00,2026-06-18 05:12:09+00:00,0.6486182,6.74895,8.609756097560975,32.0,8.842464199036563,1119.42,1880.0,399.1690789627874,0.0,0.1583538083538083,0.27,17.633,High,2026-06-18 05:05:24.063000+00:00,2026-06-18 14:05:24.063000+09:00,14,3,0,validation,0.21319306,0.056806941032409686,0.056806941032409686,0.5-1 km
VEH_01,VEH_01_FINAL_0017,Final,2026-06-18 05:05:24.063000+00:00,2026-06-18 05:12:09+00:00,0.6486182,6.74895,8.609756097560975,32.0,8.842464199036563,1119.42,1880.0,399.1690789627874,0.0,0.1583538083538083,0.27,17.633,High,2026-06-18 05:05:24.063000+00:00,2026-06-18 14:05:24.063000+09:00,14,3,0,validation,0.21319306,0.056806941032409686,0.056806941032409686,0.5-1 km
VEH_02,VEH_02_AFTER_0348,After,2026-06-18 05:07:40.063000+00:00,2026-06-18 05:17:00+00:00,4.2786374,9.332283333333333,28.466666666666665,73.0,21.67784327115797,1386.5963541666667,2628.25,576.8594846796167,0.0,0.1345462334447285,0.65,19.607,High,2026-06-18 05:07:40.063000+00:00,2026-06-18 14:07:40.063000+09:00,14,3,0,validation,0.67549556,-0.02549556493759153,0.02549556493759153,1-5 km
VEH_07,VEH_07_AFTER_0370,After,2026-06-18 05:08:21.063000+00:00,2026-06-18 05:17:33+00:00,2.3780382,9.19895,24.5,64.0,18.666328460139617,1299.5182926829268,2386.5,542.8528873344314,0.0,0.1758721424924839,0.37,3.947,High,2026-06-18 05:08:21.063000+00:00,2026-06-18 14:08:21.063000+09:00,14,3,0,validation,0.370407,-0.00040698528289795366,0.00040698528289795366,1-5 km
VEH_09,VEH_09_AFTER_0722,After,2026-06-18 05:16:26.063000+00:00,2026-06-18 05:17:02.127000+00:00,0.1640338,0.6010666666666666,11.428571428571429,23.0,9.54473890770861,1156.8125,1861.75,476.68639373150774,0.0,0.0,0.01,0.833,High,2026-06-18 05:16:26.063000+00:00,2026-06-18 14:16:26.063000+09:00,14,3,0,validation,-0.0050821146,0.015082114599645138,0.015082114599645138,0-0.5 km
VEH_10,VEH_10_AFTER_0584,After,2026-06-18 05:21:23.063000+00:00,2026-06-18 06:06:44+00:00,13.865111,45.348949999999995,23.53985507246377,72.0,19.150108940754468,1282.6857142857143,2492.25,511.1123136286751,0.0,0.215591790519078,1.64,17.68,High,2026-06-18 05:21:23.063000+00:00,2026-06-18 14:21:23.063000+09:00,14,3,0,validation,1.6586584,-0.01865838527679453,0.01865838527679453,5-20 km
VEH_09,VEH_09_AFTER_0723,After,2026-06-18 05:22:33.063000+00:00,2026-06-18 05:31:34+00:00,2.550362,9.015616666666666,19.20731707317073,53.0,14.261270942642684,1182.7067901234568,2232.0,520.1575256861793,0.0,0.1329131596792852,0.36,16.78,High,2026-06-18 05:22:33.063000+00:00,2026-06-18 14:22:33.063000+09:00,14,3,0,validation,0.3683181,-0.00831811070442201,0.00831811070442201,1-5 km
VEH_08,VEH_08_AFTER_0434,After,2026-06-18 05:25:16.063000+00:00,2026-06-18 05:37:22+00:00,3.068956,12.09895,17.08695652173913,45.0,12.888866255258286,1239.1858108108108,2143.75,492.6094388299341,0.0,0.2119213410095261,0.52,1.48,High,2026-06-18 05:25:16.063000+00:00,2026-06-18 14:25:16.063000+09:00,14,3,0,validation,0.4217633,0.0982366991043091,0.0982366991043091,1-5 km
VEH_08,VEH_08_FINAL_0007,Final,2026-06-18 05:25:16.063000+00:00,2026-06-18 05:37:22+00:00,3.068956,12.09895,17.08695652173913,45.0,12.888866255258286,1239.1858108108108,2143.75,492.6094388299341,0.0,0.2119213410095261,0.52,1.48,High,2026-06-18 05:25:16.063000+00:00,2026-06-18 14:25:16.063000+09:00,14,3,0,validation,0.4217633,0.0982366991043091,0.0982366991043091,1-5 km
VEH_02,VEH_02_AFTER_0349,After,2026-06-18 05:30:42.063000+00:00,2026-06-18 05:47:52+00:00,7.354,17.165616666666665,25.974358974358974,81.0,21.569391710874005,1328.5985401459857,2720.5,534.7452019263663,0.0,0.0778974600135606,0.89,17.57,High,2026-06-18 05:30:42.063000+00:00,2026-06-18 14:30:42.063000+09:00,14,3,0,validation,0.80874836,0.08125163555145265,0.08125163555145265,5-20 km
VEH_04,VEH_04_AFTER_0372,After,2026-06-18 05:31:37.063000+00:00,2026-06-18 05:34:57.063000+00:00,0.7745459,3.3333333333333335,13.846153846153848,29.0,10.376349987026,1186.7,2212.0,469.82454171743734,0.0,0.2527181883464311,0.11,2.897,High,2026-06-18 05:31:37.063000+00:00,2026-06-18 14:31:37.063000+09:00,14,3,0,validation,0.16080701,-0.050807013511657714,0.050807013511657714,0.5-1 km
VEH_04,VEH_04_FINAL_0008,Final,2026-06-18 05:31:37.063000+00:00,2026-06-18 05:34:57.063000+00:00,0.7745459,3.3333333333333335,13.846153846153848,29.0,10.376349987026,1186.7,2212.0,469.82454171743734,0.0,0.2527181883464311,0.11,2.897,High,2026-06-18 05:31:37.063000+00:00,2026-06-18 14:31:37.063000+09:00,14,3,0,validation,0.16080701,-0.050807013511657714,0.050807013511657714,0.5-1 km
VEH_05,VEH_05_AFTER_0353,After,2026-06-18 05:34:24.063000+00:00,2026-06-18 06:46:14+00:00,57.10035,71.83228333333334,38.11244979919679,92.0,29.707195685971243,1030.5872641509434,1836.0,396.9745236859951,0.0,0.0200729887984904,14.97,28.503,High,2026-06-18 05:34:24.063000+00:00,2026-06-18 14:34:24.063000+09:00,14,3,0,validation,17.753067,-2.783067016601562,2.783067016601562,50+ km
VEH_05,VEH_05_FINAL_0006,Final,2026-06-18 05:34:24.063000+00:00,2026-06-18 06:46:14+00:00,57.10035,71.83228333333334,38.11244979919679,92.0,29.707195685971243,1030.5872641509434,1836.0,396.9745236859951,0.0,0.0200729887984904,14.97,28.503,High,2026-06-18 05:34:24.063000+00:00,2026-06-18 14:34:24.063000+09:00,14,3,0,validation,17.753067,-2.783067016601562,2.783067016601562,50+ km
VEH_08,VEH_08_AFTER_0435,After,2026-06-18 05:38:13.127000+00:00,2026-06-18 05:45:11.063000+00:00,1.4701858,6.965599999999999,13.808510638297872,45.0,14.268904292085477,1155.5367647058824,2047.75,477.1109098936356,0.0,0.347097811993953,0.24,0.92,High,2026-06-18 05:38:13.127000+00:00,2026-06-18 14:38:13.127000+09:00,14,3,0,validation,0.2623279,-0.0223279094696045,0.0223279094696045,1-5 km
VEH_08,VEH_08_FINAL_0008,Final,2026-06-18 05:38:13.127000+00:00,2026-06-18 05:45:11.063000+00:00,1.4701858,6.965599999999999,13.808510638297872,45.0,14.268904292085477,1155.5367647058824,2047.75,477.1109098936356,0.0,0.347097811993953,0.24,0.92,High,2026-06-18 05:38:13.127000+00:00,2026-06-18 14:38:13.127000+09:00,14,3,0,validation,0.2623279,-0.0223279094696045,0.0223279094696045,1-5 km
VEH_01,VEH_01_AFTER_0693,After,2026-06-18 05:40:03.063000+00:00,2026-06-18 05:44:51+00:00,0.5321238,4.7989500000000005,8.571428571428571,21.0,7.123545322322563,1081.0795454545455,2034.25,382.1936561896489,0.0,0.1767603229237392,0.12,4.467,High,2026-06-18 05:40:03.063000+00:00,2026-06-18 14:40:03.063000+09:00,14,3,0,validation,0.13402566,-0.014025663137435918,0.014025663137435918,0.5-1 km
VEH_01,VEH_01_FINAL_0020,Final,2026-06-18 05:40:03.063000+00:00,2026-06-18 05:44:51+00:00,0.5321238,4.7989500000000005,8.571428571428571,21.0,7.123545322322563,1081.0795454545455,2034.25,382.1936561896489,0.0,0.1767603229237392,0.12,4.467,High,2026-06-18 05:40:03.063000+00:00,2026-06-18 14:40:03.063000+09:00,14,3,0,validation,0.13402566,-0.014025663137435918,0.014025663137435918,0.5-1 km
VEH_09,VEH_09_AFTER_0724,After,2026-06-18 05:42:46.063000+00:00,2026-06-18 05:49:41+00:00,1.917442,6.915616666666667,18.314814814814813,38.0,11.753366852656043,1189.7295918367347,2009.5,471.905283422725,0.0,0.0054760416353873,0.31,17.36,High,2026-06-18 05:42:46.063000+00:00,2026-06-18 14:42:46.063000+09:00,14,3,0,validation,0.35643998,-0.046439977884292605,0.046439977884292605,1-5 km
VEH_03,VEH_03_AFTER_0241,After,2026-06-18 05:44:05.127000+00:00,2026-06-18 05:51:27+00:00,1.350554,7.36455,15.592592592592592,47.0,15.08803612201417,1241.1891891891892,2648.0,599.5394217743357,0.0,0.3240329905517565,0.24,1.84,High,2026-06-18 05:44:05.127000+00:00,2026-06-18 14:44:05.127000+09:00,14,3,0,validation,0.27002054,-0.03002054452896119,0.03002054452896119,1-5 km
VEH_03,VEH_03_FINAL_0005,Final,2026-06-18 05:44:05.127000+00:00,2026-06-18 05:51:27+00:00,1.350554,7.36455,15.592592592592592,47.0,15.08803612201417,1241.1891891891892,2648.0,599.5394217743357,0.0,0.3240329905517565,0.24,1.84,High,2026-06-18 05:44:05.127000+00:00,2026-06-18 14:44:05.127000+09:00,14,3,0,validation,0.27002054,-0.03002054452896119,0.03002054452896119,1-5 km
VEH_08,VEH_08_AFTER_0436,After,2026-06-18 05:46:51.063000+00:00,2026-06-18 06:12:23+00:00,6.474167,25.532283333333332,15.955307262569832,51.0,15.198067073897414,1190.3013392857142,2142.0,470.7018187381317,0.0,0.2527091099960482,0.79,20.513,High,2026-06-18 05:46:51.063000+00:00,2026-06-18 14:46:51.063000+09:00,14,3,0,validation,0.81207234,-0.022072336673736537,0.022072336673736537,5-20 km
VEH_08,VEH_08_FINAL_0009,Final,2026-06-18 05:46:51.063000+00:00,2026-06-18 06:12:23+00:00,6.474167,25.532283333333332,15.955307262569832,51.0,15.198067073897414,1190.3013392857142,2142.0,470.7018187381317,0.0,0.2527091099960482,0.79,20.513,High,2026-06-18 05:46:51.063000+00:00,2026-06-18 14:46:51.063000+09:00,14,3,0,validation,0.81207234,-0.022072336673736537,0.022072336673736537,5-20 km
VEH_01,VEH_01_AFTER_0694,After,2026-06-18 05:47:07.063000+00:00,2026-06-18 05:53:18+00:00,1.6221598,6.182283333333333,14.475,43.0,13.683909346381975,1152.3653846153843,1983.25,452.2463336521095,0.0,0.2475687828829089,0.18,5.34,High,2026-06-18 05:47:07.063000+00:00,2026-06-18 14:47:07.063000+09:00,14,3,0,validation,0.2527083,-0.07270828604698182,0.07270828604698182,1-5 km
VEH_01,VEH_01_FINAL_0021,Final,2026-06-18 05:47:07.063000+00:00,2026-06-18 05:53:18+00:00,1.6221598,6.182283333333333,14.475,43.0,13.683909346381975,1152.3653846153843,1983.25,452.2463336521095,0.0,0.2475687828829089,0.18,5.34,High,2026-06-18 05:47:07.063000+00:00,2026-06-18 14:47:07.063000+09:00,14,3,0,validation,0.2527083,-0.07270828604698182,0.07270828604698182,1-5 km
VEH_09,VEH_09_AFTER_0725,After,2026-06-18 05:52:56.063000+00:00,2026-06-18 06:03:08+00:00,4.325978,10.19895,24.37313432835821,77.0,20.06544205351209,1217.601851851852,2070.5,480.60265629448133,0.0,0.0699982342787749,0.7000000000000001,22.98,High,2026-06-18 05:52:56.063000+00:00,2026-06-18 14:52:56.063000+09:00,14,3,0,validation,0.6735965,0.026403498649597235,0.026403498649597235,1-5 km
VEH_01,VEH_01_AFTER_0695,After,2026-06-18 05:55:16.063000+00:00,2026-06-18 06:01:09+00:00,0.66559243,5.8822833333333335,6.608695652173913,28.0,8.524844154815625,1081.178571428571,1679.25,390.9202675894982,0.0,0.3037515594640019,0.16,1.023,High,2026-06-18 05:55:16.063000+00:00,2026-06-18 14:55:16.063000+09:00,14,3,0,validation,0.20116794,-0.04116794109344482,0.04116794109344482,0.5-1 km
VEH_01,VEH_01_FINAL_0022,Final,2026-06-18 05:55:16.063000+00:00,2026-06-18 06:01:09+00:00,0.66559243,5.8822833333333335,6.608695652173913,28.0,8.524844154815625,1081.178571428571,1679.25,390.9202675894982,0.0,0.3037515594640019,0.16,1.023,High,2026-06-18 05:55:16.063000+00:00,2026-06-18 14:55:16.063000+09:00,14,3,0,validation,0.20116794,-0.04116794109344482,0.04116794109344482,0.5-1 km
VEH_09,VEH_09_AFTER_0726,After,2026-06-18 06:04:54.063000+00:00,2026-06-18 06:14:51.127000+00:00,2.5487106,9.951066666666666,17.5974025974026,59.0,18.203938306775168,1157.040178571429,2354.25,492.939997382654,0.0,0.2583394674533174,0.33,16.513,High,2026-06-18 06:04:54.063000+00:00,2026-06-18 15:04:54.063000+09:00,15,3,0,validation,0.36136305,-0.03136305332183836,0.03136305332183836,1-5 km
VEH_01,VEH_01_AFTER_0696,After,2026-06-18 06:05:38.127000+00:00,2026-06-18 06:10:24.127000+00:00,0.82028294,4.766666666666667,9.35483870967742,28.0,9.003756875727555,1075.0657894736842,1707.75,372.81656313888806,0.0,0.1850120770302911,0.22,0.07,High,2026-06-18 06:05:38.127000+00:00,2026-06-18 15:05:38.127000+09:00,15,3,0,validation,0.2290154,-0.009015395045280455,0.009015395045280455,0.5-1 km
VEH_01,VEH_01_FINAL_0023,Final,2026-06-18 06:05:38.127000+00:00,2026-06-18 06:10:24.127000+00:00,0.82028294,4.766666666666667,9.35483870967742,28.0,9.003756875727555,1075.0657894736842,1707.75,372.81656313888806,0.0,0.1850120770302911,0.22,0.07,High,2026-06-18 06:05:38.127000+00:00,2026-06-18 15:05:38.127000+09:00,15,3,0,validation,0.2290154,-0.009015395045280455,0.009015395045280455,0.5-1 km
VEH_10,VEH_10_AFTER_0585,After,2026-06-18 06:12:58.063000+00:00,2026-06-18 06:20:59+00:00,1.4552038,8.015616666666666,15.044776119402986,47.0,13.857949748015908,1187.5172413793102,2073.0,453.4646054651139,0.0,0.1912262473621957,0.3,1.54,High,2026-06-18 06:12:58.063000+00:00,2026-06-18 15:12:58.063000+09:00,15,3,0,validation,0.26928344,0.030716556310653675,0.030716556310653675,1-5 km
VEH_11,VEH_11_AFTER_0248,After,2026-06-18 06:13:43.723000+00:00,2026-06-18 07:30:28+00:00,87.51058,76.73795,46.51815181518152,103.0,31.0523698050826,1222.563725490196,1852.0,433.4623243435772,0.0,0.0670967562877417,20.97,6.86,High,2026-06-18 06:13:43.723000+00:00,2026-06-18 15:13:43.723000+09:00,15,3,0,validation,21.677555,-0.7075550842285168,0.7075550842285168,50+ km
VEH_11,VEH_11_FINAL_0005,Final,2026-06-18 06:13:43.723000+00:00,2026-06-18 07:30:28+00:00,87.51058,76.73795,46.51815181518152,103.0,31.0523698050826,1222.563725490196,1852.0,433.4623243435772,0.0,0.0670967562877417,20.97,6.86,High,2026-06-18 06:13:43.723000+00:00,2026-06-18 15:13:43.723000+09:00,15,3,0,validation,21.677555,-0.7075550842285168,0.7075550842285168,50+ km
VEH_06,VEH_06_AFTER_0576,After,2026-06-18 06:14:51.063000+00:00,2026-06-18 06:24:57+00:00,4.3064756,10.09895,25.52777777777778,87.0,23.86592888886571,941.8928571428572,1579.75,404.9599742966123,0.0,0.1707807026345058,2.43,4.8,High,2026-06-18 06:14:51.063000+00:00,2026-06-18 15:14:51.063000+09:00,15,3,0,validation,1.4376467,0.9923532533645631,0.9923532533645631,1-5 km
VEH_06,VEH_06_FINAL_0015,Final,2026-06-18 06:14:51.063000+00:00,2026-06-18 06:24:57+00:00,4.3064756,10.09895,25.52777777777778,87.0,23.86592888886571,941.8928571428572,1579.75,404.9599742966123,0.0,0.1707807026345058,2.43,4.8,High,2026-06-18 06:14:51.063000+00:00,2026-06-18 15:14:51.063000+09:00,15,3,0,validation,1.4376467,0.9923532533645631,0.9923532533645631,1-5 km
VEH_01,VEH_01_AFTER_0697,After,2026-06-18 06:15:06.063000+00:00,2026-06-18 06:29:41+00:00,3.387552,14.582283333333333,12.523809523809524,54.0,13.543647421855322,1156.282786885246,1942.75,418.3019574584187,0.0,0.0994100825765427,0.46,1.243,High,2026-06-18 06:15:06.063000+00:00,2026-06-18 15:15:06.063000+09:00,15,3,0,validation,0.38389984,0.07610016226768496,0.07610016226768496,1-5 km
VEH_01,VEH_01_FINAL_0024,Final,2026-06-18 06:15:06.063000+00:00,2026-06-18 06:29:41+00:00,3.387552,14.582283333333333,12.523809523809524,54.0,13.543647421855322,1156.282786885246,1942.75,418.3019574584187,0.0,0.0994100825765427,0.46,1.243,High,2026-06-18 06:15:06.063000+00:00,2026-06-18 15:15:06.063000+09:00,15,3,0,validation,0.38389984,0.07610016226768496,0.07610016226768496,1-5 km
VEH_09,VEH_09_AFTER_0727,After,2026-06-18 06:21:41.063000+00:00,2026-06-18 06:34:53+00:00,1.3702961,13.19895,11.974025974025974,59.0,13.207607042592278,1140.280701754386,2160.5,483.7421042244592,0.0,0.2153154812057905,0.38,17.003,High,2026-06-18 06:21:41.063000+00:00,2026-06-18 15:21:41.063000+09:00,15,3,0,validation,0.27908212,0.10091788053512574,0.10091788053512574,1-5 km
VEH_04,VEH_04_AFTER_0374,After,2026-06-18 06:27:38.063000+00:00,2026-06-18 06:50:11.063000+00:00,4.386258,22.55,12.039370078740156,39.0,11.618883336917538,1167.8537735849056,2293.5,446.5094178420083,0.0,0.2297568807079832,0.58,3.647,High,2026-06-18 06:27:38.063000+00:00,2026-06-18 15:27:38.063000+09:00,15,3,0,validation,0.6501205,-0.07012049674987797,0.07012049674987797,1-5 km
VEH_04,VEH_04_FINAL_0010,Final,2026-06-18 06:27:38.063000+00:00,2026-06-18 06:50:11.063000+00:00,4.386258,22.55,12.039370078740156,39.0,11.618883336917538,1167.8537735849056,2293.5,446.5094178420083,0.0,0.2297568807079832,0.58,3.647,High,2026-06-18 06:27:38.063000+00:00,2026-06-18 15:27:38.063000+09:00,15,3,0,validation,0.6501205,-0.07012049674987797,0.07012049674987797,1-5 km
VEH_10,VEH_10_AFTER_0586,After,2026-06-18 06:30:48.063000+00:00,2026-06-18 06:37:37+00:00,2.7005281,6.815616666666667,23.580645161290324,66.0,20.649571101612285,1263.5052083333333,2203.75,531.4364439735856,0.0,0.1877750513595618,0.31,16.947,High,2026-06-18 06:30:48.063000+00:00,2026-06-18 15:30:48.063000+09:00,15,3,0,validation,0.39663893,-0.08663892984390259,0.08663892984390259,1-5 km
VEH_01,VEH_01_AFTER_0698,After,2026-06-18 06:32:09.063000+00:00,2026-06-18 06:39:28+00:00,1.3877066,7.315616666666667,11.021739130434783,23.0,7.293502559410052,1138.8854166666667,1862.5,389.13961571201287,0.0,0.0944822650788116,0.21,5.71,High,2026-06-18 06:32:09.063000+00:00,2026-06-18 15:32:09.063000+09:00,15,3,0,validation,0.2100821,-8.209884166718306e-05,8.209884166718306e-05,1-5 km
VEH_01,VEH_01_FINAL_0025,Final,2026-06-18 06:32:09.063000+00:00,2026-06-18 06:39:28+00:00,1.3877066,7.315616666666667,11.021739130434783,23.0,7.293502559410052,1138.8854166666667,1862.5,389.13961571201287,0.0,0.0944822650788116,0.21,5.71,High,2026-06-18 06:32:09.063000+00:00,2026-06-18 15:32:09.063000+09:00,15,3,0,validation,0.2100821,-8.209884166718306e-05,8.209884166718306e-05,1-5 km
VEH_01,VEH_01_AFTER_0699,After,2026-06-18 06:39:33.063000+00:00,2026-06-18 06:46:34+00:00,0.7801137,7.015616666666667,13.391304347826088,34.0,9.22538619639253,942.8888888888888,1676.25,490.9491531591172,0.0,0.0425571738884154,0.09,7.54,High,2026-06-18 06:39:33.063000+00:00,2026-06-18 15:39:33.063000+09:00,15,3,0,validation,0.36318865,-0.27318865418434146,0.27318865418434146,0.5-1 km
VEH_01,VEH_01_FINAL_0026,Final,2026-06-18 06:39:33.063000+00:00,2026-06-18 06:46:34+00:00,0.7801137,7.015616666666667,13.391304347826088,34.0,9.22538619639253,942.8888888888888,1676.25,490.9491531591172,0.0,0.0425571738884154,0.09,7.54,High,2026-06-18 06:39:33.063000+00:00,2026-06-18 15:39:33.063000+09:00,15,3,0,validation,0.36318865,-0.27318865418434146,0.27318865418434146,0.5-1 km
VEH_02,VEH_02_AFTER_0351,After,2026-06-18 06:40:31.063000+00:00,2026-06-18 06:42:24+00:00,0.23911919,1.8822833333333333,11.363636363636363,29.0,8.977474105911643,1084.6875,2050.5,474.6055832324528,0.0,0.0726139782354464,0.06,18.02,High,2026-06-18 06:40:31.063000+00:00,2026-06-18 15:40:31.063000+09:00,15,3,0,validation,0.09052851,-0.03052851051092148,0.03052851051092148,0-0.5 km
VEH_10,VEH_10_AFTER_0587,After,2026-06-18 06:40:51.063000+00:00,2026-06-18 06:51:09.063000+00:00,3.2231712,10.3,26.765432098765434,60.0,17.755035178675563,1301.5723684210527,2286.25,533.1837280477686,0.0,0.1874614882743122,0.45,0.747,High,2026-06-18 06:40:51.063000+00:00,2026-06-18 15:40:51.063000+09:00,15,3,0,validation,0.42488974,0.02511025667190553,0.02511025667190553,1-5 km
VEH_07,VEH_07_AFTER_0373,After,2026-06-18 06:42:06+00:00,2026-06-18 07:00:34.063000+00:00,7.828331,18.467716666666668,33.48684210526316,74.0,25.98708860642583,1364.696428571429,2301.0,536.9004838613747,0.0,0.232581162782064,1.11,0.377,High,2026-06-18 06:42:06+00:00,2026-06-18 15:42:06+09:00,15,3,0,validation,1.1448421,-0.03484214782714834,0.03484214782714834,5-20 km
VEH_10,VEH_10_AFTER_0588,After,2026-06-18 07:00:15.063000+00:00,2026-06-18 07:02:36+00:00,0.3593305,2.3489500000000003,10.307692307692308,36.0,12.047244277201164,1189.921875,2095.25,526.6353304139728,0.0,0.4889163107570898,0.07,1.147,High,2026-06-18 07:00:15.063000+00:00,2026-06-18 16:00:15.063000+09:00,16,3,0,validation,0.09374269,-0.02374269098043441,0.02374269098043441,0-0.5 km
VEH_09,VEH_09_AFTER_0729,After,2026-06-18 07:06:23.063000+00:00,2026-06-18 07:12:51+00:00,1.7748623,6.465616666666667,16.444444444444443,46.0,14.786714090028484,1292.707446808511,2136.25,546.9238256481119,0.0,0.1459909249641959,0.27,3.737,High,2026-06-18 07:06:23.063000+00:00,2026-06-18 16:06:23.063000+09:00,16,3,0,validation,0.28828302,-0.01828302025794981,0.01828302025794981,1-5 km
VEH_05,VEH_05_AFTER_0355,After,2026-06-18 07:11:57.063000+00:00,2026-06-18 07:23:15+00:00,4.366002,11.29895,25.985714285714284,83.0,22.28355758795059,1075.8841463414635,1820.5,445.7541160828008,0.0,0.134249836795822,1.96,5.117,High,2026-06-18 07:11:57.063000+00:00,2026-06-18 16:11:57.063000+09:00,16,3,0,validation,1.3024644,0.6575356340408325,0.6575356340408325,1-5 km
VEH_05,VEH_05_FINAL_0008,Final,2026-06-18 07:11:57.063000+00:00,2026-06-18 07:23:15+00:00,4.366002,11.29895,25.985714285714284,83.0,22.28355758795059,1075.8841463414635,1820.5,445.7541160828008,0.0,0.134249836795822,1.96,5.117,High,2026-06-18 07:11:57.063000+00:00,2026-06-18 16:11:57.063000+09:00,16,3,0,validation,1.3024644,0.6575356340408325,0.6575356340408325,1-5 km
VEH_10,VEH_10_AFTER_0589,After,2026-06-18 07:13:27.063000+00:00,2026-06-18 07:35:27+00:00,15.593628,21.998949999999997,39.476190476190474,89.0,24.542711162416712,1341.2765486725664,2405.75,533.8475951300535,0.0,0.074891055606297,1.21,1.73,High,2026-06-18 07:13:27.063000+00:00,2026-06-18 16:13:27.063000+09:00,16,3,0,validation,1.4014685,-0.1914685153961182,0.1914685153961182,5-20 km
VEH_07,VEH_07_AFTER_0375,After,2026-06-18 07:14:11+00:00,2026-06-18 07:19:18+00:00,0.6095832,5.116666666666666,17.916666666666668,32.0,8.118480290191153,1154.29,2089.75,428.3475322679004,0.0,0.0026758394961665,0.41,19.273,High,2026-06-18 07:14:11+00:00,2026-06-18 16:14:11+09:00,16,3,0,validation,0.22236201,0.1876379883289337,0.1876379883289337,0.5-1 km
VEH_02,VEH_02_AFTER_0353,After,2026-06-18 07:16:11+00:00,2026-06-18 07:19:28.063000+00:00,0.7253612,3.284383333333333,15.653846153846152,35.0,11.983778483665414,1283.1851851851852,2447.75,541.8008577052559,0.0,0.05037889619674,0.28,0.564,High,2026-06-18 07:16:11+00:00,2026-06-18 16:16:11+09:00,16,3,0,validation,0.13303244,0.14696755886077884,0.14696755886077884,0.5-1 km
VEH_04,VEH_04_AFTER_0376,After,2026-06-18 07:23:34.063000+00:00,2026-06-18 07:26:29+00:00,0.37659013,2.9156166666666667,10.909090909090908,33.0,9.553243575347452,1134.9038461538462,2143.0,464.0793412609606,0.0,0.1970089560610402,0.09,12.96,High,2026-06-18 07:23:34.063000+00:00,2026-06-18 16:23:34.063000+09:00,16,3,0,validation,0.10103688,-0.011036876440048221,0.011036876440048221,0-0.5 km
VEH_04,VEH_04_FINAL_0012,Final,2026-06-18 07:23:34.063000+00:00,2026-06-18 07:26:29+00:00,0.37659013,2.9156166666666667,10.909090909090908,33.0,9.553243575347452,1134.9038461538462,2143.0,464.0793412609606,0.0,0.1970089560610402,0.09,12.96,High,2026-06-18 07:23:34.063000+00:00,2026-06-18 16:23:34.063000+09:00,16,3,0,validation,0.10103688,-0.011036876440048221,0.011036876440048221,0-0.5 km
VEH_05,VEH_05_AFTER_0356,After,2026-06-18 07:27:50.063000+00:00,2026-06-18 08:02:38+00:00,37.935795,34.79895,46.86363636363637,89.0,33.12029788862723,1026.201923076923,1786.5,389.79627333754775,0.0,0.1530288793086065,7.930000000000001,10.5,High,2026-06-18 07:27:50.063000+00:00,2026-06-18 16:27:50.063000+09:00,16,3,0,validation,8.597971,-0.6679709625244135,0.6679709625244135,20-50 km
VEH_05,VEH_05_FINAL_0009,Final,2026-06-18 07:27:50.063000+00:00,2026-06-18 08:02:38+00:00,37.935795,34.79895,46.86363636363637,89.0,33.12029788862723,1026.201923076923,1786.5,389.79627333754775,0.0,0.1530288793086065,7.930000000000001,10.5,High,2026-06-18 07:27:50.063000+00:00,2026-06-18 16:27:50.063000+09:00,16,3,0,validation,8.597971,-0.6679709625244135,0.6679709625244135,20-50 km
VEH_09,VEH_09_AFTER_0730,After,2026-06-18 07:31:25.063000+00:00,2026-06-18 07:51:48+00:00,6.8907685,20.38228333333333,23.48936170212766,74.0,18.25998882231743,1253.1369426751592,2932.25,510.80753745724695,0.0,0.2210198887365451,0.79,1.137,High,2026-06-18 07:31:25.063000+00:00,2026-06-18 16:31:25.063000+09:00,16,3,0,validation,0.76179135,0.02820865154266361,0.02820865154266361,5-20 km
VEH_08,VEH_08_AFTER_0437,After,2026-06-18 07:32:40.063000+00:00,2026-06-18 08:18:46+00:00,31.444069,46.098949999999995,31.21602787456446,96.0,26.659199422318448,1258.8835078534032,3054.25,518.9836969745689,0.0052356020942408,0.1580464331269105,2.82,20.003,High,2026-06-18 07:32:40.063000+00:00,2026-06-18 16:32:40.063000+09:00,16,3,0,validation,2.821038,-0.0010380077362062146,0.0010380077362062146,20-50 km
VEH_08,VEH_08_FINAL_0010,Final,2026-06-18 07:32:40.063000+00:00,2026-06-18 08:18:46+00:00,31.444069,46.098949999999995,31.21602787456446,96.0,26.659199422318448,1258.8835078534032,3054.25,518.9836969745689,0.0052356020942408,0.1580464331269105,2.82,20.003,High,2026-06-18 07:32:40.063000+00:00,2026-06-18 16:32:40.063000+09:00,16,3,0,validation,2.821038,-0.0010380077362062146,0.0010380077362062146,20-50 km
VEH_03,VEH_03_AFTER_0242,After,2026-06-18 07:34:33.063000+00:00,2026-06-18 07:38:08+00:00,0.35181502,3.5822833333333337,6.173913043478261,24.0,6.850275614341262,1096.390625,1666.25,362.045976111266,0.0,0.3181800388106277,0.08,17.877,High,2026-06-18 07:34:33.063000+00:00,2026-06-18 16:34:33.063000+09:00,16,3,0,validation,0.046627596,0.033372403979301454,0.033372403979301454,0-0.5 km
VEH_03,VEH_03_FINAL_0006,Final,2026-06-18 07:34:33.063000+00:00,2026-06-18 07:38:08+00:00,0.35181502,3.5822833333333337,6.173913043478261,24.0,6.850275614341262,1096.390625,1666.25,362.045976111266,0.0,0.3181800388106277,0.08,17.877,High,2026-06-18 07:34:33.063000+00:00,2026-06-18 16:34:33.063000+09:00,16,3,0,validation,0.046627596,0.033372403979301454,0.033372403979301454,0-0.5 km
VEH_10,VEH_10_AFTER_0590,After,2026-06-18 07:41:14.063000+00:00,2026-06-18 07:57:29+00:00,6.037807,16.24895,28.61111111111111,72.0,18.77391479002741,1327.3811475409836,2505.75,550.0853652205543,0.0,0.1407796773791344,0.85,18.05,High,2026-06-18 07:41:14.063000+00:00,2026-06-18 16:41:14.063000+09:00,16,3,0,validation,0.7061865,0.1438135266304016,0.1438135266304016,5-20 km
VEH_03,VEH_03_AFTER_0243,After,2026-06-18 07:50:09.063000+00:00,2026-06-18 07:50:37.127000+00:00,0.13786176,0.4677333333333333,6.166666666666667,24.0,8.87724932372385,1084.6875,2018.75,539.6256913071783,0.0,0.3005535535163651,0.01,14.89,High,2026-06-18 07:50:09.063000+00:00,2026-06-18 16:50:09.063000+09:00,16,3,0,validation,0.0017114258,0.008288574162870646,0.008288574162870646,0-0.5 km
VEH_03,VEH_03_FINAL_0007,Final,2026-06-18 07:50:09.063000+00:00,2026-06-18 07:50:37.127000+00:00,0.13786176,0.4677333333333333,6.166666666666667,24.0,8.87724932372385,1084.6875,2018.75,539.6256913071783,0.0,0.3005535535163651,0.01,14.89,High,2026-06-18 07:50:09.063000+00:00,2026-06-18 16:50:09.063000+09:00,16,3,0,validation,0.0017114258,0.008288574162870646,0.008288574162870646,0-0.5 km
VEH_02,VEH_02_AFTER_0354,After,2026-06-18 07:52:37.127000+00:00,2026-06-18 07:56:19+00:00,0.368769,3.697883333333333,12.866666666666667,37.0,13.725240333860176,1278.1363636363635,2241.0,601.0922951710907,0.0,0.3911268552809797,0.14,2.587,High,2026-06-18 07:52:37.127000+00:00,2026-06-18 16:52:37.127000+09:00,16,3,0,validation,0.13576935,0.004230647683143629,0.004230647683143629,0-0.5 km
VEH_09,VEH_09_AFTER_0731,After,2026-06-18 07:55:15.063000+00:00,2026-06-18 08:02:25+00:00,1.7840558,7.165616666666667,19.72131147540984,62.0,14.5569893612532,1222.236607142857,2093.75,468.5995649549714,0.0,0.0893057104344809,0.33,18.867,High,2026-06-18 07:55:15.063000+00:00,2026-06-18 16:55:15.063000+09:00,16,3,0,validation,0.29852566,0.031474338769912735,0.031474338769912735,1-5 km
VEH_03,VEH_03_AFTER_0244,After,2026-06-18 07:59:49.063000+00:00,2026-06-18 08:52:47+00:00,25.767818,52.96561666666666,26.095744680851062,101.0,20.260573361977908,1248.6395899053628,2522.5,501.1953806412949,0.0,0.0832354080122609,3.13,19.747,High,2026-06-18 07:59:49.063000+00:00,2026-06-18 16:59:49.063000+09:00,16,3,0,validation,2.539216,0.5907839584350585,0.5907839584350585,20-50 km
VEH_03,VEH_03_FINAL_0008,Final,2026-06-18 07:59:49.063000+00:00,2026-06-18 08:52:47+00:00,25.767818,52.96561666666666,26.095744680851062,101.0,20.260573361977908,1248.6395899053628,2522.5,501.1953806412949,0.0,0.0832354080122609,3.13,19.747,High,2026-06-18 07:59:49.063000+00:00,2026-06-18 16:59:49.063000+09:00,16,3,0,validation,2.539216,0.5907839584350585,0.5907839584350585,20-50 km
VEH_02,VEH_02_AFTER_0355,After,2026-06-18 08:00:41.063000+00:00,2026-06-18 08:19:33.063000+00:00,10.535416,18.866666666666667,31.452380952380953,104.0,27.41874203835738,1420.0532786885246,2701.75,607.0511456811995,0.0,0.1791445606257015,1.22,0.654,High,2026-06-18 08:00:41.063000+00:00,2026-06-18 17:00:41.063000+09:00,17,3,0,validation,1.3427044,-0.12270441532135012,0.12270441532135012,5-20 km
VEH_02,VEH_02_AFTER_0356,After,2026-06-18 08:22:09.063000+00:00,2026-06-18 08:28:59+00:00,1.7348034,6.832283333333334,24.8,58.0,16.689195030594817,1439.3993055555557,2837.0,627.2504354595858,0.0,0.2191912194328231,0.43,19.293,High,2026-06-18 08:22:09.063000+00:00,2026-06-18 17:22:09.063000+09:00,17,3,0,validation,0.33486524,0.09513475775718688,0.09513475775718688,1-5 km
VEH_04,VEH_04_AFTER_0378,After,2026-06-18 08:28:16.063000+00:00,2026-06-18 09:24:39+00:00,27.249596,56.38228333333333,25.586805555555557,87.0,21.318666007775445,1273.645038167939,2693.5,497.1462069666573,0.0,0.1895202421480228,3.18,8.923,High,2026-06-18 08:28:16.063000+00:00,2026-06-18 17:28:16.063000+09:00,17,3,0,validation,2.7209003,0.45909970283508317,0.45909970283508317,20-50 km
VEH_04,VEH_04_FINAL_0014,Final,2026-06-18 08:28:16.063000+00:00,2026-06-18 09:24:39+00:00,27.249596,56.38228333333333,25.586805555555557,87.0,21.318666007775445,1273.645038167939,2693.5,497.1462069666573,0.0,0.1895202421480228,3.18,8.923,High,2026-06-18 08:28:16.063000+00:00,2026-06-18 17:28:16.063000+09:00,17,3,0,validation,2.7209003,0.45909970283508317,0.45909970283508317,20-50 km
VEH_11,VEH_11_AFTER_0249,After,2026-06-18 08:28:37.447000+00:00,2026-06-18 10:32:44+00:00,88.80008,124.10921666666668,27.88205771643664,93.0,24.99241825875918,1137.0581896551723,1834.5,416.2912521727015,0.0,0.0363159456147867,24.68,3.177,High,2026-06-18 08:28:37.447000+00:00,2026-06-18 17:28:37.447000+09:00,17,3,0,validation,24.19671,0.48328941345214815,0.48328941345214815,50+ km
VEH_11,VEH_11_FINAL_0006,Final,2026-06-18 08:28:37.447000+00:00,2026-06-18 10:32:44+00:00,88.80008,124.10921666666668,27.88205771643664,93.0,24.99241825875918,1137.0581896551723,1834.5,416.2912521727015,0.0,0.0363159456147867,24.68,3.177,High,2026-06-18 08:28:37.447000+00:00,2026-06-18 17:28:37.447000+09:00,17,3,0,validation,24.19671,0.48328941345214815,0.48328941345214815,50+ km
VEH_05,VEH_05_AFTER_0359,After,2026-06-18 10:44:51.063000+00:00,2026-06-18 10:47:22+00:00,0.6854348,2.515616666666667,12.5,38.0,12.893796958227629,1005.5,1708.5,475.88195898656306,0.0,0.0356684352752116,0.28,3.867,High,2026-06-18 10:44:51.063000+00:00,2026-06-18 19:44:51.063000+09:00,19,3,0,validation,0.24413513,0.035864873528480556,0.035864873528480556,0.5-1 km
VEH_05,VEH_05_FINAL_0012,Final,2026-06-18 10:44:51.063000+00:00,2026-06-18 10:47:22+00:00,0.6854348,2.515616666666667,12.5,38.0,12.893796958227629,1005.5,1708.5,475.88195898656306,0.0,0.0356684352752116,0.28,3.867,High,2026-06-18 10:44:51.063000+00:00,2026-06-18 19:44:51.063000+09:00,19,3,0,validation,0.24413513,0.035864873528480556,0.035864873528480556,0.5-1 km
VEH_12,VEH_12_AFTER_0518,After,2026-06-18 11:05:22.063000+00:00,2026-06-18 11:07:57+00:00,0.70888937,2.5822833333333337,11.0,29.0,10.400320507881796,891.5,1621.75,429.7763307168561,0.0,0.0270947728484479,0.29,14.477,High,2026-06-18 11:05:22.063000+00:00,2026-06-18 20:05:22.063000+09:00,20,3,0,validation,0.0982243,0.1917757028341293,0.1917757028341293,0.5-1 km
VEH_12,VEH_12_FINAL_0019,Final,2026-06-18 11:05:22.063000+00:00,2026-06-18 11:07:57+00:00,0.70888937,2.5822833333333337,11.0,29.0,10.400320507881796,891.5,1621.75,429.7763307168561,0.0,0.0270947728484479,0.29,14.477,High,2026-06-18 11:05:22.063000+00:00,2026-06-18 20:05:22.063000+09:00,20,3,0,validation,0.0982243,0.1917757028341293,0.1917757028341293,0.5-1 km
VEH_06,VEH_06_FINAL_0023,Final,2026-06-18 15:14:12+00:00,2026-06-18 15:51:31+00:00,42.459354,37.31666666666667,46.705882352941174,89.0,26.28523339842522,1175.5859375,1867.0,414.86060163218815,0.0,0.0097666233711819,12.53,5.833,High,2026-06-18 15:14:12+00:00,2026-06-19 00:14:12+09:00,0,4,0,validation,13.632958,-1.1029584121704108,1.1029584121704108,20-50 km
VEH_12,VEH_12_FINAL_0021,Final,2026-06-18 15:26:45.063000+00:00,2026-06-18 15:27:32+00:00,0.1,0.7822833333333333,9.571428571428571,21.0,8.432202607642116,872.9166666666666,1484.5,525.0250919929658,0.0,0.0213096937797003,0.1,3.927,High,2026-06-18 15:26:45.063000+00:00,2026-06-19 00:26:45.063000+09:00,0,4,0,validation,3.2504768,-3.150476837158203,3.150476837158203,0-0.5 km
VEH_12,VEH_12_FINAL_0023,Final,2026-06-18 16:09:27+00:00,2026-06-18 16:59:41+00:00,62.453224,50.233333333333334,46.02150537634409,91.0,29.779468461002853,1085.53125,1707.75,388.148599071203,0.0,0.1027345596203698,15.85,15.86,High,2026-06-18 16:09:27+00:00,2026-06-19 01:09:27+09:00,1,4,0,validation,15.007034,0.8429656982421871,0.8429656982421871,50+ km
VEH_06,VEH_06_FINAL_0025,Final,2026-06-18 16:26:01+00:00,2026-06-18 16:58:14+00:00,31.666828,32.21666666666667,39.62637362637363,89.0,30.98728855005838,1134.8125,1880.75,381.6490142160508,0.0,0.1027303064983025,6.86,7.68,High,2026-06-18 16:26:01+00:00,2026-06-19 01:26:01+09:00,1,4,0,validation,7.7828894,-0.922889366149902,0.922889366149902,20-50 km
VEH_12,VEH_12_FINAL_0024,Final,2026-06-18 17:20:16.063000+00:00,2026-06-18 17:46:28+00:00,18.967865,26.19895,31.60869565217391,86.0,26.95485618977998,1094.78125,1895.0,430.6181047615595,0.0,0.1095477782478708,5.4,3.887,High,2026-06-18 17:20:16.063000+00:00,2026-06-19 02:20:16.063000+09:00,2,4,0,validation,5.5696025,-0.1696024894714352,0.1696024894714352,5-20 km
VEH_06,VEH_06_FINAL_0026,Final,2026-06-18 17:27:21+00:00,2026-06-18 18:23:21+00:00,67.11213,56.0,51.47899159663866,90.0,32.830056104994284,972.0277777777778,1495.0,352.34134420971117,0.0,0.1328598565050634,14.88,6.407,High,2026-06-18 17:27:21+00:00,2026-06-19 02:27:21+09:00,2,4,0,validation,15.683896,-0.8038960647583,0.8038960647583,50+ km
VEH_12,VEH_12_FINAL_0026,Final,2026-06-18 18:02:44+00:00,2026-06-18 18:46:47+00:00,39.743473,44.05,35.656,90.0,30.08869661517428,1119.3229166666667,1726.5,377.38703800474264,0.0,0.1552056450295645,9.58,4.837,High,2026-06-18 18:02:44+00:00,2026-06-19 03:02:44+09:00,3,4,0,validation,10.393928,-0.8139275741577148,0.8139275741577148,20-50 km
VEH_06,VEH_06_FINAL_0028,Final,2026-06-18 18:48:44+00:00,2026-06-18 19:16:11+00:00,30.57699,27.45,37.372093023255815,96.0,32.86867686529331,1126.1477272727273,1750.25,395.6526875927676,0.0,0.1397709079439607,8.71,19.48,High,2026-06-18 18:48:44+00:00,2026-06-19 03:48:44+09:00,3,4,0,validation,7.6252995,1.0847005462646493,1.0847005462646493,20-50 km
VEH_11,VEH_11_FINAL_0010,Final,2026-06-18 23:59:09.727000+00:00,2026-06-19 01:00:32+00:00,59.742374,61.37121666666667,45.61233480176212,93.0,27.469156548919617,1116.4418604651162,1984.0,430.2431297412684,0.0,0.0511320040059006,14.16,28.197,High,2026-06-18 23:59:09.727000+00:00,2026-06-19 08:59:09.727000+09:00,8,4,0,validation,15.031942,-0.8719423675537108,0.8719423675537108,50+ km
VEH_05,VEH_05_FINAL_0021,Final,2026-06-19 00:01:08+00:00,2026-06-19 01:25:22+00:00,77.88415,84.23333333333333,47.207142857142856,92.0,25.165309577321892,1057.656862745098,1881.25,376.77279476426025,0.0,0.0319945346456017,17.56,20.027,High,2026-06-19 00:01:08+00:00,2026-06-19 09:01:08+09:00,9,4,0,validation,18.820732,-1.26073211669922,1.26073211669922,50+ km
VEH_09,VEH_09_AFTER_0732,After,2026-06-19 00:28:32.063000+00:00,2026-06-19 00:45:01+00:00,2.8168633,16.482283333333335,16.18888888888889,55.0,14.906295794763624,1175.233606557377,2149.25,471.8530675477334,0.0,0.198272099314321,0.52,7.88,High,2026-06-19 00:28:32.063000+00:00,2026-06-19 09:28:32.063000+09:00,9,4,0,validation,0.43880916,0.08119084358215334,0.08119084358215334,1-5 km
VEH_09,VEH_09_FINAL_0001,Final,2026-06-19 00:28:32.063000+00:00,2026-06-19 00:45:01+00:00,2.8168633,16.482283333333335,16.18888888888889,55.0,14.906295794763624,1175.233606557377,2149.25,471.8530675477334,0.0,0.198272099314321,0.52,7.88,High,2026-06-19 00:28:32.063000+00:00,2026-06-19 09:28:32.063000+09:00,9,4,0,validation,0.43880916,0.08119084358215334,0.08119084358215334,1-5 km
VEH_04,VEH_04_FINAL_0016,Final,2026-06-19 00:39:15.063000+00:00,2026-06-19 00:40:12+00:00,0.1,0.94895,0.7333333333333333,4.0,1.0624918300339483,800.5,800.5,0.0,0.0,0.1509777763316305,0.03,9.577,High,2026-06-19 00:39:15.063000+00:00,2026-06-19 09:39:15.063000+09:00,9,4,0,validation,0.062471017,-0.03247101724147797,0.03247101724147797,0-0.5 km
VEH_09,VEH_09_AFTER_0734,After,2026-06-19 01:14:07.063000+00:00,2026-06-19 01:27:26+00:00,2.8868103,13.315616666666669,21.20967741935484,54.0,13.985173135784812,1153.4868421052631,2251.25,435.0284358044297,0.0,0.1163613643674933,0.48,17.5,High,2026-06-19 01:14:07.063000+00:00,2026-06-19 10:14:07.063000+09:00,10,4,0,validation,0.42605826,0.053941737413406354,0.053941737413406354,1-5 km
VEH_09,VEH_09_FINAL_0003,Final,2026-06-19 01:14:07.063000+00:00,2026-06-19 01:27:26+00:00,2.8868103,13.315616666666669,21.20967741935484,54.0,13.985173135784812,1153.4868421052631,2251.25,435.0284358044297,0.0,0.1163613643674933,0.48,17.5,High,2026-06-19 01:14:07.063000+00:00,2026-06-19 10:14:07.063000+09:00,10,4,0,validation,0.42605826,0.053941737413406354,0.053941737413406354,1-5 km
VEH_11,VEH_11_FINAL_0011,Final,2026-06-19 01:16:50.770000+00:00,2026-06-19 02:29:29+00:00,70.53418,72.63716666666666,37.06792452830189,93.0,28.40321383346919,1050.3793103448277,1667.25,388.57488638685703,0.0,0.0586337514555347,15.92,5.977,High,2026-06-19 01:16:50.770000+00:00,2026-06-19 10:16:50.770000+09:00,10,4,0,validation,15.16317,0.7568301391601562,0.7568301391601562,50+ km
VEH_03,VEH_03_FINAL_0010,Final,2026-06-19 01:27:16.127000+00:00,2026-06-19 02:06:10+00:00,23.5646,38.89788333333333,31.39910313901345,101.0,29.241339971369317,1286.5380434782608,2499.0,529.3756028538685,0.0,0.1585645520248301,2.7,4.287,High,2026-06-19 01:27:16.127000+00:00,2026-06-19 10:27:16.127000+09:00,10,4,0,validation,2.5807743,0.11922569274902362,0.11922569274902362,20-50 km
VEH_04,VEH_04_FINAL_0017,Final,2026-06-19 01:32:10.063000+00:00,2026-06-19 02:05:21.063000+00:00,26.99198,33.18333333333333,48.55066079295154,128.0,38.45611764264368,1884.685520361991,4048.5,966.830300433116,0.1628959276018099,0.1971114514977981,3.8,2.917,High,2026-06-19 01:32:10.063000+00:00,2026-06-19 10:32:10.063000+09:00,10,4,0,validation,3.11096,0.6890399932861326,0.6890399932861326,20-50 km
VEH_01,VEH_01_FINAL_0030,Final,2026-06-19 01:32:23.063000+00:00,2026-06-19 01:38:40+00:00,1.0981569,6.282283333333334,18.305555555555557,60.0,16.82725871324468,1210.2380952380952,2004.25,457.48008983601886,0.0,0.1834626936687781,0.24,2.38,High,2026-06-19 01:32:23.063000+00:00,2026-06-19 10:32:23.063000+09:00,10,4,0,validation,0.26483655,-0.02483654975891114,0.02483654975891114,1-5 km
VEH_06,VEH_06_FINAL_0032,Final,2026-06-19 01:33:27.063000+00:00,2026-06-19 02:10:48+00:00,39.404675,37.348949999999995,52.357798165137616,91.0,28.742936247759182,1133.2065217391305,1845.0,399.041614454135,0.0,0.0095229567589161,9.08,3.32,High,2026-06-19 01:33:27.063000+00:00,2026-06-19 10:33:27.063000+09:00,10,4,0,validation,10.11379,-1.0337895584106445,1.0337895584106445,20-50 km
VEH_08,VEH_08_FINAL_0012,Final,2026-06-19 01:35:36.063000+00:00,2026-06-19 02:03:18+00:00,26.547716,27.69895,47.042682926829265,103.0,30.37074784244242,1389.394144144144,2693.75,588.0046294992546,0.0,0.1234503963216834,2.43,6.48,High,2026-06-19 01:35:36.063000+00:00,2026-06-19 10:35:36.063000+09:00,10,4,0,validation,2.2752864,0.15471356391906754,0.15471356391906754,20-50 km
VEH_01,VEH_01_FINAL_0031,Final,2026-06-19 01:42:01.063000+00:00,2026-06-19 02:25:16+00:00,31.3859,43.24895,36.585585585585584,114.0,33.242751284233044,1286.0212264150944,2831.75,542.020362396349,0.0,0.1275112465054234,3.09,19.753,High,2026-06-19 01:42:01.063000+00:00,2026-06-19 10:42:01.063000+09:00,10,4,0,validation,2.922372,0.1676278972625731,0.1676278972625731,20-50 km
VEH_09,VEH_09_AFTER_0735,After,2026-06-19 01:43:39.127000+00:00,2026-06-19 01:56:56+00:00,3.0290415,13.281216666666667,18.683673469387756,53.0,15.33676185042472,1188.3970588235295,2271.25,487.09462073623126,0.0,0.127173743487349,0.73,16.923,High,2026-06-19 01:43:39.127000+00:00,2026-06-19 10:43:39.127000+09:00,10,4,0,validation,0.4217633,0.30823669910430906,0.30823669910430906,1-5 km
VEH_09,VEH_09_FINAL_0004,Final,2026-06-19 01:43:39.127000+00:00,2026-06-19 01:56:56+00:00,3.0290415,13.281216666666667,18.683673469387756,53.0,15.33676185042472,1188.3970588235295,2271.25,487.09462073623126,0.0,0.127173743487349,0.73,16.923,High,2026-06-19 01:43:39.127000+00:00,2026-06-19 10:43:39.127000+09:00,10,4,0,validation,0.4217633,0.30823669910430906,0.30823669910430906,1-5 km
VEH_02,VEH_02_AFTER_0362,After,2026-06-19 01:44:04.063000+00:00,2026-06-19 01:56:38+00:00,2.8701556,12.565616666666669,20.939393939393938,72.0,17.645681179233495,1369.0,2827.5,617.1598648071774,0.0,0.1564425509748474,0.61,1.483,High,2026-06-19 01:44:04.063000+00:00,2026-06-19 10:44:04.063000+09:00,10,4,0,validation,0.43494672,0.1750532841682434,0.1750532841682434,1-5 km
VEH_02,VEH_02_FINAL_0004,Final,2026-06-19 01:44:04.063000+00:00,2026-06-19 01:56:38+00:00,2.8701556,12.565616666666669,20.939393939393938,72.0,17.645681179233495,1369.0,2827.5,617.1598648071774,0.0,0.1564425509748474,0.61,1.483,High,2026-06-19 01:44:04.063000+00:00,2026-06-19 10:44:04.063000+09:00,10,4,0,validation,0.43494672,0.1750532841682434,0.1750532841682434,1-5 km
VEH_07,VEH_07_AFTER_0379,After,2026-06-19 01:49:38.063000+00:00,2026-06-19 02:11:07+00:00,10.437879,21.48228333333333,30.946564885496183,85.0,24.367514658715944,1359.5159574468084,2949.75,578.9237995650262,0.0,0.1059126604060373,1.23,10.043,High,2026-06-19 01:49:38.063000+00:00,2026-06-19 10:49:38.063000+09:00,10,4,0,validation,1.1448412,0.08515880584716795,0.08515880584716795,5-20 km
VEH_07,VEH_07_FINAL_0003,Final,2026-06-19 01:49:38.063000+00:00,2026-06-19 02:11:07+00:00,10.437879,21.48228333333333,30.946564885496183,85.0,24.367514658715944,1359.5159574468084,2949.75,578.9237995650262,0.0,0.1059126604060373,1.23,10.043,High,2026-06-19 01:49:38.063000+00:00,2026-06-19 10:49:38.063000+09:00,10,4,0,validation,1.1448412,0.08515880584716795,0.08515880584716795,5-20 km
VEH_10,VEH_10_AFTER_0594,After,2026-06-19 01:51:03.063000+00:00,2026-06-19 02:09:36+00:00,5.750843,18.54895,25.13084112149533,61.0,18.686835844303708,1306.4894736842105,2345.25,514.289367804318,0.0,0.122103136686289,0.67,3.28,High,2026-06-19 01:51:03.063000+00:00,2026-06-19 10:51:03.063000+09:00,10,4,0,validation,0.68437487,-0.014374868869781454,0.014374868869781454,5-20 km
VEH_10,VEH_10_FINAL_0002,Final,2026-06-19 01:51:03.063000+00:00,2026-06-19 02:09:36+00:00,5.750843,18.54895,25.13084112149533,61.0,18.686835844303708,1306.4894736842105,2345.25,514.289367804318,0.0,0.122103136686289,0.67,3.28,High,2026-06-19 01:51:03.063000+00:00,2026-06-19 10:51:03.063000+09:00,10,4,0,validation,0.68437487,-0.014374868869781454,0.014374868869781454,5-20 km
VEH_02,VEH_02_AFTER_0363,After,2026-06-19 01:58:25.063000+00:00,2026-06-19 02:20:24+00:00,9.006809,21.98228333333333,27.283870967741937,72.0,18.802455172117277,1382.098086124402,2578.0,562.1732585918356,0.0,0.1780749320913178,1.37,17.913,High,2026-06-19 01:58:25.063000+00:00,2026-06-19 10:58:25.063000+09:00,10,4,0,validation,0.9835071,0.38649290323257457,0.38649290323257457,5-20 km
VEH_02,VEH_02_FINAL_0005,Final,2026-06-19 01:58:25.063000+00:00,2026-06-19 02:20:24+00:00,9.006809,21.98228333333333,27.283870967741937,72.0,18.802455172117277,1382.098086124402,2578.0,562.1732585918356,0.0,0.1780749320913178,1.37,17.913,High,2026-06-19 01:58:25.063000+00:00,2026-06-19 10:58:25.063000+09:00,10,4,0,validation,0.9835071,0.38649290323257457,0.38649290323257457,5-20 km
VEH_09,VEH_09_AFTER_0736,After,2026-06-19 02:00:33.063000+00:00,2026-06-19 02:04:25+00:00,0.73862326,3.865616666666667,17.685714285714287,40.0,10.38617605575914,1218.5833333333333,2248.75,489.7359058499106,0.0,0.0,0.17,17.753,High,2026-06-19 02:00:33.063000+00:00,2026-06-19 11:00:33.063000+09:00,11,4,0,validation,0.16095951,0.00904048800468446,0.00904048800468446,0.5-1 km
VEH_09,VEH_09_FINAL_0005,Final,2026-06-19 02:00:33.063000+00:00,2026-06-19 02:04:25+00:00,0.73862326,3.865616666666667,17.685714285714287,40.0,10.38617605575914,1218.5833333333333,2248.75,489.7359058499106,0.0,0.0,0.17,17.753,High,2026-06-19 02:00:33.063000+00:00,2026-06-19 11:00:33.063000+09:00,11,4,0,validation,0.16095951,0.00904048800468446,0.00904048800468446,0.5-1 km
VEH_08,VEH_08_FINAL_0013,Final,2026-06-19 02:06:04.127000+00:00,2026-06-19 02:39:21+00:00,27.462439,33.281216666666666,41.226519337016576,97.0,31.03978134598458,1359.8801652892562,2561.0,572.2233191350699,0.0,0.1193276924605112,2.47,19.473,High,2026-06-19 02:06:04.127000+00:00,2026-06-19 11:06:04.127000+09:00,11,4,0,validation,2.555846,-0.0858459758758543,0.0858459758758543,20-50 km
VEH_10,VEH_10_AFTER_0595,After,2026-06-19 02:11:07.063000+00:00,2026-06-19 02:28:08.063000+00:00,6.7721066,17.016666666666666,25.632183908045977,61.0,20.501255886693748,1288.677536231884,2179.25,490.1406114824241,0.0,0.203199758489647,0.62,0.86,High,2026-06-19 02:11:07.063000+00:00,2026-06-19 11:11:07.063000+09:00,11,4,0,validation,0.74729115,-0.12729114770889283,0.12729114770889283,5-20 km
VEH_10,VEH_10_FINAL_0003,Final,2026-06-19 02:11:07.063000+00:00,2026-06-19 02:28:08.063000+00:00,6.7721066,17.016666666666666,25.632183908045977,61.0,20.501255886693748,1288.677536231884,2179.25,490.1406114824241,0.0,0.203199758489647,0.62,0.86,High,2026-06-19 02:11:07.063000+00:00,2026-06-19 11:11:07.063000+09:00,11,4,0,validation,0.74729115,-0.12729114770889283,0.12729114770889283,5-20 km
VEH_09,VEH_09_AFTER_0737,After,2026-06-19 02:12:40+00:00,2026-06-19 02:20:33+00:00,1.3754268,7.883333333333334,15.407407407407408,35.0,10.3199169507829,1118.5988372093022,1991.25,439.6083587996876,0.0,0.1397879449028582,0.27,1.763,High,2026-06-19 02:12:40+00:00,2026-06-19 11:12:40+09:00,11,4,0,validation,0.27266634,-0.0026663351058959783,0.0026663351058959783,1-5 km
VEH_09,VEH_09_FINAL_0006,Final,2026-06-19 02:12:40+00:00,2026-06-19 02:20:33+00:00,1.3754268,7.883333333333334,15.407407407407408,35.0,10.3199169507829,1118.5988372093022,1991.25,439.6083587996876,0.0,0.1397879449028582,0.27,1.763,High,2026-06-19 02:12:40+00:00,2026-06-19 11:12:40+09:00,11,4,0,validation,0.27266634,-0.0026663351058959783,0.0026663351058959783,1-5 km
VEH_04,VEH_04_FINAL_0018,Final,2026-06-19 02:12:44.063000+00:00,2026-06-19 02:21:15.063000+00:00,2.2128506,8.516666666666667,18.60606060606061,86.0,20.612498994158997,1452.4,3846.0,753.5784611723301,0.0285714285714285,0.3780767365164023,0.43,2.824,High,2026-06-19 02:12:44.063000+00:00,2026-06-19 11:12:44.063000+09:00,11,4,0,validation,0.51756066,-0.08756066083908082,0.08756066083908082,1-5 km
VEH_07,VEH_07_AFTER_0380,After,2026-06-19 02:12:52.127000+00:00,2026-06-19 02:24:37+00:00,2.4464872,11.747883333333334,15.859649122807015,60.0,17.108978453915196,1189.0113636363635,2159.75,480.4999555226113,0.0,0.3482206613352111,0.42,4.823,High,2026-06-19 02:12:52.127000+00:00,2026-06-19 11:12:52.127000+09:00,11,4,0,validation,0.36728054,0.0527194571495056,0.0527194571495056,1-5 km
VEH_07,VEH_07_FINAL_0004,Final,2026-06-19 02:12:52.127000+00:00,2026-06-19 02:24:37+00:00,2.4464872,11.747883333333334,15.859649122807015,60.0,17.108978453915196,1189.0113636363635,2159.75,480.4999555226113,0.0,0.3482206613352111,0.42,4.823,High,2026-06-19 02:12:52.127000+00:00,2026-06-19 11:12:52.127000+09:00,11,4,0,validation,0.36728054,0.0527194571495056,0.0527194571495056,1-5 km
VEH_03,VEH_03_FINAL_0011,Final,2026-06-19 02:15:11.063000+00:00,2026-06-19 02:22:29+00:00,1.5754677,7.29895,10.064102564102564,47.0,11.965055684280877,1163.8802083333333,2071.0,463.60167773410103,0.0,0.1671526830180576,0.36,3.153,High,2026-06-19 02:15:11.063000+00:00,2026-06-19 11:15:11.063000+09:00,11,4,0,validation,0.2590694,0.10093058705329894,0.10093058705329894,1-5 km
VEH_02,VEH_02_AFTER_0365,After,2026-06-19 02:25:02.063000+00:00,2026-06-19 02:31:28+00:00,1.0312501,6.432283333333333,15.148148148148149,52.0,13.569310972718858,1236.0597014925372,2787.75,548.2537952879779,0.0,0.1429629830655666,0.29,17.52,High,2026-06-19 02:25:02.063000+00:00,2026-06-19 11:25:02.063000+09:00,11,4,0,validation,0.240805,0.04919499993324278,0.04919499993324278,1-5 km
VEH_02,VEH_02_FINAL_0007,Final,2026-06-19 02:25:02.063000+00:00,2026-06-19 02:31:28+00:00,1.0312501,6.432283333333333,15.148148148148149,52.0,13.569310972718858,1236.0597014925372,2787.75,548.2537952879779,0.0,0.1429629830655666,0.29,17.52,High,2026-06-19 02:25:02.063000+00:00,2026-06-19 11:25:02.063000+09:00,11,4,0,validation,0.240805,0.04919499993324278,0.04919499993324278,1-5 km
VEH_09,VEH_09_AFTER_0739,After,2026-06-19 02:26:10.063000+00:00,2026-06-19 02:34:18+00:00,3.8125641,8.132283333333334,21.5,73.0,20.62159062730128,1140.5585106382978,2046.75,412.16869420270206,0.0,0.1531311349727235,0.41,1.94,High,2026-06-19 02:26:10.063000+00:00,2026-06-19 11:26:10.063000+09:00,11,4,0,validation,0.6793013,-0.26930132150650027,0.26930132150650027,1-5 km
VEH_09,VEH_09_FINAL_0008,Final,2026-06-19 02:26:10.063000+00:00,2026-06-19 02:34:18+00:00,3.8125641,8.132283333333334,21.5,73.0,20.62159062730128,1140.5585106382978,2046.75,412.16869420270206,0.0,0.1531311349727235,0.41,1.94,High,2026-06-19 02:26:10.063000+00:00,2026-06-19 11:26:10.063000+09:00,11,4,0,validation,0.6793013,-0.26930132150650027,0.26930132150650027,1-5 km
VEH_04,VEH_04_FINAL_0020,Final,2026-06-19 02:26:59.063000+00:00,2026-06-19 03:09:43+00:00,24.692608,42.732283333333335,33.09049773755656,104.0,27.611082931627916,1320.9382978723404,3471.5,538.9097084414252,0.0042553191489361,0.1493536030213334,2.5,10.877,High,2026-06-19 02:26:59.063000+00:00,2026-06-19 11:26:59.063000+09:00,11,4,0,validation,2.54378,-0.04378008842468262,0.04378008842468262,20-50 km
VEH_10,VEH_10_AFTER_0596,After,2026-06-19 02:32:34.063000+00:00,2026-06-19 02:39:47+00:00,1.5122072,7.215616666666667,22.627906976744185,54.0,18.872920499419084,1282.3984375,2300.25,541.0706683980233,0.0,0.3056915147052454,0.26,2.277,High,2026-06-19 02:32:34.063000+00:00,2026-06-19 11:32:34.063000+09:00,11,4,0,validation,0.29540348,-0.03540348052978515,0.03540348052978515,1-5 km
VEH_10,VEH_10_FINAL_0004,Final,2026-06-19 02:32:34.063000+00:00,2026-06-19 02:39:47+00:00,1.5122072,7.215616666666667,22.627906976744185,54.0,18.872920499419084,1282.3984375,2300.25,541.0706683980233,0.0,0.3056915147052454,0.26,2.277,High,2026-06-19 02:32:34.063000+00:00,2026-06-19 11:32:34.063000+09:00,11,4,0,validation,0.29540348,-0.03540348052978515,0.03540348052978515,1-5 km
VEH_01,VEH_01_FINAL_0032,Final,2026-06-19 02:34:00.063000+00:00,2026-06-19 02:36:18.063000+00:00,0.14741081,2.3,1.9230769230769231,9.0,2.813744793564905,905.6666666666666,1173.75,190.32826175379796,0.0,0.1723127989846724,0.04,0.544,High,2026-06-19 02:34:00.063000+00:00,2026-06-19 11:34:00.063000+09:00,11,4,0,validation,-0.38794503,0.4279450261592865,0.4279450261592865,0-0.5 km
VEH_09,VEH_09_AFTER_0740,After,2026-06-19 02:35:25.063000+00:00,2026-06-19 02:50:55+00:00,4.63034,15.49895,19.054054054054053,61.0,13.854350367490577,1142.6177685950413,2416.0,473.05795478908897,0.0,0.1745246238030095,0.5,18.003,High,2026-06-19 02:35:25.063000+00:00,2026-06-19 11:35:25.063000+09:00,11,4,0,validation,0.6360148,-0.13601481914520264,0.13601481914520264,1-5 km
VEH_09,VEH_09_FINAL_0009,Final,2026-06-19 02:35:25.063000+00:00,2026-06-19 02:50:55+00:00,4.63034,15.49895,19.054054054054053,61.0,13.854350367490577,1142.6177685950413,2416.0,473.05795478908897,0.0,0.1745246238030095,0.5,18.003,High,2026-06-19 02:35:25.063000+00:00,2026-06-19 11:35:25.063000+09:00,11,4,0,validation,0.6360148,-0.13601481914520264,0.13601481914520264,1-5 km
VEH_10,VEH_10_AFTER_0597,After,2026-06-19 02:41:19.063000+00:00,2026-06-19 02:42:27+00:00,0.3275691,1.1322833333333333,14.666666666666666,35.0,12.085344660188868,1164.6617647058824,1938.0,427.788215032176,0.0,0.0266273504526797,0.04,1.87,High,2026-06-19 02:41:19.063000+00:00,2026-06-19 11:41:19.063000+09:00,11,4,0,validation,0.019043293,0.020956707149744035,0.020956707149744035,0-0.5 km
VEH_10,VEH_10_FINAL_0005,Final,2026-06-19 02:41:19.063000+00:00,2026-06-19 02:42:27+00:00,0.3275691,1.1322833333333333,14.666666666666666,35.0,12.085344660188868,1164.6617647058824,1938.0,427.788215032176,0.0,0.0266273504526797,0.04,1.87,High,2026-06-19 02:41:19.063000+00:00,2026-06-19 11:41:19.063000+09:00,11,4,0,validation,0.019043293,0.020956707149744035,0.020956707149744035,0-0.5 km
VEH_10,VEH_10_AFTER_0598,After,2026-06-19 02:43:26.063000+00:00,2026-06-19 02:47:52+00:00,1.7442496,4.432283333333333,25.0,51.0,16.45828059063279,1219.044642857143,2326.25,508.846099442385,0.0,0.1285448704359028,0.17,2.687,High,2026-06-19 02:43:26.063000+00:00,2026-06-19 11:43:26.063000+09:00,11,4,0,validation,0.21644257,-0.04644257009029387,0.04644257009029387,1-5 km
VEH_10,VEH_10_FINAL_0006,Final,2026-06-19 02:43:26.063000+00:00,2026-06-19 02:47:52+00:00,1.7442496,4.432283333333333,25.0,51.0,16.45828059063279,1219.044642857143,2326.25,508.846099442385,0.0,0.1285448704359028,0.17,2.687,High,2026-06-19 02:43:26.063000+00:00,2026-06-19 11:43:26.063000+09:00,11,4,0,validation,0.21644257,-0.04644257009029387,0.04644257009029387,1-5 km
VEH_03,VEH_03_FINAL_0012,Final,2026-06-19 02:49:00+00:00,2026-06-19 03:24:02+00:00,24.166805,35.03333333333333,44.09659090909091,110.0,29.19481565458792,1296.85,2249.0,491.15198895046734,0.0,0.1072979109198184,2.91,18.497,High,2026-06-19 02:49:00+00:00,2026-06-19 11:49:00+09:00,11,4,0,validation,2.374222,0.5357779598236085,0.5357779598236085,20-50 km
VEH_10,VEH_10_AFTER_0600,After,2026-06-19 02:50:32.187000+00:00,2026-06-19 02:53:00+00:00,0.22749731,2.4635499999999997,11.0,26.0,10.063435162643383,1091.888888888889,1964.5,579.511948768472,0.0,0.0219956247833311,0.03,2.077,High,2026-06-19 02:50:32.187000+00:00,2026-06-19 11:50:32.187000+09:00,11,4,0,validation,0.05695481,-0.026954808533191682,0.026954808533191682,0-0.5 km
VEH_10,VEH_10_FINAL_0008,Final,2026-06-19 02:50:32.187000+00:00,2026-06-19 02:53:00+00:00,0.22749731,2.4635499999999997,11.0,26.0,10.063435162643383,1091.888888888889,1964.5,579.511948768472,0.0,0.0219956247833311,0.03,2.077,High,2026-06-19 02:50:32.187000+00:00,2026-06-19 11:50:32.187000+09:00,11,4,0,validation,0.05695481,-0.026954808533191682,0.026954808533191682,0-0.5 km
VEH_01,VEH_01_FINAL_0034,Final,2026-06-19 02:57:08.063000+00:00,2026-06-19 03:04:55+00:00,1.3350748,7.782283333333334,12.0,47.0,12.594902895511677,1061.4338235294117,2009.25,392.825550212924,0.0,0.1384467570659256,0.22,18.977,High,2026-06-19 02:57:08.063000+00:00,2026-06-19 11:57:08.063000+09:00,11,4,0,validation,0.29398683,-0.07398682713508606,0.07398682713508606,1-5 km
VEH_09,VEH_09_AFTER_0741,After,2026-06-19 03:02:40.063000+00:00,2026-06-19 03:12:13+00:00,2.5830266,9.54895,17.6,57.0,14.518362756965992,1182.425,2460.25,464.7705107989677,0.0,0.1298440543399371,0.39,17.907,High,2026-06-19 03:02:40.063000+00:00,2026-06-19 12:02:40.063000+09:00,12,4,0,validation,0.3962746,-0.006274596452712999,0.006274596452712999,1-5 km
VEH_09,VEH_09_FINAL_0010,Final,2026-06-19 03:02:40.063000+00:00,2026-06-19 03:12:13+00:00,2.5830266,9.54895,17.6,57.0,14.518362756965992,1182.425,2460.25,464.7705107989677,0.0,0.1298440543399371,0.39,17.907,High,2026-06-19 03:02:40.063000+00:00,2026-06-19 12:02:40.063000+09:00,12,4,0,validation,0.3962746,-0.006274596452712999,0.006274596452712999,1-5 km
VEH_12,VEH_12_FINAL_0029,Final,2026-06-19 03:07:01.063000+00:00,2026-06-19 03:48:27.127000+00:00,40.85764,41.4344,41.568627450980394,89.0,28.24733539538975,1111.6916666666666,1940.75,463.7824278120315,0.0,0.1650137683617639,10.69,0.11,High,2026-06-19 03:07:01.063000+00:00,2026-06-19 12:07:01.063000+09:00,12,4,0,validation,10.488293,0.20170730590820263,0.20170730590820263,20-50 km
VEH_01,VEH_01_FINAL_0035,Final,2026-06-19 03:10:58.063000+00:00,2026-06-19 03:14:55+00:00,0.47218606,3.94895,9.464285714285714,29.0,8.381451216215238,1056.225,1696.5,376.6018197313975,0.0,0.0646491785266699,0.11,18.003,High,2026-06-19 03:10:58.063000+00:00,2026-06-19 12:10:58.063000+09:00,12,4,0,validation,0.13122794,-0.021227940320968627,0.021227940320968627,0-0.5 km
VEH_09,VEH_09_AFTER_0742,After,2026-06-19 03:16:01.127000+00:00,2026-06-19 03:24:06+00:00,1.2302395,8.081216666666666,12.139240506329116,34.0,9.902990441090706,1119.1637931034484,1958.0,420.7861166084736,0.0,0.1193777877183399,0.25,18.243,High,2026-06-19 03:16:01.127000+00:00,2026-06-19 12:16:01.127000+09:00,12,4,0,validation,0.2679534,-0.01795339584350586,0.01795339584350586,1-5 km
VEH_09,VEH_09_FINAL_0011,Final,2026-06-19 03:16:01.127000+00:00,2026-06-19 03:24:06+00:00,1.2302395,8.081216666666666,12.139240506329116,34.0,9.902990441090706,1119.1637931034484,1958.0,420.7861166084736,0.0,0.1193777877183399,0.25,18.243,High,2026-06-19 03:16:01.127000+00:00,2026-06-19 12:16:01.127000+09:00,12,4,0,validation,0.2679534,-0.01795339584350586,0.01795339584350586,1-5 km
VEH_01,VEH_01_FINAL_0036,Final,2026-06-19 03:18:09.127000+00:00,2026-06-19 03:21:43.127000+00:00,0.51216704,3.566666666666667,9.88,25.0,8.566539558071275,1060.95,1795.0,363.443458463624,0.0,0.0712106419331218,0.1,0.36,High,2026-06-19 03:18:09.127000+00:00,2026-06-19 12:18:09.127000+09:00,12,4,0,validation,0.15104371,-0.05104371309280395,0.05104371309280395,0.5-1 km
VEH_07,VEH_07_AFTER_0382,After,2026-06-19 03:18:44.063000+00:00,2026-06-19 03:46:28+00:00,10.740777,27.73228333333333,27.363636363636363,77.0,23.05516202215393,1263.0649606299212,2267.25,510.7409337328983,0.0,0.1874468451003689,1.64,17.837,High,2026-06-19 03:18:44.063000+00:00,2026-06-19 12:18:44.063000+09:00,12,4,0,validation,1.1990908,0.4409091615676879,0.4409091615676879,5-20 km
VEH_07,VEH_07_FINAL_0006,Final,2026-06-19 03:18:44.063000+00:00,2026-06-19 03:46:28+00:00,10.740777,27.73228333333333,27.363636363636363,77.0,23.05516202215393,1263.0649606299212,2267.25,510.7409337328983,0.0,0.1874468451003689,1.64,17.837,High,2026-06-19 03:18:44.063000+00:00,2026-06-19 12:18:44.063000+09:00,12,4,0,validation,1.1990908,0.4409091615676879,0.4409091615676879,5-20 km
VEH_08,VEH_08_FINAL_0014,Final,2026-06-19 03:20:11.063000+00:00,2026-06-19 03:23:34+00:00,0.44368497,3.3822833333333335,14.764705882352942,37.0,10.87105932261653,1176.354838709677,1833.75,424.50033138686086,0.0,0.0485838790757165,0.17,21.647,High,2026-06-19 03:20:11.063000+00:00,2026-06-19 12:20:11.063000+09:00,12,4,0,validation,0.16088803,0.009111968874931348,0.009111968874931348,0-0.5 km
VEH_01,VEH_01_FINAL_0037,Final,2026-06-19 03:25:12.063000+00:00,2026-06-19 03:30:50+00:00,0.5854724,5.6322833333333335,10.37037037037037,29.0,8.72267436116779,1059.1125,1695.5,385.4384230571078,0.0,0.2723199946606376,0.13,2.027,High,2026-06-19 03:25:12.063000+00:00,2026-06-19 12:25:12.063000+09:00,12,4,0,validation,0.29021025,-0.16021024703979492,0.16021024703979492,0.5-1 km
VEH_09,VEH_09_AFTER_0743,After,2026-06-19 03:27:29.063000+00:00,2026-06-19 03:40:47.127000+00:00,5.725663,13.301066666666664,22.273684210526316,73.0,18.325962087339175,1181.2245762711864,2291.0,440.6763789492279,0.0,0.1234215629309681,0.5700000000000001,0.776,High,2026-06-19 03:27:29.063000+00:00,2026-06-19 12:27:29.063000+09:00,12,4,0,validation,0.64433855,-0.0743385481834411,0.0743385481834411,5-20 km
VEH_09,VEH_09_FINAL_0012,Final,2026-06-19 03:27:29.063000+00:00,2026-06-19 03:40:47.127000+00:00,5.725663,13.301066666666664,22.273684210526316,73.0,18.325962087339175,1181.2245762711864,2291.0,440.6763789492279,0.0,0.1234215629309681,0.5700000000000001,0.776,High,2026-06-19 03:27:29.063000+00:00,2026-06-19 12:27:29.063000+09:00,12,4,0,validation,0.64433855,-0.0743385481834411,0.0743385481834411,5-20 km
VEH_02,VEH_02_AFTER_0367,After,2026-06-19 03:40:19.063000+00:00,2026-06-19 04:03:00+00:00,9.488045,22.68228333333333,27.894736842105264,84.0,20.516731905657945,1322.025641025641,3186.75,560.629263540006,0.0051282051282051,0.0865666034988893,1.24,17.047,High,2026-06-19 03:40:19.063000+00:00,2026-06-19 12:40:19.063000+09:00,12,4,0,validation,1.0740234,0.16597663402557372,0.16597663402557372,5-20 km
VEH_02,VEH_02_FINAL_0009,Final,2026-06-19 03:40:19.063000+00:00,2026-06-19 04:03:00+00:00,9.488045,22.68228333333333,27.894736842105264,84.0,20.516731905657945,1322.025641025641,3186.75,560.629263540006,0.0051282051282051,0.0865666034988893,1.24,17.047,High,2026-06-19 03:40:19.063000+00:00,2026-06-19 12:40:19.063000+09:00,12,4,0,validation,1.0740234,0.16597663402557372,0.16597663402557372,5-20 km
VEH_10,VEH_10_AFTER_0601,After,2026-06-19 03:41:08.063000+00:00,2026-06-19 04:03:11+00:00,14.479064,22.04895,30.0,89.0,27.348259043808852,1267.7730769230768,2250.5,526.477183235376,0.0,0.1845414627435768,1.22,20.323,High,2026-06-19 03:41:08.063000+00:00,2026-06-19 12:41:08.063000+09:00,12,4,0,validation,1.426391,-0.20639100551605227,0.20639100551605227,5-20 km
VEH_10,VEH_10_FINAL_0009,Final,2026-06-19 03:41:08.063000+00:00,2026-06-19 04:03:11+00:00,14.479064,22.04895,30.0,89.0,27.348259043808852,1267.7730769230768,2250.5,526.477183235376,0.0,0.1845414627435768,1.22,20.323,High,2026-06-19 03:41:08.063000+00:00,2026-06-19 12:41:08.063000+09:00,12,4,0,validation,1.426391,-0.20639100551605227,0.20639100551605227,5-20 km
VEH_01,VEH_01_FINAL_0039,Final,2026-06-19 03:48:12+00:00,2026-06-19 03:57:59+00:00,1.5501099,9.783333333333331,11.737704918032788,40.0,10.679997604445395,1166.3166666666666,2048.75,440.08296692530354,0.0,0.1538861530580212,0.54,18.407,High,2026-06-19 03:48:12+00:00,2026-06-19 12:48:12+09:00,12,4,0,validation,0.27449468,0.2655053222179413,0.2655053222179413,1-5 km
VEH_11,VEH_11_FINAL_0013,Final,2026-06-19 03:54:05+00:00,2026-06-19 05:23:03+00:00,97.10695,88.96666666666667,52.11363636363637,93.0,29.422417392498833,1104.32,1650.75,372.070369822699,0.0,0.0350456955900814,26.56,16.957,High,2026-06-19 03:54:05+00:00,2026-06-19 12:54:05+09:00,12,4,0,validation,22.067844,4.492155609130858,4.492155609130858,50+ km
VEH_01,VEH_01_FINAL_0040,Final,2026-06-19 04:01:48.063000+00:00,2026-06-19 04:09:03+00:00,1.4156144,7.24895,13.05084745762712,41.0,11.753720981414109,1176.2244897959183,1966.5,445.3270703700052,0.0,0.1772883308374611,0.29,2.16,High,2026-06-19 04:01:48.063000+00:00,2026-06-19 13:01:48.063000+09:00,13,4,0,validation,0.26365796,0.026342042684555034,0.026342042684555034,1-5 km
VEH_01,VEH_01_FINAL_0041,Final,2026-06-19 04:11:33.063000+00:00,2026-06-19 04:21:46+00:00,1.2936729,10.215616666666667,6.9411764705882355,33.0,8.936841054180258,1064.7642857142855,1900.75,406.4850284664208,0.0,0.1521172868958558,0.27,17.54,High,2026-06-19 04:11:33.063000+00:00,2026-06-19 13:11:33.063000+09:00,13,4,0,validation,0.27909994,-0.009099941253662092,0.009099941253662092,1-5 km
VEH_01,VEH_01_FINAL_0042,Final,2026-06-19 04:26:10.127000+00:00,2026-06-19 04:31:38+00:00,1.5020118,5.46455,15.885714285714286,52.0,16.21070445031647,1244.2592592592594,2102.25,486.2849696150657,0.0,0.1960579212909209,0.26,1.823,High,2026-06-19 04:26:10.127000+00:00,2026-06-19 13:26:10.127000+09:00,13,4,0,validation,0.2669895,-0.006989499330520621,0.006989499330520621,1-5 km
VEH_01,VEH_01_FINAL_0043,Final,2026-06-19 04:34:32.063000+00:00,2026-06-19 04:43:31+00:00,2.0177844,8.982283333333333,14.619718309859154,50.0,13.352602950528166,1270.6538461538462,2182.0,505.6785144587489,0.0,0.0953657391500489,0.37,18.003,High,2026-06-19 04:34:32.063000+00:00,2026-06-19 13:34:32.063000+09:00,13,4,0,validation,0.30288488,0.06711512327194213,0.06711512327194213,1-5 km
VEH_09,VEH_09_AFTER_0744,After,2026-06-19 04:37:35+00:00,2026-06-19 04:42:56+00:00,0.32700375,5.35,9.409090909090908,24.0,7.92383682837075,1070.7631578947369,1863.75,410.8329750391288,0.0,0.0156254856254856,0.5700000000000001,19.28,High,2026-06-19 04:37:35+00:00,2026-06-19 13:37:35+09:00,13,4,0,validation,0.20612669,0.3638733100891114,0.3638733100891114,0-0.5 km
VEH_09,VEH_09_FINAL_0013,Final,2026-06-19 04:37:35+00:00,2026-06-19 04:42:56+00:00,0.32700375,5.35,9.409090909090908,24.0,7.92383682837075,1070.7631578947369,1863.75,410.8329750391288,0.0,0.0156254856254856,0.5700000000000001,19.28,High,2026-06-19 04:37:35+00:00,2026-06-19 13:37:35+09:00,13,4,0,validation,0.20612669,0.3638733100891114,0.3638733100891114,0-0.5 km
VEH_05,VEH_05_FINAL_0022,Final,2026-06-19 04:44:55.063000+00:00,2026-06-19 05:28:20+00:00,21.793335,43.415616666666665,27.78014184397163,90.0,21.88172338778636,1044.138888888889,1839.75,403.9986365925097,0.0,0.1151135685546486,6.390000000000001,9.93,High,2026-06-19 04:44:55.063000+00:00,2026-06-19 13:44:55.063000+09:00,13,4,0,validation,6.433412,-0.04341207504272404,0.04341207504272404,20-50 km
VEH_02,VEH_02_AFTER_0370,After,2026-06-19 04:48:09.127000+00:00,2026-06-19 05:00:24.063000+00:00,2.691697,12.248933333333332,17.871287128712872,62.0,16.121852439036648,1289.9084158415842,2798.5,546.5712948463043,0.0,0.1072845259015724,0.52,0.394,High,2026-06-19 04:48:09.127000+00:00,2026-06-19 13:48:09.127000+09:00,13,4,0,validation,0.4029509,0.1170490872859955,0.1170490872859955,1-5 km
VEH_02,VEH_02_FINAL_0012,Final,2026-06-19 04:48:09.127000+00:00,2026-06-19 05:00:24.063000+00:00,2.691697,12.248933333333332,17.871287128712872,62.0,16.121852439036648,1289.9084158415842,2798.5,546.5712948463043,0.0,0.1072845259015724,0.52,0.394,High,2026-06-19 04:48:09.127000+00:00,2026-06-19 13:48:09.127000+09:00,13,4,0,validation,0.4029509,0.1170490872859955,0.1170490872859955,1-5 km
VEH_03,VEH_03_FINAL_0013,Final,2026-06-19 04:50:28.063000+00:00,2026-06-19 05:13:52.127000+00:00,19.268425,23.40106666666667,44.09154929577465,107.0,32.394553734913366,1391.2916666666667,2935.75,630.286322211001,0.0,0.094051969062429,2.11,0.52,High,2026-06-19 04:50:28.063000+00:00,2026-06-19 13:50:28.063000+09:00,13,4,0,validation,2.0427284,0.06727157592773425,0.06727157592773425,5-20 km
VEH_09,VEH_09_AFTER_0745,After,2026-06-19 04:51:37.063000+00:00,2026-06-19 04:57:11.127000+00:00,1.3759054,5.567733333333334,17.5,60.0,17.59340154085553,1116.6304347826087,1885.0,486.14136692832614,0.0,0.1721124846013338,0.2,0.114,High,2026-06-19 04:51:37.063000+00:00,2026-06-19 13:51:37.063000+09:00,13,4,0,validation,0.26565945,-0.06565945148468016,0.06565945148468016,1-5 km
VEH_09,VEH_09_FINAL_0014,Final,2026-06-19 04:51:37.063000+00:00,2026-06-19 04:57:11.127000+00:00,1.3759054,5.567733333333334,17.5,60.0,17.59340154085553,1116.6304347826087,1885.0,486.14136692832614,0.0,0.1721124846013338,0.2,0.114,High,2026-06-19 04:51:37.063000+00:00,2026-06-19 13:51:37.063000+09:00,13,4,0,validation,0.26565945,-0.06565945148468016,0.06565945148468016,1-5 km
VEH_10,VEH_10_AFTER_0602,After,2026-06-19 04:51:47.063000+00:00,2026-06-19 05:05:16+00:00,3.514267,13.482283333333331,22.166666666666668,56.0,13.874849112999271,1257.612359550562,3153.0,569.7941304887024,0.0112359550561797,0.1333402447190942,0.53,1.77,High,2026-06-19 04:51:47.063000+00:00,2026-06-19 13:51:47.063000+09:00,13,4,0,validation,0.4325847,0.09741529703140261,0.09741529703140261,1-5 km
VEH_10,VEH_10_FINAL_0010,Final,2026-06-19 04:51:47.063000+00:00,2026-06-19 05:05:16+00:00,3.514267,13.482283333333331,22.166666666666668,56.0,13.874849112999271,1257.612359550562,3153.0,569.7941304887024,0.0112359550561797,0.1333402447190942,0.53,1.77,High,2026-06-19 04:51:47.063000+00:00,2026-06-19 13:51:47.063000+09:00,13,4,0,validation,0.4325847,0.09741529703140261,0.09741529703140261,1-5 km
VEH_07,VEH_07_AFTER_0383,After,2026-06-19 04:53:03.127000+00:00,2026-06-19 05:15:25+00:00,11.1884575,22.36455,29.17073170731707,88.0,22.23843714060128,1299.4421296296296,2578.25,544.46191008672,0.0,0.1521876182070356,1.32,2.297,High,2026-06-19 04:53:03.127000+00:00,2026-06-19 13:53:03.127000+09:00,13,4,0,validation,1.1404712,0.17952877998352057,0.17952877998352057,5-20 km
VEH_07,VEH_07_FINAL_0007,Final,2026-06-19 04:53:03.127000+00:00,2026-06-19 05:15:25+00:00,11.1884575,22.36455,29.17073170731707,88.0,22.23843714060128,1299.4421296296296,2578.25,544.46191008672,0.0,0.1521876182070356,1.32,2.297,High,2026-06-19 04:53:03.127000+00:00,2026-06-19 13:53:03.127000+09:00,13,4,0,validation,1.1404712,0.17952877998352057,0.17952877998352057,5-20 km
VEH_01,VEH_01_FINAL_0044,Final,2026-06-19 04:53:16.063000+00:00,2026-06-19 05:01:26+00:00,1.5513213,8.165616666666667,14.28125,41.0,12.636095062854665,1189.607142857143,2122.75,480.72140463843607,0.0,0.1586330843136205,0.25,1.617,High,2026-06-19 04:53:16.063000+00:00,2026-06-19 13:53:16.063000+09:00,13,4,0,validation,0.26928344,-0.019283443689346313,0.019283443689346313,1-5 km
VEH_08,VEH_08_FINAL_0015,Final,2026-06-19 04:56:50.063000+00:00,2026-06-19 05:30:12+00:00,25.834465,33.36561666666667,44.41538461538462,102.0,30.1738003051003,1348.8277027027027,2758.5,588.5831101698,0.0,0.1109740583774361,2.19,22.523,High,2026-06-19 04:56:50.063000+00:00,2026-06-19 13:56:50.063000+09:00,13,4,0,validation,2.5696058,-0.379605827331543,0.379605827331543,20-50 km
VEH_04,VEH_04_FINAL_0021,Final,2026-06-19 04:57:33.127000+00:00,2026-06-19 05:37:12+00:00,26.364443,39.64788333333333,39.981818181818184,115.0,30.074387114795517,1560.752491694352,3936.0,750.4673113583159,0.0431893687707641,0.1844595522722269,3.16,8.91,High,2026-06-19 04:57:33.127000+00:00,2026-06-19 13:57:33.127000+09:00,13,4,0,validation,2.9386272,0.22137275695800795,0.22137275695800795,20-50 km
VEH_09,VEH_09_AFTER_0746,After,2026-06-19 04:59:33.063000+00:00,2026-06-19 05:10:47+00:00,3.377025,11.232283333333331,20.528089887640448,68.0,16.410526826811296,1251.5520833333333,2555.5,523.2547329136097,0.0,0.0834947830349431,0.51,17.607,High,2026-06-19 04:59:33.063000+00:00,2026-06-19 13:59:33.063000+09:00,13,4,0,validation,0.4244752,0.08552480697631837,0.08552480697631837,1-5 km
VEH_09,VEH_09_FINAL_0015,Final,2026-06-19 04:59:33.063000+00:00,2026-06-19 05:10:47+00:00,3.377025,11.232283333333331,20.528089887640448,68.0,16.410526826811296,1251.5520833333333,2555.5,523.2547329136097,0.0,0.0834947830349431,0.51,17.607,High,2026-06-19 04:59:33.063000+00:00,2026-06-19 13:59:33.063000+09:00,13,4,0,validation,0.4244752,0.08552480697631837,0.08552480697631837,1-5 km
VEH_02,VEH_02_AFTER_0371,After,2026-06-19 05:02:00.063000+00:00,2026-06-19 05:20:29+00:00,10.996421,18.48228333333333,33.58433734939759,98.0,26.841381385490873,1337.0996732026144,2703.5,558.7689640447398,0.0,0.0879041022134577,1.46,1.8,High,2026-06-19 05:02:00.063000+00:00,2026-06-19 14:02:00.063000+09:00,14,4,0,validation,1.2968937,0.1631062841415405,0.1631062841415405,5-20 km
VEH_02,VEH_02_FINAL_0013,Final,2026-06-19 05:02:00.063000+00:00,2026-06-19 05:20:29+00:00,10.996421,18.48228333333333,33.58433734939759,98.0,26.841381385490873,1337.0996732026144,2703.5,558.7689640447398,0.0,0.0879041022134577,1.46,1.8,High,2026-06-19 05:02:00.063000+00:00,2026-06-19 14:02:00.063000+09:00,14,4,0,validation,1.2968937,0.1631062841415405,0.1631062841415405,5-20 km
VEH_01,VEH_01_FINAL_0045,Final,2026-06-19 05:04:57.063000+00:00,2026-06-19 05:17:18.063000+00:00,1.7151941,12.35,13.464285714285714,43.0,13.569877730939696,1193.4166666666667,2069.0,467.71735355603425,0.0,0.268676459371249,0.45,15.94,High,2026-06-19 05:04:57.063000+00:00,2026-06-19 14:04:57.063000+09:00,14,4,0,validation,0.2828104,0.16718961000442506,0.16718961000442506,1-5 km
VEH_10,VEH_10_AFTER_0603,After,2026-06-19 05:07:29.063000+00:00,2026-06-19 05:25:30+00:00,6.020046,18.015616666666663,27.04901960784314,66.0,20.733310061291583,1271.2411764705882,2369.75,547.9328405163018,0.0,0.2395560136050686,0.76,3.037,High,2026-06-19 05:07:29.063000+00:00,2026-06-19 14:07:29.063000+09:00,14,4,0,validation,0.7130925,0.04690749406814576,0.04690749406814576,5-20 km
VEH_10,VEH_10_FINAL_0011,Final,2026-06-19 05:07:29.063000+00:00,2026-06-19 05:25:30+00:00,6.020046,18.015616666666663,27.04901960784314,66.0,20.733310061291583,1271.2411764705882,2369.75,547.9328405163018,0.0,0.2395560136050686,0.76,3.037,High,2026-06-19 05:07:29.063000+00:00,2026-06-19 14:07:29.063000+09:00,14,4,0,validation,0.7130925,0.04690749406814576,0.04690749406814576,5-20 km
VEH_03,VEH_03_FINAL_0014,Final,2026-06-19 05:16:40.063000+00:00,2026-06-19 05:23:29.063000+00:00,1.0124952,6.816666666666666,9.205479452054794,44.0,10.62300283129433,1173.5357142857142,2062.5,495.5656027022382,0.0,0.2441467181467181,0.21,0.744,High,2026-06-19 05:16:40.063000+00:00,2026-06-19 14:16:40.063000+09:00,14,4,0,validation,0.24716602,-0.03716602265834809,0.03716602265834809,1-5 km
VEH_09,VEH_09_AFTER_0747,After,2026-06-19 05:19:03.063000+00:00,2026-06-19 05:31:07+00:00,3.8117795,12.065616666666669,20.632183908045977,63.0,14.497811917767434,1160.9153846153847,2327.25,463.8935912405806,0.0,0.103535779098416,0.41,1.047,High,2026-06-19 05:19:03.063000+00:00,2026-06-19 14:19:03.063000+09:00,14,4,0,validation,0.6341517,-0.2241516971588135,0.2241516971588135,1-5 km
VEH_09,VEH_09_FINAL_0016,Final,2026-06-19 05:19:03.063000+00:00,2026-06-19 05:31:07+00:00,3.8117795,12.065616666666669,20.632183908045977,63.0,14.497811917767434,1160.9153846153847,2327.25,463.8935912405806,0.0,0.103535779098416,0.41,1.047,High,2026-06-19 05:19:03.063000+00:00,2026-06-19 14:19:03.063000+09:00,14,4,0,validation,0.6341517,-0.2241516971588135,0.2241516971588135,1-5 km
VEH_01,VEH_01_FINAL_0046,Final,2026-06-19 05:21:31.127000+00:00,2026-06-19 05:27:26.063000+00:00,0.5948626,5.9155999999999995,9.545454545454543,25.0,8.876563999079378,1111.517857142857,1939.25,427.8396568839208,0.0,0.2208079975265381,0.22,16.604,High,2026-06-19 05:21:31.127000+00:00,2026-06-19 14:21:31.127000+09:00,14,4,0,validation,0.19444685,0.025553153157234193,0.025553153157234193,0.5-1 km
VEH_07,VEH_07_AFTER_0384,After,2026-06-19 05:22:13.063000+00:00,2026-06-19 05:32:02+00:00,1.5002942,9.815616666666669,13.646153846153846,44.0,13.682589463908863,1156.912162162162,2001.75,482.09847883811847,0.0,0.2696765583257574,0.33,24.27,High,2026-06-19 05:22:13.063000+00:00,2026-06-19 14:22:13.063000+09:00,14,4,0,validation,0.27449468,0.0555053222179413,0.0555053222179413,1-5 km
VEH_07,VEH_07_FINAL_0008,Final,2026-06-19 05:22:13.063000+00:00,2026-06-19 05:32:02+00:00,1.5002942,9.815616666666669,13.646153846153846,44.0,13.682589463908863,1156.912162162162,2001.75,482.09847883811847,0.0,0.2696765583257574,0.33,24.27,High,2026-06-19 05:22:13.063000+00:00,2026-06-19 14:22:13.063000+09:00,14,4,0,validation,0.27449468,0.0555053222179413,0.0555053222179413,1-5 km
VEH_02,VEH_02_AFTER_0372,After,2026-06-19 05:23:30.063000+00:00,2026-06-19 05:33:40.127000+00:00,5.301925,10.167733333333333,23.91891891891892,85.0,24.265845620874796,1382.075,2941.0,609.4056799602848,0.0,0.1915696174040599,0.68,0.61,High,2026-06-19 05:23:30.063000+00:00,2026-06-19 14:23:30.063000+09:00,14,4,0,validation,0.7776313,-0.09763128280639644,0.09763128280639644,5-20 km
VEH_02,VEH_02_FINAL_0014,Final,2026-06-19 05:23:30.063000+00:00,2026-06-19 05:33:40.127000+00:00,5.301925,10.167733333333333,23.91891891891892,85.0,24.265845620874796,1382.075,2941.0,609.4056799602848,0.0,0.1915696174040599,0.68,0.61,High,2026-06-19 05:23:30.063000+00:00,2026-06-19 14:23:30.063000+09:00,14,4,0,validation,0.7776313,-0.09763128280639644,0.09763128280639644,5-20 km
VEH_03,VEH_03_FINAL_0015,Final,2026-06-19 05:27:16.127000+00:00,2026-06-19 05:57:44.063000+00:00,6.1452413,30.4656,14.466101694915254,62.0,14.45224878600936,1171.0,2274.5,484.5722279677686,0.0,0.2409798305526068,0.98,0.86,High,2026-06-19 05:27:16.127000+00:00,2026-06-19 14:27:16.127000+09:00,14,4,0,validation,0.82381386,0.1561861443519592,0.1561861443519592,5-20 km
VEH_10,VEH_10_AFTER_0605,After,2026-06-19 05:28:15.063000+00:00,2026-06-19 05:44:43+00:00,5.3667164,16.465616666666666,22.714285714285715,58.0,16.007951205595308,1262.0454545454545,2452.25,536.5001961172842,0.0,0.1941857023736864,0.63,3.327,High,2026-06-19 05:28:15.063000+00:00,2026-06-19 14:28:15.063000+09:00,14,4,0,validation,0.68228596,-0.05228596448898315,0.05228596448898315,5-20 km
VEH_10,VEH_10_FINAL_0013,Final,2026-06-19 05:28:15.063000+00:00,2026-06-19 05:44:43+00:00,5.3667164,16.465616666666666,22.714285714285715,58.0,16.007951205595308,1262.0454545454545,2452.25,536.5001961172842,0.0,0.1941857023736864,0.63,3.327,High,2026-06-19 05:28:15.063000+00:00,2026-06-19 14:28:15.063000+09:00,14,4,0,validation,0.68228596,-0.05228596448898315,0.05228596448898315,5-20 km
VEH_08,VEH_08_FINAL_0016,Final,2026-06-19 05:31:34.063000+00:00,2026-06-19 05:46:00+00:00,3.1083746,14.432283333333334,15.38181818181818,45.0,12.995790799808862,1241.8526315789477,2263.5,501.88227479781824,0.0,0.2906813007488122,0.5700000000000001,4.81,High,2026-06-19 05:31:34.063000+00:00,2026-06-19 14:31:34.063000+09:00,14,4,0,validation,0.4024446,0.1675553989410401,0.1675553989410401,1-5 km
VEH_01,VEH_01_FINAL_0047,Final,2026-06-19 05:32:43.063000+00:00,2026-06-19 05:34:55+00:00,0.29594284,2.1989500000000004,7.777777777777778,19.0,7.269078770576056,900.375,1381.0,278.1625255583505,0.0,0.1822380542930844,0.04,1.867,High,2026-06-19 05:32:43.063000+00:00,2026-06-19 14:32:43.063000+09:00,14,4,0,validation,0.19626847,-0.1562684690952301,0.1562684690952301,0-0.5 km
VEH_02,VEH_02_AFTER_0373,After,2026-06-19 05:35:05.063000+00:00,2026-06-19 05:39:20+00:00,1.7923193,4.24895,29.040816326530617,68.0,20.350960648913137,1498.672131147541,3055.0,640.2339920944241,0.0163934426229508,0.0988799371192768,0.37,17.73,High,2026-06-19 05:35:05.063000+00:00,2026-06-19 14:35:05.063000+09:00,14,4,0,validation,0.24836442,0.1216355812549591,0.1216355812549591,1-5 km
VEH_02,VEH_02_FINAL_0015,Final,2026-06-19 05:35:05.063000+00:00,2026-06-19 05:39:20+00:00,1.7923193,4.24895,29.040816326530617,68.0,20.350960648913137,1498.672131147541,3055.0,640.2339920944241,0.0163934426229508,0.0988799371192768,0.37,17.73,High,2026-06-19 05:35:05.063000+00:00,2026-06-19 14:35:05.063000+09:00,14,4,0,validation,0.24836442,0.1216355812549591,0.1216355812549591,1-5 km
VEH_05,VEH_05_FINAL_0023,Final,2026-06-19 05:36:32.063000+00:00,2026-06-19 06:43:48+00:00,59.16333,67.26561666666666,42.22594142259414,97.0,28.10617936814595,1118.592105263158,1802.25,403.1342127509208,0.0,0.0630328069073748,14.09,5.307,High,2026-06-19 05:36:32.063000+00:00,2026-06-19 14:36:32.063000+09:00,14,4,0,validation,18.309479,-4.219478759765625,4.219478759765625,50+ km
VEH_01,VEH_01_FINAL_0048,Final,2026-06-19 05:40:54.063000+00:00,2026-06-19 05:43:22+00:00,0.2927131,2.465616666666667,5.818181818181818,17.0,5.974463563871912,1153.1041666666667,1938.75,406.5022865138304,0.0,0.0715754191460345,0.08,10.383,High,2026-06-19 05:40:54.063000+00:00,2026-06-19 14:40:54.063000+09:00,14,4,0,validation,0.31604594,-0.23604593992233275,0.23604593992233275,0-0.5 km
VEH_04,VEH_04_FINAL_0022,Final,2026-06-19 05:43:14.063000+00:00,2026-06-19 06:05:46+00:00,4.8251376,22.532283333333332,19.338709677419356,100.0,21.745554642780775,1458.3740157480315,3881.5,772.3850753351007,0.0551181102362204,0.3262361676835131,0.94,1.807,High,2026-06-19 05:43:14.063000+00:00,2026-06-19 14:43:14.063000+09:00,14,4,0,validation,1.083877,-0.1438769674301148,0.1438769674301148,1-5 km
VEH_09,VEH_09_AFTER_0749,After,2026-06-19 05:44:40.063000+00:00,2026-06-19 05:45:19.063000+00:00,0.10933904,0.65,4.571428571428571,15.0,6.0676458804558,972.375,1500.75,316.2205766944966,0.0,0.1334652942728952,0.01,0.047,High,2026-06-19 05:44:40.063000+00:00,2026-06-19 14:44:40.063000+09:00,14,4,0,validation,-0.100497864,0.11049786418676376,0.11049786418676376,0-0.5 km
VEH_09,VEH_09_FINAL_0018,Final,2026-06-19 05:44:40.063000+00:00,2026-06-19 05:45:19.063000+00:00,0.10933904,0.65,4.571428571428571,15.0,6.0676458804558,972.375,1500.75,316.2205766944966,0.0,0.1334652942728952,0.01,0.047,High,2026-06-19 05:44:40.063000+00:00,2026-06-19 14:44:40.063000+09:00,14,4,0,validation,-0.100497864,0.11049786418676376,0.11049786418676376,0-0.5 km
VEH_08,VEH_08_FINAL_0017,Final,2026-06-19 05:47:12.063000+00:00,2026-06-19 05:55:48+00:00,2.2068048,8.59895,17.492957746478872,45.0,14.797100248318182,1238.9895833333333,2112.0,530.5550281660956,0.0,0.2591889623795246,0.32,1.867,High,2026-06-19 05:47:12.063000+00:00,2026-06-19 14:47:12.063000+09:00,14,4,0,validation,0.3626931,-0.042693101167678826,0.042693101167678826,1-5 km
VEH_10,VEH_10_AFTER_0606,After,2026-06-19 05:49:15.063000+00:00,2026-06-19 05:57:28+00:00,2.9099967,8.215616666666667,20.61764705882353,53.0,18.98298728410188,1306.1971153846157,3207.25,588.2947863245763,0.0192307692307692,0.2469210587969598,0.33,2.84,High,2026-06-19 05:49:15.063000+00:00,2026-06-19 14:49:15.063000+09:00,14,4,0,validation,0.44057214,-0.11057214260101317,0.11057214260101317,1-5 km
VEH_10,VEH_10_FINAL_0014,Final,2026-06-19 05:49:15.063000+00:00,2026-06-19 05:57:28+00:00,2.9099967,8.215616666666667,20.61764705882353,53.0,18.98298728410188,1306.1971153846157,3207.25,588.2947863245763,0.0192307692307692,0.2469210587969598,0.33,2.84,High,2026-06-19 05:49:15.063000+00:00,2026-06-19 14:49:15.063000+09:00,14,4,0,validation,0.44057214,-0.11057214260101317,0.11057214260101317,1-5 km
VEH_02,VEH_02_AFTER_0374,After,2026-06-19 05:49:27.063000+00:00,2026-06-19 06:02:17.063000+00:00,2.4414403,12.833333333333334,17.730337078651687,52.0,13.347359327221753,1254.575,2815.25,549.5080134766007,0.0,0.2320147867704836,0.5,0.704,High,2026-06-19 05:49:27.063000+00:00,2026-06-19 14:49:27.063000+09:00,14,4,0,validation,0.36728054,0.13271945714950562,0.13271945714950562,1-5 km
VEH_02,VEH_02_FINAL_0016,Final,2026-06-19 05:49:27.063000+00:00,2026-06-19 06:02:17.063000+00:00,2.4414403,12.833333333333334,17.730337078651687,52.0,13.347359327221753,1254.575,2815.25,549.5080134766007,0.0,0.2320147867704836,0.5,0.704,High,2026-06-19 05:49:27.063000+00:00,2026-06-19 14:49:27.063000+09:00,14,4,0,validation,0.36728054,0.13271945714950562,0.13271945714950562,1-5 km
VEH_11,VEH_11_FINAL_0015,Final,2026-06-19 05:58:40.613000+00:00,2026-06-19 07:20:25+00:00,87.520584,81.73978333333334,45.81347150259067,95.0,27.72667156237734,1177.1062992125983,1844.75,426.2901209784065,0.0,0.0509714281074178,21.5,16.573,High,2026-06-19 05:58:40.613000+00:00,2026-06-19 14:58:40.613000+09:00,14,4,0,validation,20.717737,0.7822628021240234,0.7822628021240234,50+ km
VEH_01,VEH_01_FINAL_0049,Final,2026-06-19 05:58:50.063000+00:00,2026-06-19 06:09:28+00:00,2.0797362,10.632283333333334,11.984375,40.0,11.406538951819478,1084.2734375,1796.0,387.7928397483102,0.0,0.1018412278121015,0.3,2.223,High,2026-06-19 05:58:50.063000+00:00,2026-06-19 14:58:50.063000+09:00,14,4,0,validation,0.45300534,-0.15300534367561341,0.15300534367561341,1-5 km
VEH_10,VEH_10_AFTER_0607,After,2026-06-19 06:00:51.063000+00:00,2026-06-19 06:01:58+00:00,0.19472958,1.1156166666666667,15.5,27.0,7.997767545652081,1168.0681818181818,1941.5,489.5748514006483,0.0,0.0,0.03,17.71,High,2026-06-19 06:00:51.063000+00:00,2026-06-19 15:00:51.063000+09:00,15,4,0,validation,0.020079464,0.009920536279678344,0.009920536279678344,0-0.5 km
VEH_10,VEH_10_FINAL_0015,Final,2026-06-19 06:00:51.063000+00:00,2026-06-19 06:01:58+00:00,0.19472958,1.1156166666666667,15.5,27.0,7.997767545652081,1168.0681818181818,1941.5,489.5748514006483,0.0,0.0,0.03,17.71,High,2026-06-19 06:00:51.063000+00:00,2026-06-19 15:00:51.063000+09:00,15,4,0,validation,0.020079464,0.009920536279678344,0.009920536279678344,0-0.5 km
VEH_09,VEH_09_AFTER_0750,After,2026-06-19 06:01:23.127000+00:00,2026-06-19 06:04:55+00:00,0.6253729,3.5312166666666664,11.567567567567568,26.0,8.231582359262799,1131.4324324324325,1903.75,426.6919922443291,0.0,0.0081204076795449,0.1,3.883,High,2026-06-19 06:01:23.127000+00:00,2026-06-19 15:01:23.127000+09:00,15,4,0,validation,0.083705105,0.0162948951125145,0.0162948951125145,0.5-1 km
VEH_09,VEH_09_FINAL_0019,Final,2026-06-19 06:01:23.127000+00:00,2026-06-19 06:04:55+00:00,0.6253729,3.5312166666666664,11.567567567567568,26.0,8.231582359262799,1131.4324324324325,1903.75,426.6919922443291,0.0,0.0081204076795449,0.1,3.883,High,2026-06-19 06:01:23.127000+00:00,2026-06-19 15:01:23.127000+09:00,15,4,0,validation,0.083705105,0.0162948951125145,0.0162948951125145,0.5-1 km
VEH_02,VEH_02_AFTER_0375,After,2026-06-19 06:03:23.063000+00:00,2026-06-19 06:06:08+00:00,0.8365127,2.74895,19.68,43.0,10.298427064362787,1200.1583333333333,2449.5,525.3324284176852,0.0,0.0,0.13,18.887,High,2026-06-19 06:03:23.063000+00:00,2026-06-19 15:03:23.063000+09:00,15,4,0,validation,0.13517267,-0.005172665119171138,0.005172665119171138,0.5-1 km
VEH_02,VEH_02_FINAL_0017,Final,2026-06-19 06:03:23.063000+00:00,2026-06-19 06:06:08+00:00,0.8365127,2.74895,19.68,43.0,10.298427064362787,1200.1583333333333,2449.5,525.3324284176852,0.0,0.0,0.13,18.887,High,2026-06-19 06:03:23.063000+00:00,2026-06-19 15:03:23.063000+09:00,15,4,0,validation,0.13517267,-0.005172665119171138,0.005172665119171138,0.5-1 km
VEH_01,VEH_01_FINAL_0050,Final,2026-06-19 06:10:55.063000+00:00,2026-06-19 06:21:51+00:00,1.4207689,10.932283333333334,9.02777777777778,34.0,9.933070777042133,1125.0333333333333,2061.0,441.8950434712348,0.0,0.1707109917007932,0.39,0.38,High,2026-06-19 06:10:55.063000+00:00,2026-06-19 15:10:55.063000+09:00,15,4,0,validation,0.27582362,0.11417637705802919,0.11417637705802919,1-5 km
VEH_03,VEH_03_FINAL_0016,Final,2026-06-19 06:14:39.063000+00:00,2026-06-19 06:21:35.187000+00:00,1.2132896,6.9354000000000005,14.375,49.0,15.530715534063456,1183.9204545454545,2238.5,499.0109842704073,0.0,0.3588420598473968,0.26,0.533,High,2026-06-19 06:14:39.063000+00:00,2026-06-19 15:14:39.063000+09:00,15,4,0,validation,0.26365796,-0.0036579573154449374,0.0036579573154449374,1-5 km
VEH_02,VEH_02_AFTER_0376,After,2026-06-19 06:15:29.127000+00:00,2026-06-19 06:19:08+00:00,0.4721447,3.647883333333333,14.25,41.0,12.360049892024438,1220.9891304347825,2365.5,580.2687368341241,0.0,0.1569876117871279,0.11,0.44,High,2026-06-19 06:15:29.127000+00:00,2026-06-19 15:15:29.127000+09:00,15,4,0,validation,0.13368046,-0.023680462837219238,0.023680462837219238,0-0.5 km
VEH_02,VEH_02_FINAL_0018,Final,2026-06-19 06:15:29.127000+00:00,2026-06-19 06:19:08+00:00,0.4721447,3.647883333333333,14.25,41.0,12.360049892024438,1220.9891304347825,2365.5,580.2687368341241,0.0,0.1569876117871279,0.11,0.44,High,2026-06-19 06:15:29.127000+00:00,2026-06-19 15:15:29.127000+09:00,15,4,0,validation,0.13368046,-0.023680462837219238,0.023680462837219238,0-0.5 km
VEH_09,VEH_09_AFTER_0751,After,2026-06-19 06:15:49.063000+00:00,2026-06-19 06:28:17.063000+00:00,3.764331,12.466666666666669,18.744444444444444,49.0,13.032063971529018,1189.212365591398,2361.75,452.1820958167181,0.0,0.0742300559527017,0.43,0.614,High,2026-06-19 06:15:49.063000+00:00,2026-06-19 15:15:49.063000+09:00,15,4,0,validation,0.6461976,-0.2161976170539856,0.2161976170539856,1-5 km
VEH_09,VEH_09_FINAL_0020,Final,2026-06-19 06:15:49.063000+00:00,2026-06-19 06:28:17.063000+00:00,3.764331,12.466666666666669,18.744444444444444,49.0,13.032063971529018,1189.212365591398,2361.75,452.1820958167181,0.0,0.0742300559527017,0.43,0.614,High,2026-06-19 06:15:49.063000+00:00,2026-06-19 15:15:49.063000+09:00,15,4,0,validation,0.6461976,-0.2161976170539856,0.2161976170539856,1-5 km
VEH_04,VEH_04_FINAL_0023,Final,2026-06-19 06:17:36.063000+00:00,2026-06-19 06:43:33.127000+00:00,5.954749,25.95106666666667,17.313253012048193,65.0,16.721263939402597,1298.7798913043478,2984.0,550.3763106690188,0.0,0.2680565077404387,0.8200000000000001,2.923,High,2026-06-19 06:17:36.063000+00:00,2026-06-19 15:17:36.063000+09:00,15,4,0,validation,0.81052303,0.009476966857910218,0.009476966857910218,5-20 km
VEH_02,VEH_02_AFTER_0377,After,2026-06-19 06:21:10.063000+00:00,2026-06-19 06:24:40+00:00,0.64305663,3.49895,15.612903225806452,56.0,17.57688625101037,1340.3333333333333,3116.5,666.2917748003998,0.0555555555555555,0.2457261978264189,0.16,17.53,High,2026-06-19 06:21:10.063000+00:00,2026-06-19 15:21:10.063000+09:00,15,4,0,validation,0.20814045,-0.048140447735786435,0.048140447735786435,0.5-1 km
VEH_02,VEH_02_FINAL_0019,Final,2026-06-19 06:21:10.063000+00:00,2026-06-19 06:24:40+00:00,0.64305663,3.49895,15.612903225806452,56.0,17.57688625101037,1340.3333333333333,3116.5,666.2917748003998,0.0555555555555555,0.2457261978264189,0.16,17.53,High,2026-06-19 06:21:10.063000+00:00,2026-06-19 15:21:10.063000+09:00,15,4,0,validation,0.20814045,-0.048140447735786435,0.048140447735786435,0.5-1 km
VEH_01,VEH_01_FINAL_0051,Final,2026-06-19 06:25:28.063000+00:00,2026-06-19 06:34:06.063000+00:00,1.7248276,8.633333333333333,10.555555555555555,39.0,10.582859423626816,1117.1532258064517,1810.25,421.88916847137136,0.0,0.1441040478886628,0.25,0.347,High,2026-06-19 06:25:28.063000+00:00,2026-06-19 15:25:28.063000+09:00,15,4,0,validation,0.3228864,-0.0728864073753357,0.0728864073753357,1-5 km
VEH_08,VEH_08_FINAL_0019,Final,2026-06-19 06:28:06.063000+00:00,2026-06-19 06:52:23.127000+00:00,6.797689,24.2844,17.94160583941606,68.0,17.280750196339483,1249.3461538461538,2575.0,517.0229745822625,0.0,0.229556796474881,0.6900000000000001,0.343,High,2026-06-19 06:28:06.063000+00:00,2026-06-19 15:28:06.063000+09:00,15,4,0,validation,0.8381999,-0.14819991350173944,0.14819991350173944,5-20 km
VEH_03,VEH_03_FINAL_0017,Final,2026-06-19 06:29:16.063000+00:00,2026-06-19 06:31:15.063000+00:00,0.2311729,1.9833333333333336,11.307692307692308,29.0,9.420800352939278,1082.0375,1804.5,416.6929720654646,0.0,0.0823164513936098,0.06,0.234,High,2026-06-19 06:29:16.063000+00:00,2026-06-19 15:29:16.063000+09:00,15,4,0,validation,0.10220769,-0.04220769047737122,0.04220769047737122,0-0.5 km
VEH_09,VEH_09_AFTER_0752,After,2026-06-19 06:32:53.127000+00:00,2026-06-19 06:41:41+00:00,1.3949293,8.797883333333335,14.893617021276595,47.0,13.385025043973409,1153.8203125,1818.25,406.84464765039905,0.0,0.1708647031351839,0.25,18.417,High,2026-06-19 06:32:53.127000+00:00,2026-06-19 15:32:53.127000+09:00,15,4,0,validation,0.28311118,-0.03311118483543396,0.03311118483543396,1-5 km
VEH_09,VEH_09_FINAL_0021,Final,2026-06-19 06:32:53.127000+00:00,2026-06-19 06:41:41+00:00,1.3949293,8.797883333333335,14.893617021276595,47.0,13.385025043973409,1153.8203125,1818.25,406.84464765039905,0.0,0.1708647031351839,0.25,18.417,High,2026-06-19 06:32:53.127000+00:00,2026-06-19 15:32:53.127000+09:00,15,4,0,validation,0.28311118,-0.03311118483543396,0.03311118483543396,1-5 km
VEH_01,VEH_01_FINAL_0052,Final,2026-06-19 06:36:09.063000+00:00,2026-06-19 06:51:41+00:00,2.9388487,15.532283333333334,16.03448275862069,48.0,15.066479712904336,1151.5677966101696,2028.25,443.09171830146914,0.0,0.3257252078373704,0.46,7.763,High,2026-06-19 06:36:09.063000+00:00,2026-06-19 15:36:09.063000+09:00,15,4,0,validation,0.42792127,0.03207873463630678,0.03207873463630678,1-5 km
VEH_09,VEH_09_AFTER_0753,After,2026-06-19 06:45:57.063000+00:00,2026-06-19 07:01:10+00:00,4.075874,15.215616666666667,20.457831325301203,55.0,17.71480981730019,1256.36328125,2166.5,502.3002127900414,0.0,0.1990737218093147,0.62,17.637,High,2026-06-19 06:45:57.063000+00:00,2026-06-19 15:45:57.063000+09:00,15,4,0,validation,0.6429699,-0.022969906330108647,0.022969906330108647,1-5 km
VEH_09,VEH_09_FINAL_0022,Final,2026-06-19 06:45:57.063000+00:00,2026-06-19 07:01:10+00:00,4.075874,15.215616666666667,20.457831325301203,55.0,17.71480981730019,1256.36328125,2166.5,502.3002127900414,0.0,0.1990737218093147,0.62,17.637,High,2026-06-19 06:45:57.063000+00:00,2026-06-19 15:45:57.063000+09:00,15,4,0,validation,0.6429699,-0.022969906330108647,0.022969906330108647,1-5 km
VEH_05,VEH_05_FINAL_0024,Final,2026-06-19 06:49:36.063000+00:00,2026-06-19 07:00:42+00:00,4.3148947,11.09895,21.52173913043478,63.0,19.42104692446038,1066.9264705882354,1682.0,426.0200756860447,0.0,0.0958995067246552,1.57,4.44,High,2026-06-19 06:49:36.063000+00:00,2026-06-19 15:49:36.063000+09:00,15,4,0,validation,1.1910249,0.378975100517273,0.378975100517273,1-5 km
VEH_01,VEH_01_FINAL_0053,Final,2026-06-19 06:53:04.063000+00:00,2026-06-19 07:02:09+00:00,1.6340699,9.082283333333333,14.431818181818182,35.0,11.549100176032464,1161.1333333333334,1792.25,405.84464768622433,0.0,0.1589125575210583,0.27,19.003,High,2026-06-19 06:53:04.063000+00:00,2026-06-19 15:53:04.063000+09:00,15,4,0,validation,0.30218777,-0.03218777060508726,0.03218777060508726,1-5 km
VEH_07,VEH_07_AFTER_0388,After,2026-06-19 07:01:42+00:00,2026-06-19 07:28:25+00:00,9.55003,26.716666666666665,26.3,65.0,19.543614229278504,1332.8014705882354,2851.75,505.9499567623634,0.0,0.1856128402101317,1.07,3.927,High,2026-06-19 07:01:42+00:00,2026-06-19 16:01:42+09:00,16,4,0,validation,1.0894291,-0.01942914009094232,0.01942914009094232,5-20 km
VEH_07,VEH_07_FINAL_0012,Final,2026-06-19 07:01:42+00:00,2026-06-19 07:28:25+00:00,9.55003,26.716666666666665,26.3,65.0,19.543614229278504,1332.8014705882354,2851.75,505.9499567623634,0.0,0.1856128402101317,1.07,3.927,High,2026-06-19 07:01:42+00:00,2026-06-19 16:01:42+09:00,16,4,0,validation,1.0894291,-0.01942914009094232,0.01942914009094232,5-20 km
VEH_09,VEH_09_AFTER_0754,After,2026-06-19 07:05:01.063000+00:00,2026-06-19 07:18:04+00:00,3.2793775,13.04895,14.913978494623656,47.0,12.755480301422116,1123.4125,2092.25,404.9149839395302,0.0,0.146626639279507,0.39,17.89,High,2026-06-19 07:05:01.063000+00:00,2026-06-19 16:05:01.063000+09:00,16,4,0,validation,0.37133604,0.01866395711898805,0.01866395711898805,1-5 km
VEH_09,VEH_09_FINAL_0023,Final,2026-06-19 07:05:01.063000+00:00,2026-06-19 07:18:04+00:00,3.2793775,13.04895,14.913978494623656,47.0,12.755480301422116,1123.4125,2092.25,404.9149839395302,0.0,0.146626639279507,0.39,17.89,High,2026-06-19 07:05:01.063000+00:00,2026-06-19 16:05:01.063000+09:00,16,4,0,validation,0.37133604,0.01866395711898805,0.01866395711898805,1-5 km
VEH_01,VEH_01_FINAL_0054,Final,2026-06-19 07:05:20.063000+00:00,2026-06-19 07:10:22+00:00,1.379091,5.032283333333334,17.102564102564102,34.0,11.197057470133863,1120.325,1923.75,394.27314004168903,0.0,0.0934691611281597,0.17,1.353,High,2026-06-19 07:05:20.063000+00:00,2026-06-19 16:05:20.063000+09:00,16,4,0,validation,0.2118456,-0.04184560656547545,0.04184560656547545,1-5 km
VEH_12,VEH_12_FINAL_0032,Final,2026-06-19 07:07:39.127000+00:00,2026-06-19 07:12:20+00:00,0.93176514,4.681216666666667,13.692307692307692,36.0,12.215278046425274,1145.875,1549.5,374.1698102132239,0.0,0.1363902058842631,0.61,6.947,High,2026-06-19 07:07:39.127000+00:00,2026-06-19 16:07:39.127000+09:00,16,4,0,validation,0.39804947,0.21195052623748778,0.21195052623748778,0.5-1 km
VEH_04,VEH_04_FINAL_0024,Final,2026-06-19 07:08:22.063000+00:00,2026-06-19 07:10:18.063000+00:00,0.26824167,1.9333333333333331,10.333333333333334,32.0,9.696996753209008,1271.2333333333331,2534.0,644.6725490941549,0.0,0.3103490337532891,0.07,2.93,High,2026-06-19 07:08:22.063000+00:00,2026-06-19 16:08:22.063000+09:00,16,4,0,validation,0.10701539,-0.03701539367437362,0.03701539367437362,0-0.5 km
VEH_03,VEH_03_FINAL_0018,Final,2026-06-19 07:12:24.063000+00:00,2026-06-19 07:25:44.063000+00:00,2.2258646,13.333333333333334,12.537735849056604,52.0,12.623110378521512,1208.2724719101125,2172.25,487.02378013436015,0.0,0.2888627107497036,0.47,0.86,High,2026-06-19 07:12:24.063000+00:00,2026-06-19 16:12:24.063000+09:00,16,4,0,validation,0.3432489,0.12675109624862668,0.12675109624862668,1-5 km
VEH_01,VEH_01_FINAL_0055,Final,2026-06-19 07:12:34.063000+00:00,2026-06-19 07:15:15.063000+00:00,0.35498542,2.683333333333333,6.863636363636363,18.0,6.710205623088776,1021.5909090909092,1664.75,360.3410674865625,0.0,0.1364746444476368,0.06,16.227,High,2026-06-19 07:12:34.063000+00:00,2026-06-19 16:12:34.063000+09:00,16,4,0,validation,0.14084019,-0.08084018766880036,0.08084018766880036,0-0.5 km
VEH_10,VEH_10_AFTER_0612,After,2026-06-19 07:18:59.063000+00:00,2026-06-19 07:19:46+00:00,0.1561111,0.7822833333333333,8.666666666666666,26.0,8.485281374238571,1076.5,1797.5,462.4754272751509,0.0,0.0324859062142255,0.02,18.527,High,2026-06-19 07:18:59.063000+00:00,2026-06-19 16:18:59.063000+09:00,16,4,0,validation,0.032426074,-0.012426074147224426,0.012426074147224426,0-0.5 km
VEH_10,VEH_10_FINAL_0020,Final,2026-06-19 07:18:59.063000+00:00,2026-06-19 07:19:46+00:00,0.1561111,0.7822833333333333,8.666666666666666,26.0,8.485281374238571,1076.5,1797.5,462.4754272751509,0.0,0.0324859062142255,0.02,18.527,High,2026-06-19 07:18:59.063000+00:00,2026-06-19 16:18:59.063000+09:00,16,4,0,validation,0.032426074,-0.012426074147224426,0.012426074147224426,0-0.5 km
VEH_01,VEH_01_FINAL_0056,Final,2026-06-19 07:20:50.063000+00:00,2026-06-19 07:31:05.063000+00:00,2.392986,10.25,12.68,57.0,14.973006823391664,1075.8958333333333,1944.5,434.9476795443013,0.0,0.2199646989605805,0.29,0.77,High,2026-06-19 07:20:50.063000+00:00,2026-06-19 16:20:50.063000+09:00,16,4,0,validation,0.35287192,-0.06287192463874819,0.06287192463874819,1-5 km
VEH_10,VEH_10_AFTER_0613,After,2026-06-19 07:23:15.127000+00:00,2026-06-19 07:42:44+00:00,6.2177444,19.48121666666667,23.0,72.0,20.13632782096099,1299.7894736842106,2926.75,547.2371771426823,0.0,0.1915805121330947,0.98,2.227,High,2026-06-19 07:23:15.127000+00:00,2026-06-19 16:23:15.127000+09:00,16,4,0,validation,0.71713233,0.2628676700592041,0.2628676700592041,5-20 km
VEH_10,VEH_10_FINAL_0021,Final,2026-06-19 07:23:15.127000+00:00,2026-06-19 07:42:44+00:00,6.2177444,19.48121666666667,23.0,72.0,20.13632782096099,1299.7894736842106,2926.75,547.2371771426823,0.0,0.1915805121330947,0.98,2.227,High,2026-06-19 07:23:15.127000+00:00,2026-06-19 16:23:15.127000+09:00,16,4,0,validation,0.71713233,0.2628676700592041,0.2628676700592041,5-20 km
VEH_04,VEH_04_FINAL_0025,Final,2026-06-19 07:23:24.063000+00:00,2026-06-19 07:26:56.063000+00:00,0.48184437,3.533333333333333,10.264705882352942,32.0,9.801887043798104,1200.942857142857,2836.5,559.6030706980564,0.0,0.3168786713634833,0.11,2.89,High,2026-06-19 07:23:24.063000+00:00,2026-06-19 16:23:24.063000+09:00,16,4,0,validation,0.12877226,-0.01877225875854492,0.01877225875854492,0-0.5 km
VEH_03,VEH_03_FINAL_0019,Final,2026-06-19 07:29:13.063000+00:00,2026-06-19 07:30:42.127000+00:00,0.3977478,1.4844,14.75,25.0,8.447139555297206,1054.425,1761.5,402.4424811386094,0.0,0.0410165765888258,0.03,15.286,High,2026-06-19 07:29:13.063000+00:00,2026-06-19 16:29:13.063000+09:00,16,4,0,validation,0.11178606,-0.08178606003522873,0.08178606003522873,0-0.5 km
VEH_01,VEH_01_FINAL_0057,Final,2026-06-19 07:33:54.063000+00:00,2026-06-19 07:46:17.063000+00:00,3.0769255,12.383333333333333,16.078651685393258,53.0,15.068551013376233,1192.3833333333334,2219.25,481.74422558956417,0.0,0.1754468560231325,0.41,0.594,High,2026-06-19 07:33:54.063000+00:00,2026-06-19 16:33:54.063000+09:00,16,4,0,validation,0.4217633,-0.011763300895690942,0.011763300895690942,1-5 km
VEH_02,VEH_02_AFTER_0380,After,2026-06-19 07:36:28+00:00,2026-06-19 07:38:12.063000+00:00,0.47765717,1.7343833333333334,15.5,36.0,13.865424623862047,1225.590909090909,2087.25,505.76611861169306,0.0,0.0307227501454482,1.25,0.744,High,2026-06-19 07:36:28+00:00,2026-06-19 16:36:28+09:00,16,4,0,validation,0.071296446,1.1787035539746284,1.1787035539746284,0-0.5 km
VEH_02,VEH_02_FINAL_0022,Final,2026-06-19 07:36:28+00:00,2026-06-19 07:38:12.063000+00:00,0.47765717,1.7343833333333334,15.5,36.0,13.865424623862047,1225.590909090909,2087.25,505.76611861169306,0.0,0.0307227501454482,1.25,0.744,High,2026-06-19 07:36:28+00:00,2026-06-19 16:36:28+09:00,16,4,0,validation,0.071296446,1.1787035539746284,1.1787035539746284,0-0.5 km
VEH_09,VEH_09_AFTER_0757,After,2026-06-19 07:45:22.063000+00:00,2026-06-19 07:58:50+00:00,3.6540847,13.465616666666667,16.740384615384617,46.0,12.402694490363848,1166.1114130434785,2349.25,437.1695978544491,0.0,0.120391858865088,0.58,1.16,High,2026-06-19 07:45:22.063000+00:00,2026-06-19 16:45:22.063000+09:00,16,4,0,validation,0.5383822,0.04161782741546627,0.04161782741546627,1-5 km
VEH_09,VEH_09_FINAL_0026,Final,2026-06-19 07:45:22.063000+00:00,2026-06-19 07:58:50+00:00,3.6540847,13.465616666666667,16.740384615384617,46.0,12.402694490363848,1166.1114130434785,2349.25,437.1695978544491,0.0,0.120391858865088,0.58,1.16,High,2026-06-19 07:45:22.063000+00:00,2026-06-19 16:45:22.063000+09:00,16,4,0,validation,0.5383822,0.04161782741546627,0.04161782741546627,1-5 km
VEH_10,VEH_10_AFTER_0614,After,2026-06-19 07:47:06.063000+00:00,2026-06-19 08:04:39+00:00,7.4753184,17.548949999999998,26.05785123966942,73.0,18.170586312859506,1246.2217741935483,3092.0,571.4624201033702,0.0080645161290322,0.0896970315435928,0.8,18.697,High,2026-06-19 07:47:06.063000+00:00,2026-06-19 16:47:06.063000+09:00,16,4,0,validation,0.7655278,0.034472215175628707,0.034472215175628707,5-20 km
VEH_10,VEH_10_FINAL_0022,Final,2026-06-19 07:47:06.063000+00:00,2026-06-19 08:04:39+00:00,7.4753184,17.548949999999998,26.05785123966942,73.0,18.170586312859506,1246.2217741935483,3092.0,571.4624201033702,0.0080645161290322,0.0896970315435928,0.8,18.697,High,2026-06-19 07:47:06.063000+00:00,2026-06-19 16:47:06.063000+09:00,16,4,0,validation,0.7655278,0.034472215175628707,0.034472215175628707,5-20 km
VEH_04,VEH_04_FINAL_0026,Final,2026-06-19 07:52:47.063000+00:00,2026-06-19 07:56:27+00:00,0.2376111,3.6656166666666663,3.971428571428571,37.0,7.617595099638783,1339.2857142857142,2620.0,676.2554386970554,0.0,0.1495655643535749,0.1,6.68,High,2026-06-19 07:52:47.063000+00:00,2026-06-19 16:52:47.063000+09:00,16,4,0,validation,0.07918791,0.020812092721462255,0.020812092721462255,0-0.5 km
VEH_03,VEH_03_FINAL_0020,Final,2026-06-19 07:53:06.063000+00:00,2026-06-19 08:38:46+00:00,22.077423,45.665616666666665,27.976510067114095,109.0,20.62633648876807,1215.25,2756.5,460.2370987073023,0.0,0.0283560865228908,2.45,19.973,High,2026-06-19 07:53:06.063000+00:00,2026-06-19 16:53:06.063000+09:00,16,4,0,validation,3.2852306,-0.8352306365966795,0.8352306365966795,20-50 km
VEH_02,VEH_02_AFTER_0381,After,2026-06-19 07:54:17.063000+00:00,2026-06-19 07:55:15+00:00,0.2658461,0.9656166666666668,12.25,37.0,12.748365908355996,1232.6,2167.25,599.6319412773139,0.0,0.0262786196313669,0.08,2.883,High,2026-06-19 07:54:17.063000+00:00,2026-06-19 16:54:17.063000+09:00,16,4,0,validation,0.02202302,0.057976979687809946,0.057976979687809946,0-0.5 km
VEH_02,VEH_02_FINAL_0023,Final,2026-06-19 07:54:17.063000+00:00,2026-06-19 07:55:15+00:00,0.2658461,0.9656166666666668,12.25,37.0,12.748365908355996,1232.6,2167.25,599.6319412773139,0.0,0.0262786196313669,0.08,2.883,High,2026-06-19 07:54:17.063000+00:00,2026-06-19 16:54:17.063000+09:00,16,4,0,validation,0.02202302,0.057976979687809946,0.057976979687809946,0-0.5 km
VEH_09,VEH_09_AFTER_0758,After,2026-06-19 08:00:58.063000+00:00,2026-06-19 08:22:12+00:00,6.188712,21.23228333333333,21.53174603174603,63.0,17.60081460413554,1191.73,2332.25,484.30561461746447,0.0,0.2240410907555664,0.75,18.95,High,2026-06-19 08:00:58.063000+00:00,2026-06-19 17:00:58.063000+09:00,17,4,0,validation,0.74152684,0.00847315788269043,0.00847315788269043,5-20 km
VEH_09,VEH_09_FINAL_0027,Final,2026-06-19 08:00:58.063000+00:00,2026-06-19 08:22:12+00:00,6.188712,21.23228333333333,21.53174603174603,63.0,17.60081460413554,1191.73,2332.25,484.30561461746447,0.0,0.2240410907555664,0.75,18.95,High,2026-06-19 08:00:58.063000+00:00,2026-06-19 17:00:58.063000+09:00,17,4,0,validation,0.74152684,0.00847315788269043,0.00847315788269043,5-20 km
VEH_04,VEH_04_FINAL_0027,Final,2026-06-19 08:02:15.063000+00:00,2026-06-19 08:06:31+00:00,0.39825657,4.265616666666667,11.83720930232558,38.0,11.964929824298116,1377.9625,2949.0,669.3308261568042,0.0,0.2901307608569375,0.16,5.497,High,2026-06-19 08:02:15.063000+00:00,2026-06-19 17:02:15.063000+09:00,17,4,0,validation,0.19639666,-0.03639666378498077,0.03639666378498077,0-0.5 km
VEH_04,VEH_04_FINAL_0028,Final,2026-06-19 08:16:19.063000+00:00,2026-06-19 08:20:31.063000+00:00,0.47449082,4.2,15.583333333333334,44.0,12.880594793029635,1358.085106382979,3322.0,713.9764532081061,0.0212765957446808,0.2489145143260575,0.16,3.26,High,2026-06-19 08:16:19.063000+00:00,2026-06-19 17:16:19.063000+09:00,17,4,0,validation,0.21994875,-0.05994875371456146,0.05994875371456146,0-0.5 km
VEH_11,VEH_11_FINAL_0016,Final,2026-06-19 08:38:23.473000+00:00,2026-06-19 10:47:47+00:00,88.79484,129.39211666666668,25.8265306122449,95.0,25.61534557213069,1125.4213780918728,1872.75,434.36644467783015,0.0,0.0752310193088849,26.31,16.583,High,2026-06-19 08:38:23.473000+00:00,2026-06-19 17:38:23.473000+09:00,17,4,0,validation,23.498964,2.811035690307616,2.811035690307616,50+ km
VEH_12,VEH_12_FINAL_0035,Final,2026-06-19 08:45:45+00:00,2026-06-19 09:26:57+00:00,40.78802,41.2,41.92546583850932,89.0,28.938047510623345,1190.1944444444443,1778.25,389.87398565608095,0.0,0.1326112397347369,10.58,13.687,High,2026-06-19 08:45:45+00:00,2026-06-19 17:45:45+09:00,17,4,0,validation,10.583471,-0.0034712982177733664,0.0034712982177733664,20-50 km
VEH_04,VEH_04_FINAL_0030,Final,2026-06-19 08:51:24+00:00,2026-06-19 09:58:54+00:00,25.417255,67.5,23.100456621004565,113.0,25.023987574513317,1362.051948051948,3915.0,657.790288416579,0.0181818181818181,0.1559302600051956,3.57,6.44,High,2026-06-19 08:51:24+00:00,2026-06-19 17:51:24+09:00,17,4,0,validation,2.937085,0.6329150867462157,0.6329150867462157,20-50 km
VEH_04,VEH_04_FINAL_0032,Final,2026-06-19 10:08:34.127000+00:00,2026-06-19 10:09:10+00:00,0.1,0.5978833333333333,2.5555555555555554,17.0,5.166367972250075,1017.3333333333334,1458.5,312.86480928491926,0.0,0.1232061503416856,0.02,9.05,High,2026-06-19 10:08:34.127000+00:00,2026-06-19 19:08:34.127000+09:00,19,4,0,validation,1.0441569,-1.0241569089889526,1.0241569089889526,0-0.5 km
VEH_11,VEH_11_FINAL_0018,Final,2026-06-19 10:57:21.123000+00:00,2026-06-19 10:59:22+00:00,0.5943949,2.0146166666666665,16.785714285714285,39.0,12.213450263825484,857.6666666666666,1447.5,455.10593241818134,0.0,0.006544737313968,0.26,13.0,High,2026-06-19 10:57:21.123000+00:00,2026-06-19 19:57:21.123000+09:00,19,4,0,validation,0.271353,-0.01135300636291503,0.01135300636291503,0.5-1 km
VEH_12,VEH_12_FINAL_0043,Final,2026-06-19 15:36:24+00:00,2026-06-19 16:35:35+00:00,63.131687,59.18333333333333,42.386861313868614,89.0,29.68305770917423,1127.1083333333331,1773.25,377.63543753275536,0.0,0.0837843308546225,19.13,9.957,High,2026-06-19 15:36:24+00:00,2026-06-20 00:36:24+09:00,0,5,1,validation,16.512222,2.6177777099609365,2.6177777099609365,50+ km
VEH_12,VEH_12_FINAL_0044,Final,2026-06-19 16:51:17.063000+00:00,2026-06-19 17:17:38+00:00,19.085354,26.34895,34.276595744680854,80.0,21.80933055023339,1091.3703703703704,1763.75,439.7576845935976,0.0,0.0536095817574576,6.07,8.71,High,2026-06-19 16:51:17.063000+00:00,2026-06-20 01:51:17.063000+09:00,1,5,1,validation,6.594787,-0.5247871208190915,0.5247871208190915,5-20 km
VEH_06,VEH_06_FINAL_0045,Final,2026-06-19 17:11:24+00:00,2026-06-19 17:51:28+00:00,37.723778,40.06666666666667,41.97692307692308,87.0,25.937636860692606,1038.7142857142858,1514.5,339.84135204213027,0.0,0.1021404978303577,11.66,6.77,High,2026-06-19 17:11:24+00:00,2026-06-20 02:11:24+09:00,2,5,1,validation,9.588882,2.0711175537109376,2.0711175537109376,20-50 km
VEH_12,VEH_12_FINAL_0045,Final,2026-06-19 17:28:58.063000+00:00,2026-06-19 18:11:46+00:00,40.026867,42.79895,42.6044776119403,89.0,30.2990120169738,1032.0648148148148,1575.25,394.19612641021416,0.0,0.1793149353208558,10.64,10.173,High,2026-06-19 17:28:58.063000+00:00,2026-06-20 02:28:58.063000+09:00,2,5,1,validation,9.522288,1.11771167755127,1.11771167755127,20-50 km
VEH_06,VEH_06_FINAL_0047,Final,2026-06-19 18:26:56+00:00,2026-06-19 18:59:23+00:00,31.578955,32.45,46.68695652173913,88.0,30.15968089365014,1032.0625,1577.0,371.77195526121926,0.0,0.0704708171529781,8.86,8.707,High,2026-06-19 18:26:56+00:00,2026-06-20 03:26:56+09:00,3,5,1,validation,7.0466533,1.8133467292785639,1.8133467292785639,20-50 km
VEH_09,VEH_09_FINAL_0028,Final,2026-06-20 01:10:58.063000+00:00,2026-06-20 01:23:09+00:00,2.4115686,12.182283333333334,21.59550561797753,53.0,14.579282747052677,1178.9421052631578,2372.0,493.3573921459387,0.0,0.1740519802559244,0.44,16.773,High,2026-06-20 01:10:58.063000+00:00,2026-06-20 10:10:58.063000+09:00,10,5,1,validation,0.42866847,0.011331530809402468,0.011331530809402468,1-5 km
VEH_09,VEH_09_FINAL_0029,Final,2026-06-20 01:27:53.127000+00:00,2026-06-20 01:39:21.127000+00:00,2.5094333,11.466666666666669,14.555555555555555,50.0,14.68832575824239,1176.8020833333333,2077.0,488.6564132079624,0.0,0.2166409698318506,0.32,0.866,High,2026-06-20 01:27:53.127000+00:00,2026-06-20 10:27:53.127000+09:00,10,5,1,validation,0.39901182,-0.07901182055473327,0.07901182055473327,1-5 km
VEH_09,VEH_09_FINAL_0030,Final,2026-06-20 01:43:01.063000+00:00,2026-06-20 01:45:02+00:00,0.22685492,2.015616666666667,13.357142857142858,25.0,8.354700497813386,1138.0625,2124.5,516.5534330722718,0.0,0.0080874407779901,0.04,16.04,High,2026-06-20 01:43:01.063000+00:00,2026-06-20 10:43:01.063000+09:00,10,5,1,validation,0.31551024,-0.27551024317741396,0.27551024317741396,0-0.5 km
VEH_09,VEH_09_FINAL_0031,Final,2026-06-20 01:52:16.063000+00:00,2026-06-20 01:57:31+00:00,0.5538702,5.24895,10.863636363636363,34.0,9.282414725732515,1193.6089743589744,2265.75,490.7332647814397,0.0,0.21145029905413,0.15,5.197,High,2026-06-20 01:52:16.063000+00:00,2026-06-20 10:52:16.063000+09:00,10,5,1,validation,0.23693009,-0.08693008720874787,0.08693008720874787,0.5-1 km
VEH_09,VEH_09_FINAL_0032,Final,2026-06-20 02:15:49.063000+00:00,2026-06-20 02:27:45+00:00,3.7761023,11.932283333333334,20.430555555555557,62.0,18.34531910392107,1172.201612903226,2144.25,488.2917884242575,0.0,0.1955259620981091,0.42,25.313,High,2026-06-20 02:15:49.063000+00:00,2026-06-20 11:15:49.063000+09:00,11,5,1,validation,0.69124466,-0.27124466180801393,0.27124466180801393,1-5 km
VEH_09,VEH_09_FINAL_0033,Final,2026-06-20 02:35:59.063000+00:00,2026-06-20 02:41:54.063000+00:00,1.6272334,5.916666666666667,17.153846153846153,44.0,12.52390219670936,1122.3048780487804,1979.5,405.2370335875521,0.0,0.1283970810266734,0.18,0.124,High,2026-06-20 02:35:59.063000+00:00,2026-06-20 11:35:59.063000+09:00,11,5,1,validation,0.30743727,-0.1274372708797455,0.1274372708797455,1-5 km
VEH_09,VEH_09_FINAL_0034,Final,2026-06-20 02:43:31.063000+00:00,2026-06-20 02:44:18.063000+00:00,0.108149886,0.7833333333333333,7.454545454545454,28.0,10.236864189279451,1019.5,2220.75,504.6306663045757,0.0,0.3295932071221246,0.02,0.547,High,2026-06-20 02:43:31.063000+00:00,2026-06-20 11:43:31.063000+09:00,11,5,1,validation,1.4135582,-1.3935582447052002,1.3935582447052002,0-0.5 km
VEH_09,VEH_09_FINAL_0035,Final,2026-06-20 02:46:27.063000+00:00,2026-06-20 02:55:26.187000+00:00,1.6542566,8.9854,15.291666666666666,41.0,13.749179268434736,1161.5208333333333,2002.5,479.19603850196035,0.0,0.3379078522279669,0.26,0.69,High,2026-06-20 02:46:27.063000+00:00,2026-06-20 11:46:27.063000+09:00,11,5,1,validation,3.0099108,-2.749910821914673,2.749910821914673,1-5 km
VEH_09,VEH_09_FINAL_0036,Final,2026-06-20 03:00:10.063000+00:00,2026-06-20 03:09:32+00:00,2.1455803,9.365616666666666,14.883333333333333,47.0,13.641959373768694,1141.6780303030305,2022.5,440.6825924432277,0.0,0.1584833641364989,0.3,1.343,High,2026-06-20 03:00:10.063000+00:00,2026-06-20 12:00:10.063000+09:00,12,5,1,validation,0.3793647,-0.07936469912528993,0.07936469912528993,1-5 km
VEH_09,VEH_09_FINAL_0037,Final,2026-06-20 03:15:35.063000+00:00,2026-06-20 03:22:10.127000+00:00,1.3202431,6.5844000000000005,10.627450980392156,40.0,11.848654733457934,1138.1379310344828,2196.75,534.7479731313931,0.0,0.145605138607167,0.2,0.1,High,2026-06-20 03:15:35.063000+00:00,2026-06-20 12:15:35.063000+09:00,12,5,1,validation,0.31295547,-0.11295546889305114,0.11295546889305114,1-5 km
VEH_09,VEH_09_FINAL_0038,Final,2026-06-20 03:30:14.127000+00:00,2026-06-20 03:42:41+00:00,2.2124138,12.447883333333332,12.180722891566266,31.0,9.970008735012373,1121.19140625,2000.75,407.7793035870751,0.0,0.1112152059292106,0.27,16.597,High,2026-06-20 03:30:14.127000+00:00,2026-06-20 12:30:14.127000+09:00,12,5,1,validation,0.3726162,-0.1026162016391754,0.1026162016391754,1-5 km
VEH_12,VEH_12_FINAL_0049,Final,2026-06-20 03:43:56.063000+00:00,2026-06-20 04:28:02+00:00,40.81281,44.098949999999995,42.622950819672134,89.0,30.29292182349102,1129.275,1767.5,404.90769704341255,0.0,0.1169818946631346,12.23,24.25,High,2026-06-20 03:43:56.063000+00:00,2026-06-20 12:43:56.063000+09:00,12,5,1,validation,10.881637,1.3483633804321293,1.3483633804321293,20-50 km
VEH_06,VEH_06_FINAL_0052,Final,2026-06-20 03:45:34+00:00,2026-06-20 05:21:29+00:00,77.90291,95.91666666666669,42.292857142857144,92.0,30.752467131823387,1039.5384615384614,1745.75,384.2728222059097,0.0,0.0700935263101984,21.42,10.32,High,2026-06-20 03:45:34+00:00,2026-06-20 12:45:34+09:00,12,5,1,validation,20.552488,0.8675116729736345,0.8675116729736345,50+ km
VEH_09,VEH_09_FINAL_0039,Final,2026-06-20 04:33:35.063000+00:00,2026-06-20 04:40:37+00:00,1.1361207,7.032283333333334,14.683333333333334,38.0,9.80389661761531,1151.1328125,2158.0,480.2849292037122,0.0,0.1324817171621236,0.25,16.977,High,2026-06-20 04:33:35.063000+00:00,2026-06-20 13:33:35.063000+09:00,13,5,1,validation,0.3048574,-0.05485740303993225,0.05485740303993225,1-5 km
VEH_12,VEH_12_FINAL_0050,Final,2026-06-20 04:39:47.063000+00:00,2026-06-20 04:45:22+00:00,0.97976345,5.582283333333334,7.535714285714286,35.0,10.27647154167902,818.2,1453.25,414.8384745898095,0.0,0.1876045261345929,0.56,10.29,High,2026-06-20 04:39:47.063000+00:00,2026-06-20 13:39:47.063000+09:00,13,5,1,validation,0.38954726,0.17045274138450628,0.17045274138450628,0.5-1 km
VEH_09,VEH_09_FINAL_0040,Final,2026-06-20 04:44:40.063000+00:00,2026-06-20 04:59:28.063000+00:00,2.7781441,14.8,17.10989010989011,45.0,12.454268476495416,1174.995,2416.75,487.9561865321516,0.0,0.2019507225755936,0.6,0.137,High,2026-06-20 04:44:40.063000+00:00,2026-06-20 13:44:40.063000+09:00,13,5,1,validation,0.45662495,0.14337504506111143,0.14337504506111143,1-5 km
VEH_06,VEH_06_FINAL_0056,Final,2026-06-21 04:29:10.063000+00:00,2026-06-21 05:13:04+00:00,42.692963,43.89895,39.47692307692308,90.0,27.201022431184,1151.94,1818.0,455.2236224099096,0.0,0.085439340110604,12.67,13.513,High,2026-06-21 04:29:10.063000+00:00,2026-06-21 13:29:10.063000+09:00,13,6,1,validation,11.878741,0.7912587356567382,0.7912587356567382,20-50 km
VEH_06,VEH_06_FINAL_0057,Final,2026-06-21 05:46:49.127000+00:00,2026-06-21 06:20:33.063000+00:00,38.868458,33.73226666666667,48.34905660377358,90.0,29.67498230128708,1064.7847222222222,1799.0,431.2993898963026,0.0,0.0621207073852526,9.9,0.55,High,2026-06-21 05:46:49.127000+00:00,2026-06-21 14:46:49.127000+09:00,14,6,1,validation,9.804555,0.09544506072998082,0.09544506072998082,20-50 km
VEH_06,VEH_06_FINAL_0058,Final,2026-06-21 06:24:48.063000+00:00,2026-06-21 06:32:07+00:00,2.9591174,7.315616666666667,25.72093023255814,72.0,24.65136024493101,1102.9772727272727,1795.75,469.4550328759529,0.0,0.1076437001612094,1.3,21.397,High,2026-06-21 06:24:48.063000+00:00,2026-06-21 15:24:48.063000+09:00,15,6,1,validation,0.91245496,0.38754503726959233,0.38754503726959233,1-5 km
VEH_12,VEH_12_FINAL_0054,Final,2026-06-21 07:22:02+00:00,2026-06-21 07:58:39+00:00,40.784996,36.61666666666667,45.54807692307692,89.0,27.757840128681977,1124.89,1738.25,426.3456466295862,0.0,0.1053608808964819,10.81,17.993,High,2026-06-21 07:22:02+00:00,2026-06-21 16:22:02+09:00,16,6,1,validation,10.853988,-0.043987693786620596,0.043987693786620596,20-50 km
VEH_12,VEH_12_FINAL_0057,Final,2026-06-21 13:19:22.063000+00:00,2026-06-21 13:20:20.063000+00:00,0.11518742,0.9666666666666668,5.2,20.0,7.110555533852471,774.9,1424.25,414.6242455525243,0.0,0.139178844815588,0.11,0.664,High,2026-06-21 13:19:22.063000+00:00,2026-06-21 22:19:22.063000+09:00,22,6,1,validation,0.16935776,-0.05935776174068451,0.05935776174068451,0-0.5 km
VEH_12,VEH_12_FINAL_0059,Final,2026-06-21 13:56:19+00:00,2026-06-21 14:58:40+00:00,75.47631,62.35,54.08391608391609,94.0,29.778552497730495,1125.015625,1606.25,395.35189496145,0.0,0.0103549187835335,18.72,4.28,High,2026-06-21 13:56:19+00:00,2026-06-21 22:56:19+09:00,22,6,1,validation,16.792225,1.9277751159667957,1.9277751159667957,50+ km
VEH_12,VEH_12_FINAL_0060,Final,2026-06-21 15:24:43.063000+00:00,2026-06-21 16:26:18+00:00,75.364624,61.58228333333333,47.67479674796748,93.0,30.99344172299581,1057.639705882353,1630.25,400.28212105732223,0.0,0.0527457996266334,17.08,3.823,High,2026-06-21 15:24:43.063000+00:00,2026-06-22 00:24:43.063000+09:00,0,0,0,validation,16.739231,0.34076889038085767,0.34076889038085767,50+ km
VEH_06,VEH_06_FINAL_0062,Final,2026-06-21 15:28:35+00:00,2026-06-21 16:03:22+00:00,38.793526,34.78333333333333,38.92783505154639,89.0,28.91090024618667,1173.451388888889,1824.25,418.0979326874452,0.0,0.0327979754671324,13.87,7.677,High,2026-06-21 15:28:35+00:00,2026-06-22 00:28:35+09:00,0,0,0,validation,11.557403,2.3125973892211906,2.3125973892211906,20-50 km
VEH_06,VEH_06_FINAL_0064,Final,2026-06-21 16:32:43+00:00,2026-06-21 17:05:54+00:00,31.624653,33.18333333333333,37.45283018867924,89.0,31.23076980409016,1108.8333333333333,1724.25,433.2701770215627,0.0,0.2419470518536567,7.82,11.383,High,2026-06-21 16:32:43+00:00,2026-06-22 01:32:43+09:00,1,0,0,validation,7.321108,0.49889213562011747,0.49889213562011747,20-50 km
VEH_12,VEH_12_FINAL_0061,Final,2026-06-21 16:46:21.063000+00:00,2026-06-21 17:34:50+00:00,62.55926,48.482283333333335,43.04705882352941,91.0,30.64211092496266,1138.3333333333333,1902.25,460.872801203205,0.0,0.0823557464446256,15.35,5.47,High,2026-06-21 16:46:21.063000+00:00,2026-06-22 01:46:21.063000+09:00,1,0,0,validation,15.490323,-0.14032306671142614,0.14032306671142614,50+ km
VEH_06,VEH_06_FINAL_0065,Final,2026-06-21 17:29:38.063000+00:00,2026-06-21 18:23:20+00:00,67.15103,53.69895,52.604166666666664,88.0,30.993439886082705,1020.8636363636364,1657.0,404.2052930194738,0.0,0.0204461476706247,14.55,23.45,High,2026-06-21 17:29:38.063000+00:00,2026-06-22 02:29:38.063000+09:00,2,0,0,validation,13.895594,0.6544063568115241,0.6544063568115241,50+ km
VEH_12,VEH_12_FINAL_0062,Final,2026-06-21 17:58:26.063000+00:00,2026-06-21 18:32:02+00:00,26.896078,33.598949999999995,36.116504854368934,89.0,29.037070705610063,1014.8333333333334,1669.5,412.9718849725461,0.0,0.0948433847465404,6.41,4.267,High,2026-06-21 17:58:26.063000+00:00,2026-06-22 02:58:26.063000+09:00,2,0,0,validation,6.5778856,-0.1678856277465819,0.1678856277465819,20-50 km
VEH_06,VEH_06_FINAL_0067,Final,2026-06-21 18:56:23+00:00,2026-06-21 19:27:12+00:00,32.4866,30.816666666666663,44.75257731958763,96.0,31.66058101590431,1155.712962962963,1814.25,424.5765357852091,0.0,0.0310663324447067,8.55,24.407,High,2026-06-21 18:56:23+00:00,2026-06-22 03:56:23+09:00,3,0,0,validation,9.14134,-0.591340255737304,0.591340255737304,20-50 km
VEH_06,VEH_06_FINAL_0069,Final,2026-06-21 20:00:36+00:00,2026-06-21 20:34:52+00:00,32.603645,34.266666666666666,36.743362831858406,94.0,31.59695817135745,1046.690476190476,1570.75,399.50373906678857,0.0,0.2010334848280972,7.94,14.427,High,2026-06-21 20:00:36+00:00,2026-06-22 05:00:36+09:00,5,0,0,validation,8.645034,-0.7050338363647457,0.7050338363647457,20-50 km
VEH_11,VEH_11_FINAL_0024,Final,2026-06-21 23:34:34.600000+00:00,2026-06-22 00:41:48+00:00,70.59103,67.22333333333333,44.688442211055275,88.0,26.851039246713896,1055.76875,1565.5,373.7499389109482,0.0,0.0097838707421137,14.43,4.23,High,2026-06-21 23:34:34.600000+00:00,2026-06-22 08:34:34.600000+09:00,8,0,0,validation,15.346288,-0.9162877273559573,0.9162877273559573,50+ km
VEH_09,VEH_09_FINAL_0043,Final,2026-06-22 00:10:20.063000+00:00,2026-06-22 00:23:31+00:00,2.5760493,13.182283333333334,15.2,50.0,13.226236552146394,1190.0375,2076.75,428.0930500852005,0.0,0.2137086598541718,0.51,3.87,High,2026-06-22 00:10:20.063000+00:00,2026-06-22 09:10:20.063000+09:00,9,0,0,validation,0.37245175,0.1375482475757599,0.1375482475757599,1-5 km
VEH_01,VEH_01_FINAL_0059,Final,2026-06-22 00:11:18.063000+00:00,2026-06-22 00:40:54+00:00,26.468412,29.59895,47.74149659863946,108.0,31.009783059209557,1368.6875,2659.5,561.7567153179934,0.0,0.0874198503485273,2.34,8.313,High,2026-06-22 00:11:18.063000+00:00,2026-06-22 09:11:18.063000+09:00,9,0,0,validation,2.290255,0.04974493026733384,0.04974493026733384,20-50 km
VEH_03,VEH_03_FINAL_0021,Final,2026-06-22 00:14:33.063000+00:00,2026-06-22 01:10:28+00:00,23.657166,55.915616666666665,23.535502958579883,99.0,22.26946817759044,1223.0121681415928,2476.5,476.2081765903373,0.0,0.0926048356630147,2.59,7.897,High,2026-06-22 00:14:33.063000+00:00,2026-06-22 09:14:33.063000+09:00,9,0,0,validation,2.5171976,0.07280239105224595,0.07280239105224595,20-50 km
VEH_04,VEH_04_FINAL_0034,Final,2026-06-22 00:16:51.063000+00:00,2026-06-22 00:17:29+00:00,0.1,0.6322833333333333,2.5,9.0,3.0879951887453267,817.0,817.0,0.0,0.0,0.1782585034013605,0.02,5.343,High,2026-06-22 00:16:51.063000+00:00,2026-06-22 09:16:51.063000+09:00,9,0,0,validation,0.06250194,-0.042501937150955196,0.042501937150955196,0-0.5 km
VEH_02,VEH_02_FINAL_0029,Final,2026-06-22 00:17:14.063000+00:00,2026-06-22 00:38:59+00:00,7.443425,21.748949999999997,20.744525547445257,73.0,20.136044304911216,1316.183962264151,2886.5,593.6844405731383,0.0,0.1762577314137694,1.01,9.05,High,2026-06-22 00:17:14.063000+00:00,2026-06-22 09:17:14.063000+09:00,9,0,0,validation,0.76550317,0.2444968318939209,0.2444968318939209,5-20 km
VEH_04,VEH_04_FINAL_0035,Final,2026-06-22 00:23:46.063000+00:00,2026-06-22 00:57:15.063000+00:00,24.080412,33.483333333333334,35.765625,117.0,31.07052236487249,1391.1375661375662,3543.5,638.4591981812341,0.0211640211640211,0.152763301445672,2.62,0.747,High,2026-06-22 00:23:46.063000+00:00,2026-06-22 09:23:46.063000+09:00,9,0,0,validation,2.5473938,0.0726062011718751,0.0726062011718751,20-50 km
VEH_10,VEH_10_FINAL_0027,Final,2026-06-22 00:26:03.063000+00:00,2026-06-22 00:50:09.127000+00:00,5.10655,24.101066666666668,18.63888888888889,60.0,15.909296335053387,1250.255905511811,3289.0,585.5315981445876,0.0078740157480314,0.173390592359777,0.79,0.064,High,2026-06-22 00:26:03.063000+00:00,2026-06-22 09:26:03.063000+09:00,9,0,0,validation,0.7396024,0.0503976130485535,0.0503976130485535,5-20 km
VEH_09,VEH_09_FINAL_0044,Final,2026-06-22 00:27:12.063000+00:00,2026-06-22 00:30:17+00:00,0.18931954,3.0822833333333337,9.391304347826088,20.0,7.197458068408793,1069.678571428571,1909.75,440.115888031731,0.0,0.2529269261627861,0.11,16.917,High,2026-06-22 00:27:12.063000+00:00,2026-06-22 09:27:12.063000+09:00,9,0,0,validation,0.14275476,-0.03275476336479187,0.03275476336479187,0-0.5 km
VEH_09,VEH_09_FINAL_0045,Final,2026-06-22 00:34:00.063000+00:00,2026-06-22 00:41:34+00:00,0.9789028,7.565616666666667,13.693877551020408,42.0,12.276082738951285,1144.1554054054054,2021.75,461.6579637689814,0.0,0.2028168768726918,0.37,17.19,High,2026-06-22 00:34:00.063000+00:00,2026-06-22 09:34:00.063000+09:00,9,0,0,validation,0.24711849,0.12288151204586029,0.12288151204586029,0.5-1 km
VEH_07,VEH_07_FINAL_0019,Final,2026-06-22 00:37:08.063000+00:00,2026-06-22 00:57:55+00:00,9.970984,20.782283333333332,32.82010582010582,96.0,24.646053549084844,1481.215246636771,3305.5,666.0085352513357,0.0134529147982062,0.1748350256286952,1.59,5.87,High,2026-06-22 00:37:08.063000+00:00,2026-06-22 09:37:08.063000+09:00,9,0,0,validation,1.3372915,0.2527085208892823,0.2527085208892823,5-20 km
VEH_02,VEH_02_FINAL_0030,Final,2026-06-22 00:43:05.127000+00:00,2026-06-22 01:07:13.187000+00:00,9.837567,24.134333333333338,24.0,93.0,24.579802006254376,1317.5944444444444,2560.75,532.225664306893,0.0,0.1315999139080099,1.28,0.24,High,2026-06-22 00:43:05.127000+00:00,2026-06-22 09:43:05.127000+09:00,9,0,0,validation,1.2665765,0.01342347145080569,0.01342347145080569,5-20 km
VEH_01,VEH_01_FINAL_0060,Final,2026-06-22 00:45:57.063000+00:00,2026-06-22 01:06:33.063000+00:00,4.428618,20.6,16.37962962962963,65.0,14.644375479895311,1178.125,2107.5,457.1198152491544,0.0,0.2106007687770653,0.6900000000000001,0.907,High,2026-06-22 00:45:57.063000+00:00,2026-06-22 09:45:57.063000+09:00,9,0,0,validation,0.67110366,0.018896343708038388,0.018896343708038388,1-5 km
VEH_09,VEH_09_FINAL_0046,Final,2026-06-22 00:47:19.063000+00:00,2026-06-22 00:51:14+00:00,0.5634601,3.9156166666666663,12.291666666666666,31.0,9.51086732229097,1124.203125,1838.75,415.1057303073331,0.0,0.3242047993191593,0.12,1.21,High,2026-06-22 00:47:19.063000+00:00,2026-06-22 09:47:19.063000+09:00,9,0,0,validation,0.19829474,-0.0782947438955307,0.0782947438955307,0.5-1 km
VEH_09,VEH_09_FINAL_0047,Final,2026-06-22 00:52:19.063000+00:00,2026-06-22 00:57:43+00:00,1.2291578,5.39895,15.036363636363635,44.0,10.956050443582033,1235.495,2119.0,492.8209804026205,0.0,0.1150222475085573,0.26,19.003,High,2026-06-22 00:52:19.063000+00:00,2026-06-22 09:52:19.063000+09:00,9,0,0,validation,0.23857929,0.021420711874961862,0.021420711874961862,1-5 km
VEH_10,VEH_10_FINAL_0028,Final,2026-06-22 00:52:27.063000+00:00,2026-06-22 00:59:20+00:00,0.8017091,6.8822833333333335,12.914285714285716,41.0,12.034169040270124,1161.9924242424242,2304.0,531.6324718918895,0.0,0.3081747682996029,0.18,18.05,High,2026-06-22 00:52:27.063000+00:00,2026-06-22 09:52:27.063000+09:00,9,0,0,validation,0.24471584,-0.06471583962440491,0.06471583962440491,0.5-1 km
VEH_07,VEH_07_FINAL_0020,Final,2026-06-22 01:01:09.063000+00:00,2026-06-22 01:04:08+00:00,0.59426326,2.9822833333333336,10.714285714285714,32.0,9.664578709527545,1159.9679487179487,2305.0,481.5239302953429,0.0,0.0650681284435551,0.1,1.737,High,2026-06-22 01:01:09.063000+00:00,2026-06-22 10:01:09.063000+09:00,10,0,0,validation,0.09840372,0.0015962779521942194,0.0015962779521942194,0.5-1 km
VEH_09,VEH_09_FINAL_0048,Final,2026-06-22 01:05:17.063000+00:00,2026-06-22 01:11:05+00:00,1.3158423,5.7989500000000005,14.962264150943396,31.0,10.540062411026677,1103.4329268292684,2234.75,443.3278257113693,0.0,0.2160857067884385,0.14,1.223,High,2026-06-22 01:05:17.063000+00:00,2026-06-22 10:05:17.063000+09:00,10,0,0,validation,0.23724924,-0.09724924027919768,0.09724924027919768,1-5 km
VEH_04,VEH_04_FINAL_0036,Final,2026-06-22 01:06:00.063000+00:00,2026-06-22 01:18:00+00:00,1.600591,11.99895,11.054545454545456,47.0,11.791242022355071,1210.65,3045.0,516.4161217790681,0.0166666666666666,0.2590366046124865,0.28,1.61,High,2026-06-22 01:06:00.063000+00:00,2026-06-22 10:06:00.063000+09:00,10,0,0,validation,0.2887369,-0.008736909627914402,0.008736909627914402,1-5 km
VEH_07,VEH_07_FINAL_0021,Final,2026-06-22 01:08:31.127000+00:00,2026-06-22 01:14:27.063000+00:00,1.3024815,5.932266666666666,20.80952380952381,66.0,18.18324463585991,1326.725,2475.75,615.8188232954559,0.0,0.3411227120533668,0.24,0.364,High,2026-06-22 01:08:31.127000+00:00,2026-06-22 10:08:31.127000+09:00,10,0,0,validation,0.28687468,-0.04687468171119691,0.04687468171119691,1-5 km
VEH_09,VEH_09_FINAL_0049,Final,2026-06-22 01:11:22+00:00,2026-06-22 01:14:36+00:00,0.1923475,3.2333333333333334,13.11111111111111,30.0,11.367052236319225,1172.1666666666667,1617.0,435.20260288233067,0.0,0.0264082182375155,0.02,1.593,High,2026-06-22 01:11:22+00:00,2026-06-22 10:11:22+09:00,10,0,0,validation,0.11417647,-0.09417646706104278,0.09417646706104278,0-0.5 km
VEH_01,VEH_01_FINAL_0061,Final,2026-06-22 01:12:23.063000+00:00,2026-06-22 01:13:17+00:00,0.14917354,0.8989499999999999,9.0,21.0,8.276472678623424,1071.05,1678.5,396.3339942523225,0.0,0.0656414103525881,0.02,18.45,High,2026-06-22 01:12:23.063000+00:00,2026-06-22 10:12:23.063000+09:00,10,0,0,validation,0.052268617,-0.0322686168551445,0.0322686168551445,0-0.5 km
VEH_02,VEH_02_FINAL_0031,Final,2026-06-22 01:12:46.063000+00:00,2026-06-22 01:18:55.127000+00:00,1.3047223,6.151066666666667,12.79591836734694,33.0,9.24050442972596,1124.7592592592594,2063.75,464.92752562193255,0.0,0.1548459121638628,0.19,0.776,High,2026-06-22 01:12:46.063000+00:00,2026-06-22 10:12:46.063000+09:00,10,0,0,validation,0.24832958,-0.058329579830169676,0.058329579830169676,1-5 km
VEH_01,VEH_01_FINAL_0062,Final,2026-06-22 01:15:16.063000+00:00,2026-06-22 01:20:11+00:00,0.9358464,4.915616666666667,15.289473684210526,49.0,11.962458589791035,1141.25,1932.75,437.0517008194673,0.0,0.1850622438933273,0.15,2.117,High,2026-06-22 01:15:16.063000+00:00,2026-06-22 10:15:16.063000+09:00,10,0,0,validation,0.21173182,-0.06173182129859925,0.06173182129859925,0.5-1 km
VEH_07,VEH_07_FINAL_0022,Final,2026-06-22 01:16:43.063000+00:00,2026-06-22 01:22:42.063000+00:00,0.9678293,5.983333333333333,18.551020408163264,63.0,18.832300979520717,1394.8141025641023,3067.75,687.264373883013,0.0256410256410256,0.3302138734864772,0.28,0.604,High,2026-06-22 01:16:43.063000+00:00,2026-06-22 10:16:43.063000+09:00,10,0,0,validation,0.31252447,-0.03252446770668027,0.03252446770668027,0.5-1 km
VEH_10,VEH_10_FINAL_0029,Final,2026-06-22 01:18:27.063000+00:00,2026-06-22 01:36:58+00:00,12.394278,18.515616666666663,30.285714285714285,88.0,23.129460408222027,1269.5151515151515,2454.25,538.7941348232425,0.0,0.1082645553080958,0.94,18.453,High,2026-06-22 01:18:27.063000+00:00,2026-06-22 10:18:27.063000+09:00,10,0,0,validation,1.3280197,-0.3880197381973267,0.3880197381973267,5-20 km
VEH_09,VEH_09_FINAL_0050,Final,2026-06-22 01:19:54.063000+00:00,2026-06-22 01:21:09+00:00,0.2650238,1.24895,11.6,24.0,8.064738061462382,1133.9722222222222,1521.25,354.62800236547645,0.0,0.0291982643253984,0.03,1.323,High,2026-06-22 01:19:54.063000+00:00,2026-06-22 10:19:54.063000+09:00,10,0,0,validation,0.60391176,-0.5739117574691772,0.5739117574691772,0-0.5 km
VEH_04,VEH_04_FINAL_0037,Final,2026-06-22 01:20:16.063000+00:00,2026-06-22 01:30:31.127000+00:00,1.7601284,10.251066666666668,11.298245614035087,51.0,14.428243394413808,1189.8148148148148,2339.5,480.8092936056439,0.0,0.3963015072758301,0.25,2.876,High,2026-06-22 01:20:16.063000+00:00,2026-06-22 10:20:16.063000+09:00,10,0,0,validation,0.27844185,-0.02844184637069702,0.02844184637069702,1-5 km
VEH_09,VEH_09_FINAL_0051,Final,2026-06-22 01:24:54.063000+00:00,2026-06-22 01:26:11+00:00,0.29453832,1.2822833333333332,11.375,22.0,8.440045912197398,1110.4333333333334,1748.25,389.94301364287696,0.0,0.0328545332685003,0.05,1.407,High,2026-06-22 01:24:54.063000+00:00,2026-06-22 10:24:54.063000+09:00,10,0,0,validation,0.0039227107,0.04607728933915496,0.04607728933915496,0-0.5 km
VEH_07,VEH_07_FINAL_0023,Final,2026-06-22 01:25:22.063000+00:00,2026-06-22 01:32:23.127000+00:00,2.0376854,7.017733333333334,22.454545454545453,68.0,18.98418944900763,1432.2117647058824,3400.0,693.6448855246703,0.0235294117647058,0.1424390390030555,0.42,0.606,High,2026-06-22 01:25:22.063000+00:00,2026-06-22 10:25:22.063000+09:00,10,0,0,validation,0.37502593,0.04497407197952269,0.04497407197952269,1-5 km
VEH_09,VEH_09_FINAL_0052,Final,2026-06-22 01:28:03.063000+00:00,2026-06-22 01:32:22+00:00,1.1431491,4.315616666666667,16.63157894736842,37.0,10.514203557773344,1120.08125,1911.25,435.05142076648536,0.0,0.0115065238574029,0.14,19.723,High,2026-06-22 01:28:03.063000+00:00,2026-06-22 10:28:03.063000+09:00,10,0,0,validation,0.15933746,-0.019337460994720446,0.019337460994720446,1-5 km
VEH_02,VEH_02_FINAL_0032,Final,2026-06-22 01:29:02.063000+00:00,2026-06-22 01:31:59.127000+00:00,0.2240606,2.9510666666666667,6.157894736842105,22.0,7.658934637297367,1076.9666666666667,1969.25,446.59082565090335,0.0,0.2444035970466093,0.09,16.446,High,2026-06-22 01:29:02.063000+00:00,2026-06-22 10:29:02.063000+09:00,10,0,0,validation,0.061122287,0.02887771293520927,0.02887771293520927,0-0.5 km
VEH_01,VEH_01_FINAL_0064,Final,2026-06-22 01:32:08+00:00,2026-06-22 01:39:03+00:00,1.1680166,6.916666666666667,17.379310344827587,52.0,15.107462858042522,1186.0131578947369,2169.25,487.5107992979571,0.0,0.1420019710666877,0.4,2.16,High,2026-06-22 01:32:08+00:00,2026-06-22 10:32:08+09:00,10,0,0,validation,0.27007747,0.12992253303527834,0.12992253303527834,1-5 km
VEH_03,VEH_03_FINAL_0022,Final,2026-06-22 01:33:33.063000+00:00,2026-06-22 01:42:54+00:00,1.6689874,9.34895,10.081395348837209,45.0,11.703920150539773,1149.5797872340424,2151.75,439.4007497717257,0.0,0.091979474668187,0.26,1.55,High,2026-06-22 01:33:33.063000+00:00,2026-06-22 10:33:33.063000+09:00,10,0,0,validation,0.2543557,0.005644301176071176,0.005644301176071176,1-5 km
VEH_04,VEH_04_FINAL_0038,Final,2026-06-22 01:37:02.063000+00:00,2026-06-22 01:40:24.127000+00:00,0.54959613,3.3677333333333332,10.742857142857142,39.0,13.605341088059827,1245.3846153846157,2824.0,611.7214723739175,0.0,0.3672183081162242,0.11,3.506,High,2026-06-22 01:37:02.063000+00:00,2026-06-22 10:37:02.063000+09:00,10,0,0,validation,0.12385506,-0.013855061829090118,0.013855061829090118,0.5-1 km
VEH_02,VEH_02_FINAL_0033,Final,2026-06-22 01:40:14.063000+00:00,2026-06-22 01:51:10+00:00,3.4258866,10.932283333333334,19.603448275862068,55.0,17.432569256079674,1271.1756756756756,2267.0,501.42513407686585,0.0,0.2371798910274987,0.51,18.047,High,2026-06-22 01:40:14.063000+00:00,2026-06-22 10:40:14.063000+09:00,10,0,0,validation,0.42509848,0.08490152120590211,0.08490152120590211,1-5 km
VEH_01,VEH_01_FINAL_0065,Final,2026-06-22 01:41:17.063000+00:00,2026-06-22 01:46:38+00:00,1.6096936,5.34895,14.12,59.0,15.831159148969478,1199.5797872340424,2133.0,491.44926554231665,0.0,0.122792671889142,0.24,17.343,High,2026-06-22 01:41:17.063000+00:00,2026-06-22 10:41:17.063000+09:00,10,0,0,validation,0.22158235,0.018417646884918204,0.018417646884918204,1-5 km
VEH_10,VEH_10_FINAL_0030,Final,2026-06-22 01:44:34.063000+00:00,2026-06-22 01:54:36.063000+00:00,2.7349823,10.033333333333331,20.11428571428571,50.0,12.9896033780238,1256.9710144927535,2479.5,522.3124213190686,0.0,0.1554488177938381,0.37,15.877,High,2026-06-22 01:44:34.063000+00:00,2026-06-22 10:44:34.063000+09:00,10,0,0,validation,0.39752084,-0.027520840167999272,0.027520840167999272,1-5 km
VEH_07,VEH_07_FINAL_0024,Final,2026-06-22 01:44:55+00:00,2026-06-22 01:50:36+00:00,0.6195593,5.683333333333334,16.72,41.0,12.83594951688421,1247.0462962962963,2337.25,599.8331906896694,0.0,0.4094000873880748,0.13,1.027,High,2026-06-22 01:44:55+00:00,2026-06-22 10:44:55+09:00,10,0,0,validation,0.22225083,-0.09225083410739898,0.09225083410739898,0.5-1 km
VEH_09,VEH_09_FINAL_0053,Final,2026-06-22 01:46:47.063000+00:00,2026-06-22 01:47:58.127000+00:00,0.13064887,1.1844,9.642857142857142,24.0,8.456672284205471,941.9807692307692,1713.5,461.88972690728383,0.0,0.0945263754963131,0.03,0.054,High,2026-06-22 01:46:47.063000+00:00,2026-06-22 10:46:47.063000+09:00,10,0,0,validation,0.29951835,-0.269518346786499,0.269518346786499,0-0.5 km
VEH_01,VEH_01_FINAL_0066,Final,2026-06-22 01:50:02.063000+00:00,2026-06-22 01:52:26+00:00,0.3263915,2.39895,9.185185185185183,24.0,7.403888052843572,1131.75,1771.25,426.5219074092209,0.0,0.0353976122320742,0.08,1.79,High,2026-06-22 01:50:02.063000+00:00,2026-06-22 10:50:02.063000+09:00,10,0,0,validation,0.09403028,-0.014030283391475676,0.014030283391475676,0-0.5 km
VEH_10,VEH_10_FINAL_0031,Final,2026-06-22 01:56:52.063000+00:00,2026-06-22 02:00:44+00:00,1.0363594,3.865616666666667,19.344827586206897,40.0,12.975509722414778,1227.6,2121.25,498.8538931056534,0.0,0.1493204388491288,0.13,1.95,High,2026-06-22 01:56:52.063000+00:00,2026-06-22 10:56:52.063000+09:00,10,0,0,validation,0.186085,-0.056085000634193416,0.056085000634193416,1-5 km
VEH_02,VEH_02_FINAL_0034,Final,2026-06-22 01:58:21.063000+00:00,2026-06-22 02:11:48+00:00,4.6339207,13.44895,19.785714285714285,57.0,17.50922983034093,1253.209821428571,2746.5,591.1398602049961,0.0,0.1534707083242153,0.67,18.98,High,2026-06-22 01:58:21.063000+00:00,2026-06-22 10:58:21.063000+09:00,10,0,0,validation,0.6327529,0.03724710464477543,0.03724710464477543,1-5 km
VEH_10,VEH_10_FINAL_0032,Final,2026-06-22 02:04:22.063000+00:00,2026-06-22 02:10:19+00:00,1.0380937,5.94895,15.25,38.0,13.52614988713458,1216.4375,2212.25,626.779131672847,0.0,0.2857112998820597,0.2,19.503,High,2026-06-22 02:04:22.063000+00:00,2026-06-22 11:04:22.063000+09:00,11,0,0,validation,0.2406007,-0.04060070514678954,0.04060070514678954,1-5 km
VEH_01,VEH_01_FINAL_0069,Final,2026-06-22 02:05:46+00:00,2026-06-22 02:07:29+00:00,0.40425783,1.7166666666666666,13.411764705882351,34.0,9.76222505693675,1134.0394736842106,1736.75,440.3141317582696,0.0,0.0,0.2,2.867,High,2026-06-22 02:05:46+00:00,2026-06-22 11:05:46+09:00,11,0,0,validation,0.09161478,0.10838521718978883,0.10838521718978883,0-0.5 km
VEH_07,VEH_07_FINAL_0025,Final,2026-06-22 02:06:17.063000+00:00,2026-06-22 02:12:21+00:00,3.460539,6.065616666666667,39.035714285714285,101.0,32.99835725657647,1530.6319444444443,3152.25,744.9365010366822,0.0277777777777777,0.2074361441296048,0.59,5.14,High,2026-06-22 02:06:17.063000+00:00,2026-06-22 11:06:17.063000+09:00,11,0,0,validation,0.80406475,-0.21406475067138675,0.21406475067138675,1-5 km
VEH_09,VEH_09_FINAL_0056,Final,2026-06-22 02:06:44.063000+00:00,2026-06-22 02:19:11+00:00,5.6060667,12.44895,25.18,71.0,22.198819788448215,1232.3222891566263,2402.0,536.2217408091977,0.0,0.2103890257332252,0.67,17.34,High,2026-06-22 02:06:44.063000+00:00,2026-06-22 11:06:44.063000+09:00,11,0,0,validation,0.6808227,-0.010822670459747274,0.010822670459747274,5-20 km
VEH_01,VEH_01_FINAL_0070,Final,2026-06-22 02:10:26.063000+00:00,2026-06-22 02:13:05.127000+00:00,0.46467903,2.6510666666666665,10.23076923076923,27.0,8.754373378742642,1133.5588235294117,1930.0,458.8682170922709,0.0,0.0512718299164768,0.09,16.876,High,2026-06-22 02:10:26.063000+00:00,2026-06-22 11:10:26.063000+09:00,11,0,0,validation,0.06475134,0.025248658061027524,0.025248658061027524,0-0.5 km
VEH_10,VEH_10_FINAL_0033,Final,2026-06-22 02:17:04.063000+00:00,2026-06-22 02:21:41+00:00,0.8624169,4.615616666666667,16.4,37.0,11.68289347721702,1243.0073529411766,2189.0,567.0895039238868,0.0,0.2118644389523516,0.17,1.433,High,2026-06-22 02:17:04.063000+00:00,2026-06-22 11:17:04.063000+09:00,11,0,0,validation,0.24333768,-0.0733376759290695,0.0733376759290695,0.5-1 km
VEH_04,VEH_04_FINAL_0039,Final,2026-06-22 02:18:18.063000+00:00,2026-06-22 02:58:14+00:00,27.177645,39.93228333333333,32.813131313131315,93.0,27.926679421804007,1348.2925170068029,3113.0,573.7745677266074,0.0068027210884353,0.2494032399860144,2.41,4.367,High,2026-06-22 02:18:18.063000+00:00,2026-06-22 11:18:18.063000+09:00,11,0,0,validation,2.7241766,-0.3141766452789305,0.3141766452789305,20-50 km
VEH_07,VEH_07_FINAL_0026,Final,2026-06-22 02:18:47.063000+00:00,2026-06-22 02:30:05+00:00,3.5504613,11.29895,27.9390243902439,90.0,26.79385967197254,1414.1976744186047,2753.75,641.3449690728514,0.0,0.2699700991029731,0.5700000000000001,10.807,High,2026-06-22 02:18:47.063000+00:00,2026-06-22 11:18:47.063000+09:00,11,0,0,validation,0.62287205,-0.05287205457687372,0.05287205457687372,1-5 km
VEH_09,VEH_09_FINAL_0057,Final,2026-06-22 02:22:40.063000+00:00,2026-06-22 02:37:43+00:00,4.2535806,15.04895,19.975409836065573,84.0,15.846323002541846,1243.0474137931035,2502.5,505.91159497778534,0.0,0.1823080993649906,0.5700000000000001,17.897,High,2026-06-22 02:22:40.063000+00:00,2026-06-22 11:22:40.063000+09:00,11,0,0,validation,0.6957719,-0.12577187299728387,0.12577187299728387,1-5 km
VEH_10,VEH_10_FINAL_0034,Final,2026-06-22 02:28:22.063000+00:00,2026-06-22 02:42:43.127000+00:00,3.1673625,14.351066666666666,19.359550561797754,56.0,17.927599205726107,1238.0520833333333,2750.75,586.5442979291162,0.0,0.2717534439320053,0.42,15.186,High,2026-06-22 02:28:22.063000+00:00,2026-06-22 11:28:22.063000+09:00,11,0,0,validation,0.42465925,-0.004659252166748062,0.004659252166748062,1-5 km
VEH_01,VEH_01_FINAL_0073,Final,2026-06-22 02:36:43+00:00,2026-06-22 02:40:50+00:00,0.346422,4.116666666666666,8.48,28.0,9.32145911325046,1157.453125,1933.75,461.3660441655675,0.0,0.2386317369100659,0.42,4.563,High,2026-06-22 02:36:43+00:00,2026-06-22 11:36:43+09:00,11,0,0,validation,0.120858744,0.29914125621318816,0.29914125621318816,0-0.5 km
VEH_01,VEH_01_FINAL_0075,Final,2026-06-22 02:45:10.127000+00:00,2026-06-22 02:47:58+00:00,1.0867709,2.797883333333333,21.75,57.0,14.90116246663806,1253.87,2072.5,516.3368479975063,0.0,0.0118702901026959,0.17,19.05,High,2026-06-22 02:45:10.127000+00:00,2026-06-22 11:45:10.127000+09:00,11,0,0,validation,0.11959404,0.050405962467193616,0.050405962467193616,1-5 km
VEH_01,VEH_01_FINAL_0076,Final,2026-06-22 02:51:21.063000+00:00,2026-06-22 02:52:50+00:00,0.16390933,1.4822833333333334,8.0,23.0,7.831560082980487,902.4,1515.25,306.48240569403,0.0,0.2775799902180466,0.03,2.2,High,2026-06-22 02:51:21.063000+00:00,2026-06-22 11:51:21.063000+09:00,11,0,0,validation,0.023044392,0.006955607533454894,0.006955607533454894,0-0.5 km
VEH_09,VEH_09_FINAL_0058,Final,2026-06-22 02:56:02.127000+00:00,2026-06-22 03:05:55+00:00,2.4392185,9.881216666666669,18.634146341463413,55.0,12.32834548185796,1204.959375,2470.0,474.4471609208547,0.0,0.1210761477581698,0.42,18.047,High,2026-06-22 02:56:02.127000+00:00,2026-06-22 11:56:02.127000+09:00,11,0,0,validation,0.3583144,0.061685605049133285,0.061685605049133285,1-5 km
VEH_03,VEH_03_FINAL_0023,Final,2026-06-22 02:56:32.063000+00:00,2026-06-22 03:26:34+00:00,24.228596,30.032283333333332,42.59731543624161,98.0,29.052583538177498,1309.5890410958905,2261.5,489.9980926190564,0.0,0.1685215201843278,2.54,18.66,High,2026-06-22 02:56:32.063000+00:00,2026-06-22 11:56:32.063000+09:00,11,0,0,validation,2.2022421,0.3377578639984131,0.3377578639984131,20-50 km
VEH_01,VEH_01_FINAL_0077,Final,2026-06-22 02:59:48.063000+00:00,2026-06-22 03:04:43.127000+00:00,1.3282858,4.9177333333333335,17.833333333333332,53.0,16.893950264978155,1175.1328125,2180.0,462.24653943562936,0.0,0.2304724861314799,0.19,16.433,High,2026-06-22 02:59:48.063000+00:00,2026-06-22 11:59:48.063000+09:00,11,0,0,validation,0.24561402,-0.055614022016525266,0.055614022016525266,1-5 km
VEH_04,VEH_04_FINAL_0040,Final,2026-06-22 03:01:11.127000+00:00,2026-06-22 03:05:47+00:00,0.88283664,4.597883333333333,14.45945945945946,47.0,14.809775067355131,1229.303571428571,2061.0,465.92839998847063,0.0,0.0887636082283239,0.22,8.527,High,2026-06-22 03:01:11.127000+00:00,2026-06-22 12:01:11.127000+09:00,12,0,0,validation,0.20680411,0.013195888400077821,0.013195888400077821,0.5-1 km
VEH_05,VEH_05_FINAL_0041,Final,2026-06-22 03:03:01.127000+00:00,2026-06-22 04:28:01.127000+00:00,82.24781,85.0,46.97727272727273,93.0,29.171332763318272,1114.259900990099,1827.0,418.99069397140994,0.0,0.1320532537725772,22.5,0.146,High,2026-06-22 03:03:01.127000+00:00,2026-06-22 12:03:01.127000+09:00,12,0,0,validation,19.279634,3.220365524291992,3.220365524291992,50+ km
VEH_01,VEH_01_FINAL_0078,Final,2026-06-22 03:08:05.063000+00:00,2026-06-22 03:12:00+00:00,0.81831384,3.9156166666666663,13.083333333333334,34.0,8.593844696447956,1067.054347826087,1736.75,395.7942822908637,0.0,0.0559176320057513,0.1,1.447,High,2026-06-22 03:08:05.063000+00:00,2026-06-22 12:08:05.063000+09:00,12,0,0,validation,0.14991933,-0.04991933107376098,0.04991933107376098,0.5-1 km
VEH_09,VEH_09_FINAL_0059,Final,2026-06-22 03:09:25.063000+00:00,2026-06-22 03:15:13+00:00,0.99566376,5.7989500000000005,14.333333333333334,37.0,10.20280462530878,1157.7559523809523,1918.25,443.2491153272375,0.0,0.1039255158530448,0.2,18.287,High,2026-06-22 03:09:25.063000+00:00,2026-06-22 12:09:25.063000+09:00,12,0,0,validation,0.22401571,-0.0240157127380371,0.0240157127380371,0.5-1 km
VEH_12,VEH_12_FINAL_0064,Final,2026-06-22 03:10:15.063000+00:00,2026-06-22 03:12:01+00:00,0.14870101,1.7656166666666666,4.375,18.0,5.935855035291883,916.6785714285714,1639.5,459.4126435360876,0.0,0.3140608062244825,0.14,1.897,High,2026-06-22 03:10:15.063000+00:00,2026-06-22 12:10:15.063000+09:00,12,0,0,validation,0.076277636,0.06372236400842668,0.06372236400842668,0-0.5 km
VEH_01,VEH_01_FINAL_0079,Final,2026-06-22 03:15:46.063000+00:00,2026-06-22 03:22:39+00:00,1.3392223,6.8822833333333335,12.3,50.0,13.34953182699678,1176.8175675675675,1903.5,442.94395063890056,0.0,0.1325613010422436,0.26,17.917,High,2026-06-22 03:15:46.063000+00:00,2026-06-22 12:15:46.063000+09:00,12,0,0,validation,0.25927925,0.0007207489013671964,0.0007207489013671964,1-5 km
VEH_09,VEH_09_FINAL_0060,Final,2026-06-22 03:18:35.063000+00:00,2026-06-22 03:22:32+00:00,0.44437298,3.94895,10.333333333333334,26.0,8.408749651825218,1073.6666666666667,1761.75,365.2448325416976,0.0,0.1612380821027998,0.09,17.833,High,2026-06-22 03:18:35.063000+00:00,2026-06-22 12:18:35.063000+09:00,12,0,0,validation,0.107207835,-0.017207834720611576,0.017207834720611576,0-0.5 km
VEH_10,VEH_10_FINAL_0035,Final,2026-06-22 03:22:55.063000+00:00,2026-06-22 03:47:21+00:00,10.110917,24.43228333333333,30.41891891891892,91.0,24.652452735139576,1338.4152173913044,2467.75,575.4372958010854,0.0,0.1546240740591798,1.14,8.147,High,2026-06-22 03:22:55.063000+00:00,2026-06-22 12:22:55.063000+09:00,12,0,0,validation,1.2721498,-0.13214980125427256,0.13214980125427256,5-20 km
VEH_09,VEH_09_FINAL_0061,Final,2026-06-22 03:26:09.063000+00:00,2026-06-22 03:37:54+00:00,4.7052884,11.74895,19.72222222222222,60.0,15.33715733314777,1137.2316176470588,2187.25,429.1024796959425,0.0,0.1080071253686794,0.47,17.75,High,2026-06-22 03:26:09.063000+00:00,2026-06-22 12:26:09.063000+09:00,12,0,0,validation,0.62977314,-0.1597731399536133,0.1597731399536133,1-5 km
VEH_01,VEH_01_FINAL_0080,Final,2026-06-22 03:26:40.063000+00:00,2026-06-22 03:34:06+00:00,0.62733674,7.432283333333333,9.846153846153848,45.0,11.936881999658336,1215.9615384615386,2066.0,488.8751595219716,0.0,0.3747118675960695,0.22,17.877,High,2026-06-22 03:26:40.063000+00:00,2026-06-22 12:26:40.063000+09:00,12,0,0,validation,0.21641377,0.0035862338542938244,0.0035862338542938244,0.5-1 km
VEH_01,VEH_01_FINAL_0081,Final,2026-06-22 03:37:26.063000+00:00,2026-06-22 03:40:24+00:00,0.18346003,2.965616666666667,8.56,22.0,7.255783899758867,1005.40625,1586.5,330.5148785772548,0.0,0.1187817378915694,0.06,18.437,High,2026-06-22 03:37:26.063000+00:00,2026-06-22 12:37:26.063000+09:00,12,0,0,validation,0.08586028,-0.025860282182693484,0.025860282182693484,0-0.5 km
VEH_01,VEH_01_FINAL_0082,Final,2026-06-22 03:44:25.063000+00:00,2026-06-22 03:46:31+00:00,0.24680555,2.09895,9.5625,20.0,6.518902802619471,1067.3653846153843,1804.75,390.0857476665155,0.0,0.1576825530579031,0.05,17.927,High,2026-06-22 03:44:25.063000+00:00,2026-06-22 12:44:25.063000+09:00,12,0,0,validation,0.11240192,-0.06240191757678985,0.06240191757678985,0-0.5 km
VEH_09,VEH_09_FINAL_0063,Final,2026-06-22 03:47:31.063000+00:00,2026-06-22 03:49:07+00:00,0.26430556,1.59895,9.785714285714286,18.0,6.073109011142851,1018.8571428571428,1676.75,362.56471976794455,0.0,0.1554486675678791,0.04,18.177,High,2026-06-22 03:47:31.063000+00:00,2026-06-22 12:47:31.063000+09:00,12,0,0,validation,0.599889,-0.5598889803886413,0.5598889803886413,0-0.5 km
VEH_01,VEH_01_FINAL_0083,Final,2026-06-22 03:52:24.063000+00:00,2026-06-22 03:55:18.127000+00:00,0.6265611,2.9010666666666665,14.307692307692308,29.0,8.716779710461315,1198.7173913043478,2113.25,496.8346944513698,0.0,0.0356398968364326,0.2,15.35,High,2026-06-22 03:52:24.063000+00:00,2026-06-22 12:52:24.063000+09:00,12,0,0,validation,0.07329195,0.12670805007219316,0.12670805007219316,0.5-1 km
VEH_02,VEH_02_FINAL_0038,Final,2026-06-22 03:56:35+00:00,2026-06-22 04:13:04+00:00,8.17117,16.483333333333334,36.76923076923077,88.0,24.138271422608785,1566.3666666666666,4064.0,819.2995400882933,0.0555555555555555,0.1313962992425174,1.37,19.437,High,2026-06-22 03:56:35+00:00,2026-06-22 12:56:35+09:00,12,0,0,validation,1.1889657,0.18103432178497325,0.18103432178497325,5-20 km
VEH_01,VEH_01_FINAL_0084,Final,2026-06-22 03:58:13.063000+00:00,2026-06-22 04:06:21+00:00,0.8327522,8.132283333333334,12.23076923076923,36.0,10.516072042505026,1149.5982142857142,2073.5,464.09633938327295,0.0,0.2104313450441546,0.18,19.31,High,2026-06-22 03:58:13.063000+00:00,2026-06-22 12:58:13.063000+09:00,12,0,0,validation,0.25034127,-0.0703412663936615,0.0703412663936615,0.5-1 km
VEH_10,VEH_10_FINAL_0036,Final,2026-06-22 04:01:41.063000+00:00,2026-06-22 04:02:36+00:00,0.100840636,0.9156166666666666,11.375,26.0,9.272776013686515,1199.8125,1978.75,447.06224660974226,0.0,0.0,0.03,18.797,High,2026-06-22 04:01:41.063000+00:00,2026-06-22 13:01:41.063000+09:00,13,0,0,validation,0.016524844,0.013475156128406524,0.013475156128406524,0-0.5 km
VEH_09,VEH_09_FINAL_0064,Final,2026-06-22 04:02:15.063000+00:00,2026-06-22 04:07:12+00:00,0.42451653,4.94895,12.645833333333334,39.0,10.038446060300148,1097.4444444444443,2106.5,462.75836668974233,0.0,0.0680196215647893,0.15,18.967,High,2026-06-22 04:02:15.063000+00:00,2026-06-22 13:02:15.063000+09:00,13,0,0,validation,0.18499476,-0.03499475717544556,0.03499475717544556,0-0.5 km
VEH_01,VEH_01_FINAL_0085,Final,2026-06-22 04:11:04.063000+00:00,2026-06-22 04:15:51+00:00,0.38140428,4.782283333333334,11.40625,27.0,8.294800234936343,1104.5833333333333,1768.25,401.354605177544,0.0,0.1281270641470469,0.14,18.5,High,2026-06-22 04:11:04.063000+00:00,2026-06-22 13:11:04.063000+09:00,13,0,0,validation,0.21590956,-0.07590955555438994,0.07590955555438994,0-0.5 km
VEH_09,VEH_09_FINAL_0065,Final,2026-06-22 04:12:10.063000+00:00,2026-06-22 04:21:33+00:00,1.7877744,9.382283333333334,15.47222222222222,38.0,12.60398109750141,1180.5873015873017,2186.5,460.34139798186,0.0,0.1857950868835226,0.3,1.667,High,2026-06-22 04:12:10.063000+00:00,2026-06-22 13:12:10.063000+09:00,13,0,0,validation,0.28428313,0.0157168686389923,0.0157168686389923,1-5 km
VEH_01,VEH_01_FINAL_0087,Final,2026-06-22 04:26:59.063000+00:00,2026-06-22 04:32:44+00:00,0.62432355,5.74895,10.28125,35.0,10.3266474926522,1129.2857142857142,1919.75,441.5820063899195,0.0,0.2287164298171541,0.14,1.617,High,2026-06-22 04:26:59.063000+00:00,2026-06-22 13:26:59.063000+09:00,13,0,0,validation,0.1919809,-0.05198089838027953,0.05198089838027953,0.5-1 km
VEH_05,VEH_05_FINAL_0042,Final,2026-06-22 04:33:58.063000+00:00,2026-06-22 05:08:21.127000+00:00,21.890419,34.3844,33.653266331658294,94.0,27.333146201834808,1143.775,1814.5,435.36844717051633,0.0,0.2287602286923847,7.53,0.573,High,2026-06-22 04:33:58.063000+00:00,2026-06-22 13:33:58.063000+09:00,13,0,0,validation,5.337275,2.1927249717712405,2.1927249717712405,20-50 km
VEH_01,VEH_01_FINAL_0088,Final,2026-06-22 04:36:41.063000+00:00,2026-06-22 04:40:33+00:00,0.62111527,3.865616666666667,9.0,20.0,6.833739825307955,1064.625,1657.25,364.2351575562139,0.0,0.1946056968563979,0.09,2.647,High,2026-06-22 04:36:41.063000+00:00,2026-06-22 13:36:41.063000+09:00,13,0,0,validation,0.18083777,-0.09083776533603669,0.09083776533603669,0.5-1 km
VEH_01,VEH_01_FINAL_0089,Final,2026-06-22 04:43:31.063000+00:00,2026-06-22 05:11:31+00:00,4.4073277,27.998949999999997,9.766871165644172,52.0,13.340086989418104,1268.5532786885246,2278.75,507.4342526150113,0.0,0.2334773323316011,0.78,5.62,High,2026-06-22 04:43:31.063000+00:00,2026-06-22 13:43:31.063000+09:00,13,0,0,validation,0.75182414,0.028175859451293972,0.028175859451293972,1-5 km
VEH_03,VEH_03_FINAL_0024,Final,2026-06-22 04:53:10.063000+00:00,2026-06-22 05:31:09+00:00,24.611094,37.982283333333335,38.378787878787875,99.0,28.790833181734055,1311.03125,2330.25,549.4720425880988,0.0,0.1297171149456794,2.58,6.18,High,2026-06-22 04:53:10.063000+00:00,2026-06-22 13:53:10.063000+09:00,13,0,0,validation,2.4578044,0.1221955585479737,0.1221955585479737,20-50 km
VEH_08,VEH_08_FINAL_0024,Final,2026-06-22 04:59:01.063000+00:00,2026-06-22 05:04:06+00:00,1.1328287,5.082283333333334,17.215686274509803,62.0,14.911916179246395,1315.9709302325582,2318.0,559.8080812365424,0.0,0.1532712800060497,0.23,1.037,High,2026-06-22 04:59:01.063000+00:00,2026-06-22 13:59:01.063000+09:00,13,0,0,validation,0.23446956,-0.004469562768936147,0.004469562768936147,1-5 km
VEH_04,VEH_04_FINAL_0041,Final,2026-06-22 05:00:08.063000+00:00,2026-06-22 05:37:33+00:00,26.127737,37.415616666666665,39.888888888888886,131.0,32.505167972482134,1446.266129032258,3490.5,657.0089020100866,0.0201612903225806,0.1703403835154506,2.91,1.383,High,2026-06-22 05:00:08.063000+00:00,2026-06-22 14:00:08.063000+09:00,14,0,0,validation,2.881261,0.02873888969421401,0.02873888969421401,20-50 km
VEH_10,VEH_10_FINAL_0037,Final,2026-06-22 05:04:04.063000+00:00,2026-06-22 05:15:52+00:00,3.3970916,11.79895,22.457142857142856,59.0,15.405026125650446,1275.7139175257732,2658.25,614.3953967885519,0.0,0.1244353439517326,0.5,5.287,High,2026-06-22 05:04:04.063000+00:00,2026-06-22 14:04:04.063000+09:00,14,0,0,validation,0.430568,0.06943199038505554,0.06943199038505554,1-5 km
VEH_08,VEH_08_FINAL_0025,Final,2026-06-22 05:07:10.063000+00:00,2026-06-22 05:41:08+00:00,28.208517,33.96561666666666,43.406666666666666,90.0,29.14563355900083,1407.296875,2624.75,581.1759292102172,0.0,0.0872848180715631,2.16,2.477,High,2026-06-22 05:07:10.063000+00:00,2026-06-22 14:07:10.063000+09:00,14,0,0,validation,2.599217,-0.4392169380187987,0.4392169380187987,20-50 km
VEH_02,VEH_02_FINAL_0039,Final,2026-06-22 05:12:28.063000+00:00,2026-06-22 05:39:15.127000+00:00,9.248163,26.7844,22.570552147239265,77.0,20.82765072360439,1360.8855633802816,3260.75,649.8030569892466,0.0070422535211267,0.1709490141536321,1.45,16.11,High,2026-06-22 05:12:28.063000+00:00,2026-06-22 14:12:28.063000+09:00,14,0,0,validation,1.2404653,0.2095347166061401,0.2095347166061401,5-20 km
VEH_05,VEH_05_FINAL_0043,Final,2026-06-22 05:16:27+00:00,2026-06-22 06:17:35+00:00,57.327435,61.13333333333333,50.08846153846154,98.0,25.86584958117968,1103.2467105263158,1800.5,436.4292639778921,0.0,0.0356856480764961,15.98,10.697,High,2026-06-22 05:16:27+00:00,2026-06-22 14:16:27+09:00,14,0,0,validation,18.082092,-2.1020922851562496,2.1020922851562496,50+ km
VEH_10,VEH_10_FINAL_0038,Final,2026-06-22 05:17:50.063000+00:00,2026-06-22 05:42:09+00:00,13.090043,24.315616666666664,34.86861313868613,91.0,27.033317512670347,1353.388888888889,2380.5,538.8004074501637,0.0,0.1928951303855289,1.43,1.64,High,2026-06-22 05:17:50.063000+00:00,2026-06-22 14:17:50.063000+09:00,14,0,0,validation,1.4984058,-0.06840581417083746,0.06840581417083746,5-20 km
VEH_09,VEH_09_FINAL_0066,Final,2026-06-22 05:18:34+00:00,2026-06-22 05:30:18+00:00,2.6621106,11.733333333333333,22.044776119402982,57.0,15.012862978147233,1207.5925925925926,2127.5,452.21598232189064,0.0,0.1272836866482499,0.75,18.047,High,2026-06-22 05:18:34+00:00,2026-06-22 14:18:34+09:00,14,0,0,validation,0.40210828,0.3478917181491852,0.3478917181491852,1-5 km
VEH_01,VEH_01_FINAL_0090,Final,2026-06-22 05:20:06.063000+00:00,2026-06-22 05:31:19+00:00,2.0605547,11.215616666666667,12.397058823529411,38.0,11.29177173859531,1193.665,1995.25,461.8331777005632,0.0,0.0636616938324301,0.5,2.45,High,2026-06-22 05:20:06.063000+00:00,2026-06-22 14:20:06.063000+09:00,14,0,0,validation,0.3202586,0.17974141240119934,0.17974141240119934,1-5 km
VEH_09,VEH_09_FINAL_0067,Final,2026-06-22 05:32:59.063000+00:00,2026-06-22 05:44:29+00:00,1.7129165,11.49895,14.74025974025974,47.0,11.272772158627497,1136.2629310344828,2090.0,428.5494313781229,0.0,0.1658478761936121,0.29,18.607,High,2026-06-22 05:32:59.063000+00:00,2026-06-22 14:32:59.063000+09:00,14,0,0,validation,0.27710164,0.012898364067077617,0.012898364067077617,1-5 km
VEH_07,VEH_07_FINAL_0030,Final,2026-06-22 05:42:48+00:00,2026-06-22 05:54:30+00:00,5.08524,11.7,28.45945945945946,94.0,21.96138453100411,1384.2452229299363,2763.5,613.8233419482284,0.0,0.1533728644209057,3.12,18.86,High,2026-06-22 05:42:48+00:00,2026-06-22 14:42:48+09:00,14,0,0,validation,0.7377628,2.3822371912002565,2.3822371912002565,5-20 km
VEH_04,VEH_04_FINAL_0042,Final,2026-06-22 05:43:52.127000+00:00,2026-06-22 05:46:25.063000+00:00,0.44553337,2.5489333333333333,10.375,31.0,10.815931536395745,1109.142857142857,1934.5,455.1326897797195,0.0,0.1211800502711999,0.06,3.534,High,2026-06-22 05:43:52.127000+00:00,2026-06-22 14:43:52.127000+09:00,14,0,0,validation,0.09063056,-0.030630561113357546,0.030630561113357546,0-0.5 km
VEH_08,VEH_08_FINAL_0026,Final,2026-06-22 05:44:18.063000+00:00,2026-06-22 05:59:10+00:00,3.5884852,14.865616666666666,14.179775280898877,45.0,14.402373242132043,1221.6875,2544.5,512.602039384599,0.0,0.3140166903851403,0.53,4.877,High,2026-06-22 05:44:18.063000+00:00,2026-06-22 14:44:18.063000+09:00,14,0,0,validation,0.39335296,0.13664704442024234,0.13664704442024234,1-5 km
VEH_10,VEH_10_FINAL_0039,Final,2026-06-22 05:47:13.127000+00:00,2026-06-22 05:48:00+00:00,0.2744192,0.7812166666666667,20.833333333333332,35.0,10.73027906854658,1168.5166666666669,2277.0,534.7143354685337,0.0,0.0317631806395851,0.03,1.647,High,2026-06-22 05:47:13.127000+00:00,2026-06-22 14:47:13.127000+09:00,14,0,0,validation,0.056372672,-0.026372672319412233,0.026372672319412233,0-0.5 km
VEH_09,VEH_09_FINAL_0068,Final,2026-06-22 05:49:38.063000+00:00,2026-06-22 05:55:16+00:00,0.6801503,5.6322833333333335,9.333333333333334,29.0,7.606040484499925,1083.8958333333333,1984.5,407.0054573028542,0.0,0.099521993344061,0.14,18.407,High,2026-06-22 05:49:38.063000+00:00,2026-06-22 14:49:38.063000+09:00,14,0,0,validation,0.18909048,-0.049090475440025316,0.049090475440025316,0.5-1 km
VEH_10,VEH_10_FINAL_0040,Final,2026-06-22 05:51:49.063000+00:00,2026-06-22 05:53:09+00:00,0.25186127,1.3322833333333333,14.1,34.0,10.6061303028013,1192.9583333333333,2228.5,532.8065057499246,0.0,0.0,0.05,17.79,High,2026-06-22 05:51:49.063000+00:00,2026-06-22 14:51:49.063000+09:00,14,0,0,validation,0.06892095,-0.018920947611331937,0.018920947611331937,0-0.5 km
VEH_07,VEH_07_FINAL_0031,Final,2026-06-22 05:57:53.063000+00:00,2026-06-22 06:04:27+00:00,2.6533508,6.565616666666667,23.696428571428573,92.0,21.852524897314616,1331.05078125,2984.75,608.2716729269308,0.0,0.1331632385096155,0.39,20.253,High,2026-06-22 05:57:53.063000+00:00,2026-06-22 14:57:53.063000+09:00,14,0,0,validation,0.51366484,-0.12366484165191649,0.12366484165191649,1-5 km
VEH_09,VEH_09_FINAL_0069,Final,2026-06-22 05:59:15.063000+00:00,2026-06-22 06:09:20.127000+00:00,2.1929562,10.0844,15.076923076923077,55.0,16.24363325434846,1158.3295454545455,2525.5,500.8861033796848,0.0,0.2427025583464018,0.32,15.806,High,2026-06-22 05:59:15.063000+00:00,2026-06-22 14:59:15.063000+09:00,14,0,0,validation,0.3329527,-0.012952708005905145,0.012952708005905145,1-5 km
VEH_10,VEH_10_FINAL_0041,Final,2026-06-22 05:59:33.127000+00:00,2026-06-22 06:06:46+00:00,2.8618972,7.21455,28.34375,61.0,19.30853013404956,1338.8227272727272,2463.75,581.4275137982834,0.0,0.1919751496644048,0.36,2.833,High,2026-06-22 05:59:33.127000+00:00,2026-06-22 14:59:33.127000+09:00,14,0,0,validation,0.40999392,-0.04999391674995424,0.04999391674995424,1-5 km
VEH_08,VEH_08_FINAL_0027,Final,2026-06-22 06:00:10+00:00,2026-06-22 06:06:28+00:00,1.5282717,6.3,19.307692307692307,49.0,15.125380005658762,1326.8203125,2406.0,549.0963003055815,0.0,0.2800837950068194,0.23,4.073,High,2026-06-22 06:00:10+00:00,2026-06-22 15:00:10+09:00,15,0,0,validation,0.28140515,-0.05140515089035033,0.05140515089035033,1-5 km
VEH_04,VEH_04_FINAL_0043,Final,2026-06-22 06:02:14.063000+00:00,2026-06-22 06:08:26.063000+00:00,0.6109702,6.2,7.655172413793103,26.0,8.643418313531244,1085.9473684210527,1851.0,377.4033126349206,0.0,0.2306431914884369,0.12,3.354,High,2026-06-22 06:02:14.063000+00:00,2026-06-22 15:02:14.063000+09:00,15,0,0,validation,0.11008322,0.009916777610778804,0.009916777610778804,0.5-1 km
VEH_03,VEH_03_FINAL_0025,Final,2026-06-22 06:07:17+00:00,2026-06-22 06:15:58.127000+00:00,1.1822728,8.68545,14.346938775510203,47.0,15.095006635400402,1270.4916666666666,2152.0,546.5621514038658,0.0,0.2261911881232526,0.31,15.393,High,2026-06-22 06:07:17+00:00,2026-06-22 15:07:17+09:00,15,0,0,validation,0.26030147,0.049698529243469236,0.049698529243469236,1-5 km
VEH_08,VEH_08_FINAL_0028,Final,2026-06-22 06:08:26.063000+00:00,2026-06-22 06:20:49+00:00,1.7940372,12.382283333333334,12.07792207792208,46.0,12.188738930718012,1165.474358974359,2585.75,535.4743786960995,0.0,0.3087671180123958,0.26,1.333,High,2026-06-22 06:08:26.063000+00:00,2026-06-22 15:08:26.063000+09:00,15,0,0,validation,0.2828276,-0.022827585935592642,0.022827585935592642,1-5 km
VEH_01,VEH_01_FINAL_0091,Final,2026-06-22 06:08:44.063000+00:00,2026-06-22 06:14:02+00:00,0.9689949,5.2989500000000005,17.542857142857144,45.0,13.718273229826094,1145.75,2089.25,514.3151757434346,0.0,0.1508233703653019,0.2,1.613,High,2026-06-22 06:08:44.063000+00:00,2026-06-22 15:08:44.063000+09:00,15,0,0,validation,0.23105063,-0.031050625443458546,0.031050625443458546,0.5-1 km
VEH_10,VEH_10_FINAL_0042,Final,2026-06-22 06:08:53.063000+00:00,2026-06-22 06:10:50+00:00,0.38009968,1.94895,17.7,46.0,16.398475538902996,1517.1666666666667,3033.25,750.9928844536412,0.0555555555555555,0.338031746031746,0.06,1.897,High,2026-06-22 06:08:53.063000+00:00,2026-06-22 15:08:53.063000+09:00,15,0,0,validation,0.23847647,-0.1784764701128006,0.1784764701128006,0-0.5 km
VEH_02,VEH_02_FINAL_0043,Final,2026-06-22 06:11:54.063000+00:00,2026-06-22 06:14:18+00:00,0.43420526,2.39895,15.45,32.0,9.37803284276612,1192.0375,2107.5,508.7914004960678,0.0,0.0,0.14,21.003,High,2026-06-22 06:11:54.063000+00:00,2026-06-22 15:11:54.063000+09:00,15,0,0,validation,0.058861163,0.08113883748650552,0.08113883748650552,0-0.5 km
VEH_01,VEH_01_FINAL_0092,Final,2026-06-22 06:16:56.063000+00:00,2026-06-22 06:17:57+00:00,0.20961958,1.0156166666666666,9.1,21.0,7.582216034906945,1076.15625,1652.5,395.30435144763777,0.0,0.0593654555468397,0.05,2.16,High,2026-06-22 06:16:56.063000+00:00,2026-06-22 15:16:56.063000+09:00,15,0,0,validation,-0.017452992,0.06745299249887467,0.06745299249887467,0-0.5 km
VEH_02,VEH_02_FINAL_0045,Final,2026-06-22 06:20:05.063000+00:00,2026-06-22 06:21:49+00:00,0.20597222,1.7322833333333334,7.916666666666667,20.0,6.550551291473276,1142.4772727272727,2247.25,518.996206135913,0.0,0.2995030488101374,0.05,18.433,High,2026-06-22 06:20:05.063000+00:00,2026-06-22 15:20:05.063000+09:00,15,0,0,validation,0.22308238,-0.17308237850666047,0.17308237850666047,0-0.5 km
VEH_04,VEH_04_FINAL_0044,Final,2026-06-22 06:20:34.063000+00:00,2026-06-22 06:29:41.063000+00:00,1.8054334,9.116666666666667,10.75,48.0,12.732667958182736,1249.6171875,2711.0,549.8017237930778,0.0,0.337906631208108,0.29,3.5,High,2026-06-22 06:20:34.063000+00:00,2026-06-22 15:20:34.063000+09:00,15,0,0,validation,0.29518017,-0.005180171728134175,0.005180171728134175,1-5 km
VEH_01,VEH_01_FINAL_0093,Final,2026-06-22 06:22:06.063000+00:00,2026-06-22 06:27:36+00:00,1.4362907,5.49895,14.46,36.0,11.91169173543372,1149.4571428571428,1941.0,455.8248507835402,0.0,0.1667826325679584,0.15,1.297,High,2026-06-22 06:22:06.063000+00:00,2026-06-22 15:22:06.063000+09:00,15,0,0,validation,0.23724924,-0.0872492402791977,0.0872492402791977,1-5 km
VEH_05,VEH_05_FINAL_0044,Final,2026-06-22 06:25:17.063000+00:00,2026-06-22 06:26:08+00:00,0.13178894,0.84895,5.0,18.0,7.023769168568493,964.2083333333334,1541.75,478.51470320205993,0.0,0.0395689877562359,0.08,10.53,High,2026-06-22 06:25:17.063000+00:00,2026-06-22 15:25:17.063000+09:00,15,0,0,validation,1.0061308,-0.9261308145523072,0.9261308145523072,0-0.5 km
VEH_03,VEH_03_FINAL_0026,Final,2026-06-22 06:26:09.063000+00:00,2026-06-22 06:28:09+00:00,0.24727063,1.99895,12.227272727272728,29.0,9.88079780631383,1149.734375,1798.25,415.0076097640974,0.0,0.0252068436538606,0.05,2.153,High,2026-06-22 06:26:09.063000+00:00,2026-06-22 15:26:09.063000+09:00,15,0,0,validation,0.10245171,-0.05245171189308166,0.05245171189308166,0-0.5 km
VEH_08,VEH_08_FINAL_0029,Final,2026-06-22 06:29:45.127000+00:00,2026-06-22 06:40:01+00:00,2.388605,10.264550000000002,13.06896551724138,44.0,12.403923279468833,1214.2602739726028,2209.0,481.3651915837061,0.0,0.200340857709297,0.45,2.287,High,2026-06-22 06:29:45.127000+00:00,2026-06-22 15:29:45.127000+09:00,15,0,0,validation,0.33428276,0.1157172441482544,0.1157172441482544,1-5 km
VEH_01,VEH_01_FINAL_0094,Final,2026-06-22 06:31:47.063000+00:00,2026-06-22 06:36:36+00:00,0.5248847,4.815616666666667,8.45945945945946,30.0,8.38787604657346,1105.8958333333333,1934.5,416.8957635800251,0.0,0.0847937216165527,0.12,17.337,High,2026-06-22 06:31:47.063000+00:00,2026-06-22 15:31:47.063000+09:00,15,0,0,validation,0.1844488,-0.06444879353046418,0.06444879353046418,0.5-1 km
VEH_09,VEH_09_FINAL_0070,Final,2026-06-22 06:33:20.063000+00:00,2026-06-22 06:34:26.127000+00:00,0.17548627,1.1010666666666666,7.0,23.0,8.449852069711044,948.6388888888888,1755.25,511.6861710602711,0.0,0.0712230215827338,0.03,0.107,High,2026-06-22 06:33:20.063000+00:00,2026-06-22 15:33:20.063000+09:00,15,0,0,validation,0.3201775,-0.2901774954795837,0.2901774954795837,0-0.5 km
VEH_11,VEH_11_FINAL_0028,Final,2026-06-22 06:34:13.110000+00:00,2026-06-22 08:02:55+00:00,87.60798,88.69816666666667,42.43112244897959,98.0,31.69892405895207,1135.1550925925926,1835.25,434.8980027791434,0.0,0.1725030851643238,21.0,3.957,High,2026-06-22 06:34:13.110000+00:00,2026-06-22 15:34:13.110000+09:00,15,0,0,validation,21.010313,-0.010313034057617188,0.010313034057617188,50+ km
VEH_09,VEH_09_FINAL_0071,Final,2026-06-22 06:40:04.127000+00:00,2026-06-22 06:41:47+00:00,0.3051915,1.71455,9.61904761904762,25.0,7.505402438219899,1098.6,1846.75,414.7813460125709,0.0,0.0636337854621199,0.05,18.867,High,2026-06-22 06:40:04.127000+00:00,2026-06-22 15:40:04.127000+09:00,15,0,0,validation,0.07381428,-0.023814280331134793,0.023814280331134793,0-0.5 km
VEH_04,VEH_04_FINAL_0045,Final,2026-06-22 06:42:29.063000+00:00,2026-06-22 06:52:08.063000+00:00,1.2414974,9.65,10.39622641509434,47.0,12.886060367614022,1242.390625,2746.5,569.1483870438441,0.0,0.2960625755743652,0.26,1.984,High,2026-06-22 06:42:29.063000+00:00,2026-06-22 15:42:29.063000+09:00,15,0,0,validation,0.26818752,-0.008187522888183585,0.008187522888183585,1-5 km
VEH_05,VEH_05_FINAL_0045,Final,2026-06-22 06:43:15+00:00,2026-06-22 06:55:45+00:00,4.147701,12.5,24.894117647058824,88.0,24.254544039713352,1192.0520833333333,1858.75,455.8976834862837,0.0,0.1790765386423789,2.42,4.933,High,2026-06-22 06:43:15+00:00,2026-06-22 15:43:15+09:00,15,0,0,validation,1.2994723,1.1205276679992675,1.1205276679992675,1-5 km
VEH_08,VEH_08_FINAL_0030,Final,2026-06-22 06:44:04.063000+00:00,2026-06-22 06:55:38+00:00,2.7685144,11.565616666666669,14.659574468085106,42.0,12.200935778106356,1194.468253968254,2438.0,522.9996822589695,0.0,0.1768441384758816,0.37,2.387,High,2026-06-22 06:44:04.063000+00:00,2026-06-22 15:44:04.063000+09:00,15,0,0,validation,0.37245175,-0.0024517524242401167,0.0024517524242401167,1-5 km
VEH_09,VEH_09_FINAL_0072,Final,2026-06-22 06:46:48.063000+00:00,2026-06-22 06:49:12+00:00,0.33956313,2.39895,7.321428571428571,18.0,6.724441407648516,1101.014705882353,1897.0,435.64029507783334,0.0,0.0981088048512963,0.06,2.62,High,2026-06-22 06:46:48.063000+00:00,2026-06-22 15:46:48.063000+09:00,15,0,0,validation,0.3278179,-0.2678178870677948,0.2678178870677948,0-0.5 km
VEH_12,VEH_12_FINAL_0068,Final,2026-06-22 06:49:58+00:00,2026-06-22 07:24:36+00:00,39.446106,34.63333333333333,45.25242718446602,95.0,30.218530432292972,1162.84375,1831.75,452.142304021574,0.0,0.0848164618290848,11.93,5.437,High,2026-06-22 06:49:58+00:00,2026-06-22 15:49:58+09:00,15,0,0,validation,9.60879,2.3212096023559567,2.3212096023559567,20-50 km
VEH_10,VEH_10_FINAL_0046,Final,2026-06-22 06:53:11+00:00,2026-06-22 06:55:43+00:00,0.37747818,2.533333333333333,9.272727272727272,36.0,12.13627851519349,1236.5192307692307,2351.0,600.3440556939834,0.0,0.5087739452597719,0.12,1.567,High,2026-06-22 06:53:11+00:00,2026-06-22 15:53:11+09:00,15,0,0,validation,0.09361029,0.02638971328735351,0.02638971328735351,0-0.5 km
VEH_01,VEH_01_FINAL_0095,Final,2026-06-22 06:54:41.063000+00:00,2026-06-22 07:10:27+00:00,3.7657242,15.765616666666666,14.48148148148148,47.0,13.79377307276694,1220.871951219512,2186.0,487.0375390010433,0.0,0.1800154346123991,0.61,7.627,High,2026-06-22 06:54:41.063000+00:00,2026-06-22 15:54:41.063000+09:00,15,0,0,validation,0.6089347,0.0010652995109557972,0.0010652995109557972,1-5 km
VEH_09,VEH_09_FINAL_0073,Final,2026-06-22 06:55:34.127000+00:00,2026-06-22 06:57:09.063000+00:00,0.27675232,1.5822666666666667,8.6,21.0,7.28285658241325,1061.2,1751.5,351.93672726784285,0.0,0.0424302809959403,0.04,0.7,High,2026-06-22 06:55:34.127000+00:00,2026-06-22 15:55:34.127000+09:00,15,0,0,validation,0.16784257,-0.1278425669670105,0.1278425669670105,0-0.5 km
VEH_08,VEH_08_FINAL_0031,Final,2026-06-22 06:56:22.063000+00:00,2026-06-22 07:11:29+00:00,4.304202,15.115616666666666,16.802197802197803,59.0,15.294342687627626,1269.8543956043957,2732.0,495.34965459799105,0.0,0.1535452288245584,0.43,3.683,High,2026-06-22 06:56:22.063000+00:00,2026-06-22 15:56:22.063000+09:00,15,0,0,validation,0.6275671,-0.1975671124458313,0.1975671124458313,1-5 km
VEH_09,VEH_09_FINAL_0074,Final,2026-06-22 07:00:48.063000+00:00,2026-06-22 07:06:14+00:00,1.0153953,5.432283333333333,13.36111111111111,52.0,12.443545354425895,1176.0972222222222,2034.75,488.4155728453378,0.0,0.2671466143087421,0.18,1.863,High,2026-06-22 07:00:48.063000+00:00,2026-06-22 16:00:48.063000+09:00,16,0,0,validation,0.22534576,-0.04534576058387757,0.04534576058387757,1-5 km
VEH_10,VEH_10_FINAL_0048,Final,2026-06-22 07:03:26+00:00,2026-06-22 07:16:31+00:00,2.0315187,13.083333333333334,14.98360655737705,54.0,17.163143702330355,1310.9166666666667,2406.5,526.875012474345,0.0,0.3482907232541715,0.44,1.793,High,2026-06-22 07:03:26+00:00,2026-06-22 16:03:26+09:00,16,0,0,validation,0.31559545,0.12440455198287964,0.12440455198287964,1-5 km
VEH_04,VEH_04_FINAL_0046,Final,2026-06-22 07:05:50.063000+00:00,2026-06-22 07:08:04+00:00,0.34593773,2.2322833333333336,9.4,27.0,8.452218643646177,1142.7307692307693,2105.5,421.92072785265714,0.0,0.0422166565130079,0.07,12.347,High,2026-06-22 07:05:50.063000+00:00,2026-06-22 16:05:50.063000+09:00,16,0,0,validation,0.060079124,0.009920876175165183,0.009920876175165183,0-0.5 km
VEH_03,VEH_03_FINAL_0027,Final,2026-06-22 07:08:22.063000+00:00,2026-06-22 07:20:37.063000+00:00,3.1960163,12.25,15.090909090909092,45.0,14.169458483619204,1204.6170212765958,2236.0,486.86147995885136,0.0,0.2318107704089274,0.53,0.347,High,2026-06-22 07:08:22.063000+00:00,2026-06-22 16:08:22.063000+09:00,16,0,0,validation,0.39335296,0.13664704442024234,0.13664704442024234,1-5 km
VEH_09,VEH_09_FINAL_0075,Final,2026-06-22 07:09:07.063000+00:00,2026-06-22 07:15:16+00:00,2.3990095,6.14895,20.12280701754386,46.0,12.5950006448376,1130.951923076923,2102.0,447.5007118560666,0.0,0.0149964805287631,0.25,1.307,High,2026-06-22 07:09:07.063000+00:00,2026-06-22 16:09:07.063000+09:00,16,0,0,validation,0.3643012,-0.11430120468139648,0.11430120468139648,1-5 km
VEH_01,VEH_01_FINAL_0096,Final,2026-06-22 07:13:27.063000+00:00,2026-06-22 07:24:15.127000+00:00,3.4444056,10.801066666666664,16.771084337349397,67.0,15.01752013058099,1160.2464285714286,2131.25,444.36659072384214,0.0,0.1324294314530453,0.36,16.796,High,2026-06-22 07:13:27.063000+00:00,2026-06-22 16:13:27.063000+09:00,16,0,0,validation,0.41427568,-0.0542756760120392,0.0542756760120392,1-5 km
VEH_08,VEH_08_FINAL_0032,Final,2026-06-22 07:16:48.063000+00:00,2026-06-22 07:19:14+00:00,0.5351233,2.432283333333334,11.45,27.0,8.27934176127547,1107.0,1762.0,409.4634361643974,0.0,0.0739731494670492,0.06,1.473,High,2026-06-22 07:16:48.063000+00:00,2026-06-22 16:16:48.063000+09:00,16,0,0,validation,0.12531453,-0.06531453371047974,0.06531453371047974,0.5-1 km
VEH_08,VEH_08_FINAL_0033,Final,2026-06-22 07:23:10.063000+00:00,2026-06-22 07:30:44.127000+00:00,1.9957638,7.567733333333334,17.357142857142858,50.0,15.531567591094424,1220.4347826086955,3257.25,594.1913061015719,0.0217391304347826,0.1899007337073802,0.23,0.166,High,2026-06-22 07:23:10.063000+00:00,2026-06-22 16:23:10.063000+09:00,16,0,0,validation,0.34230632,-0.11230631589889525,0.11230631589889525,1-5 km
VEH_10,VEH_10_FINAL_0049,Final,2026-06-22 07:23:50.063000+00:00,2026-06-22 07:24:35.127000+00:00,0.13385907,0.7510666666666667,6.0,16.0,6.117889458675388,1130.875,1359.75,234.7971531450073,0.0,0.0,0.02,15.923,High,2026-06-22 07:23:50.063000+00:00,2026-06-22 16:23:50.063000+09:00,16,0,0,validation,1.1220493,-1.102049331665039,1.102049331665039,0-0.5 km
VEH_01,VEH_01_FINAL_0097,Final,2026-06-22 07:27:28.063000+00:00,2026-06-22 07:28:31+00:00,0.18939611,1.04895,6.428571428571429,17.0,5.924697529522206,918.9166666666666,1259.75,241.0063392435053,0.0,0.0246158875449493,0.02,2.69,High,2026-06-22 07:27:28.063000+00:00,2026-06-22 16:27:28.063000+09:00,16,0,0,validation,-0.2698118,0.2898118090629578,0.2898118090629578,0-0.5 km
VEH_09,VEH_09_FINAL_0076,Final,2026-06-22 07:28:50.063000+00:00,2026-06-22 07:38:51+00:00,3.7681441,10.015616666666666,21.873015873015873,72.0,19.544407768758152,1268.9318181818182,2497.0,523.8773215197951,0.0,0.1721278705159533,0.46,17.86,High,2026-06-22 07:28:50.063000+00:00,2026-06-22 16:28:50.063000+09:00,16,0,0,validation,0.62860465,-0.1686046504974365,0.1686046504974365,1-5 km
VEH_12,VEH_12_FINAL_0069,Final,2026-06-22 07:29:04.063000+00:00,2026-06-22 07:35:17+00:00,2.9487507,6.215616666666667,22.574468085106385,76.0,23.366410408005855,1163.263888888889,1801.75,492.146696966338,0.0,0.0955822496973629,1.7,19.333,High,2026-06-22 07:29:04.063000+00:00,2026-06-22 16:29:04.063000+09:00,16,0,0,validation,0.6432095,1.0567904829978942,1.0567904829978942,1-5 km
VEH_10,VEH_10_FINAL_0050,Final,2026-06-22 07:30:44.063000+00:00,2026-06-22 08:03:01+00:00,11.166519,32.28228333333333,20.50655021834061,95.0,21.59625959999463,1317.778735632184,3089.25,584.155317734489,0.0057471264367816,0.2173243386103386,1.58,21.427,High,2026-06-22 07:30:44.063000+00:00,2026-06-22 16:30:44.063000+09:00,16,0,0,validation,1.3506397,0.22936029911041267,0.22936029911041267,5-20 km
VEH_08,VEH_08_FINAL_0034,Final,2026-06-22 07:32:07.063000+00:00,2026-06-22 07:48:06+00:00,4.6056247,15.982283333333331,16.54901960784314,43.0,13.424171534652425,1220.3805309734514,2288.5,474.5667319485052,0.0,0.1374788472516718,0.49,1.663,High,2026-06-22 07:32:07.063000+00:00,2026-06-22 16:32:07.063000+09:00,16,0,0,validation,0.6634256,-0.17342562437057496,0.17342562437057496,1-5 km
VEH_02,VEH_02_FINAL_0048,Final,2026-06-22 07:36:34+00:00,2026-06-22 07:39:43.187000+00:00,0.48291075,3.153116666666667,17.77777777777778,45.0,13.112994215050604,1325.5357142857142,2412.0,559.2279025037785,0.0,0.0250071895670005,0.11,0.76,High,2026-06-22 07:36:34+00:00,2026-06-22 16:36:34+09:00,16,0,0,validation,0.10900115,0.0009988477826118475,0.0009988477826118475,0-0.5 km
VEH_07,VEH_07_FINAL_0035,Final,2026-06-22 07:36:44+00:00,2026-06-22 07:40:58+00:00,1.6160125,4.233333333333333,24.25581395348837,69.0,19.732033951733495,1362.8163265306123,2425.25,563.7338096130046,0.0,0.2028579070653363,0.31,1.337,High,2026-06-22 07:36:44+00:00,2026-06-22 16:36:44+09:00,16,0,0,validation,0.20831344,0.10168656468391418,0.10168656468391418,1-5 km
VEH_09,VEH_09_FINAL_0077,Final,2026-06-22 07:41:40.063000+00:00,2026-06-22 07:53:35+00:00,3.229861,11.915616666666669,17.89873417721519,48.0,13.045776208363584,1127.221875,2080.5,418.5275565780996,0.0,0.1784560431549788,0.36,18.223,High,2026-06-22 07:41:40.063000+00:00,2026-06-22 16:41:40.063000+09:00,16,0,0,validation,0.41605455,-0.05605454683303834,0.05605454683303834,1-5 km
VEH_04,VEH_04_FINAL_0047,Final,2026-06-22 07:42:24.063000+00:00,2026-06-22 07:45:08+00:00,0.19426192,2.7322833333333336,5.617647058823529,27.0,7.4558098383757585,1120.21875,1821.0,404.74748952085855,0.0,0.1494565050416915,0.08,18.947,High,2026-06-22 07:42:24.063000+00:00,2026-06-22 16:42:24.063000+09:00,16,0,0,validation,0.05294869,0.027051309049129488,0.027051309049129488,0-0.5 km
VEH_04,VEH_04_FINAL_0048,Final,2026-06-22 07:55:27.063000+00:00,2026-06-22 08:00:42.063000+00:00,0.62768304,5.25,12.411764705882351,34.0,10.954767017843189,1206.1285714285714,2264.5,494.0345468379592,0.0,0.177825946594106,0.16,2.924,High,2026-06-22 07:55:27.063000+00:00,2026-06-22 16:55:27.063000+09:00,16,0,0,validation,0.17957267,-0.019572671651840207,0.019572671651840207,0.5-1 km
VEH_02,VEH_02_FINAL_0049,Final,2026-06-22 07:56:04.063000+00:00,2026-06-22 08:21:20+00:00,12.660626,25.265616666666663,25.85211267605634,87.0,20.45295088152201,1288.560606060606,2302.75,514.6898498405866,0.0,0.1594258762185763,1.3,16.587,High,2026-06-22 07:56:04.063000+00:00,2026-06-22 16:56:04.063000+09:00,16,0,0,validation,1.4057724,-0.10577244758605953,0.10577244758605953,5-20 km
VEH_01,VEH_01_FINAL_0100,Final,2026-06-22 07:56:57+00:00,2026-06-22 07:58:28+00:00,0.52940106,1.5166666666666666,21.0,47.0,12.704792981622422,1220.7307692307693,2115.75,530.3926381386868,0.0,0.0,0.76,17.023,High,2026-06-22 07:56:57+00:00,2026-06-22 16:56:57+09:00,16,0,0,validation,0.07894757,0.6810524335503578,0.6810524335503578,0.5-1 km
VEH_03,VEH_03_FINAL_0029,Final,2026-06-22 07:58:49.063000+00:00,2026-06-22 08:34:28+00:00,21.758266,35.64895,31.655,101.0,24.383723567166683,1247.872881355932,2564.25,459.9317063639084,0.0,0.0794762928889084,2.38,18.517,High,2026-06-22 07:58:49.063000+00:00,2026-06-22 16:58:49.063000+09:00,16,0,0,validation,2.626825,-0.24682509422302257,0.24682509422302257,20-50 km
VEH_09,VEH_09_FINAL_0078,Final,2026-06-22 07:59:22.063000+00:00,2026-06-22 08:09:59+00:00,1.4290149,10.615616666666666,14.088235294117649,48.0,12.378509952757602,1174.537037037037,2544.0,484.1706717356996,0.0,0.1592634018561744,0.33,18.383,High,2026-06-22 07:59:22.063000+00:00,2026-06-22 16:59:22.063000+09:00,16,0,0,validation,0.2742546,0.05574540972709657,0.05574540972709657,1-5 km
VEH_09,VEH_09_FINAL_0079,Final,2026-06-22 08:12:16.063000+00:00,2026-06-22 08:19:17+00:00,1.2351867,7.015616666666667,16.135593220338983,44.0,12.080882259732247,1258.9957627118645,2179.5,522.4694916312676,0.0,0.1753771734867303,0.28,17.417,High,2026-06-22 08:12:16.063000+00:00,2026-06-22 17:12:16.063000+09:00,17,0,0,validation,0.31306213,-0.03306213140487668,0.03306213140487668,1-5 km
VEH_04,VEH_04_FINAL_0049,Final,2026-06-22 08:20:49.063000+00:00,2026-06-22 08:26:33+00:00,0.6054681,5.732283333333333,10.585365853658535,38.0,11.651390809383246,1217.75,2770.0,597.5884429232084,0.0,0.4254593004751185,0.14,5.023,High,2026-06-22 08:20:49.063000+00:00,2026-06-22 17:20:49.063000+09:00,17,0,0,validation,0.25192672,-0.11192672014236449,0.11192672014236449,0.5-1 km
VEH_09,VEH_09_FINAL_0080,Final,2026-06-22 08:20:58.063000+00:00,2026-06-22 08:57:33+00:00,10.241474,36.58228333333333,20.15068493150685,80.0,18.732925546504177,1266.9243827160494,2399.5,514.2658115359628,0.0,0.2222803773970816,1.41,20.023,High,2026-06-22 08:20:58.063000+00:00,2026-06-22 17:20:58.063000+09:00,17,0,0,validation,1.3793666,0.030633363723754803,0.030633363723754803,5-20 km
VEH_04,VEH_04_FINAL_0050,Final,2026-06-22 08:31:10.063000+00:00,2026-06-22 09:29:30+00:00,28.203005,58.33228333333333,22.843243243243244,93.0,22.2634658983209,1280.624193548387,2950.0,537.515954657577,0.0,0.2119643746589424,3.25,4.793,High,2026-06-22 08:31:10.063000+00:00,2026-06-22 17:31:10.063000+09:00,17,0,0,validation,2.8714166,0.3785834312438965,0.3785834312438965,20-50 km
VEH_06,VEH_06_FINAL_0073,Final,2026-06-22 08:58:32+00:00,2026-06-22 10:37:16+00:00,81.39344,98.73333333333332,38.05135951661632,94.0,27.25842129295721,997.286231884058,1773.0,364.5968000213404,0.0,0.0476517930576267,19.03,29.197,High,2026-06-22 08:58:32+00:00,2026-06-22 17:58:32+09:00,17,0,0,validation,21.122494,-2.0924937438964832,2.0924937438964832,50+ km
VEH_11,VEH_11_FINAL_0029,Final,2026-06-22 09:11:18+00:00,2026-06-22 10:39:19+00:00,88.77916,88.01666666666667,47.0792349726776,102.0,26.787195282610725,1246.478723404255,1883.5,409.23137712793954,0.0,0.0394653946539465,26.82,5.153,High,2026-06-22 09:11:18+00:00,2026-06-22 18:11:18+09:00,18,0,0,validation,24.370445,2.4495547485351565,2.4495547485351565,50+ km
VEH_04,VEH_04_FINAL_0052,Final,2026-06-22 09:47:10.063000+00:00,2026-06-22 09:49:24+00:00,0.1,2.2322833333333336,3.2857142857142856,9.0,3.493434074467852,969.4166666666666,1405.0,288.0213268531034,0.0,0.4881869760352272,0.04,9.813,High,2026-06-22 09:47:10.063000+00:00,2026-06-22 18:47:10.063000+09:00,18,0,0,validation,1.0619495,-1.0219494915008545,1.0219494915008545,0-0.5 km
VEH_05,VEH_05_FINAL_0048,Final,2026-06-22 10:42:03.127000+00:00,2026-06-22 10:45:04+00:00,0.6903063,3.01455,9.782608695652174,33.0,10.77822491531615,938.325,1475.5,425.4352778331858,0.0,0.1048721253796407,0.31,7.683,High,2026-06-22 10:42:03.127000+00:00,2026-06-22 19:42:03.127000+09:00,19,0,0,validation,1.6326336,-1.3226335668563842,1.3226335668563842,0.5-1 km
VEH_12,VEH_12_FINAL_0074,Final,2026-06-22 10:49:20.063000+00:00,2026-06-22 10:53:04+00:00,0.7625673,3.7322833333333336,9.041666666666666,34.0,10.167264326695204,989.6875,1681.5,364.27740438263527,0.0,0.0639431148912877,0.33,22.433,High,2026-06-22 10:49:20.063000+00:00,2026-06-22 19:49:20.063000+09:00,19,0,0,validation,0.5134907,-0.1834906768798828,0.1834906768798828,0.5-1 km
VEH_11,VEH_11_FINAL_0031,Final,2026-06-22 10:49:59.343000+00:00,2026-06-22 10:51:40+00:00,0.38872555,1.6776166666666663,9.105263157894736,30.0,9.48069915721912,987.125,1642.75,478.5530872240473,0.0,0.0461210405035138,0.2,6.2,High,2026-06-22 10:49:59.343000+00:00,2026-06-22 19:49:59.343000+09:00,19,0,0,validation,0.12223732,0.07776268273591996,0.07776268273591996,0-0.5 km
VEH_12,VEH_12_FINAL_0075,Final,2026-06-22 15:09:45.063000+00:00,2026-06-22 15:11:58+00:00,0.100469515,2.215616666666667,2.25,7.0,2.8613807855648994,564.375,925.0,360.625,0.0,0.0192667090534265,0.11,5.59,High,2026-06-22 15:09:45.063000+00:00,2026-06-23 00:09:45.063000+09:00,0,1,0,validation,0.36622748,-0.2562274777889252,0.2562274777889252,0-0.5 km
VEH_06,VEH_06_FINAL_0079,Final,2026-06-22 15:42:38+00:00,2026-06-22 16:21:35+00:00,42.502163,38.95,39.80701754385965,89.0,27.66874136999535,1151.3629032258063,1738.25,462.63420824659994,0.0,0.0859922441748695,13.97,7.037,High,2026-06-22 15:42:38+00:00,2026-06-23 00:42:38+09:00,0,1,0,validation,13.556106,0.41389438629150455,0.41389438629150455,20-50 km
VEH_12,VEH_12_FINAL_0079,Final,2026-06-22 15:51:44.063000+00:00,2026-06-22 16:42:12+00:00,62.53084,50.46561666666666,42.41463414634146,91.0,30.040197142800945,1011.67,1597.25,382.4245724322641,0.0,0.0623226565096244,15.79,5.563,High,2026-06-22 15:51:44.063000+00:00,2026-06-23 00:51:44.063000+09:00,0,1,0,validation,15.830563,-0.04056259155273523,0.04056259155273523,50+ km
VEH_06,VEH_06_FINAL_0081,Final,2026-06-22 16:57:30+00:00,2026-06-22 17:32:41+00:00,31.660234,35.18333333333333,43.24444444444445,89.0,31.033665511211023,1149.378205128205,1912.75,398.3359049581518,0.0,0.1056210736541403,8.19,5.923,High,2026-06-22 16:57:30+00:00,2026-06-23 01:57:30+09:00,1,1,0,validation,7.4540944,0.7359055900573725,0.7359055900573725,20-50 km
VEH_12,VEH_12_FINAL_0080,Final,2026-06-22 17:00:19.127000+00:00,2026-06-22 17:27:01+00:00,18.917511,26.697883333333333,34.27173913043478,93.0,29.987353588409476,1035.4411764705883,1742.0,400.1901940237086,0.0,0.0754570476429302,5.73,3.88,High,2026-06-22 17:00:19.127000+00:00,2026-06-23 02:00:19.127000+09:00,2,1,0,validation,5.901762,-0.17176200866699176,0.17176200866699176,5-20 km
VEH_12,VEH_12_FINAL_0081,Final,2026-06-22 17:39:49.063000+00:00,2026-06-22 18:41:46+00:00,75.25548,61.94895,47.0,91.0,29.494221313828422,1091.5725806451612,1764.75,411.3094657151579,0.0,0.0493999450425611,16.6,4.037,High,2026-06-22 17:39:49.063000+00:00,2026-06-23 02:39:49.063000+09:00,2,1,0,validation,15.438175,1.1618247985839858,1.1618247985839858,50+ km
VEH_06,VEH_06_FINAL_0082,Final,2026-06-22 17:56:17+00:00,2026-06-22 18:54:32.127000+00:00,67.17455,58.252116666666666,48.38842975206611,89.0,33.44277755004202,1139.0887096774193,1822.0,406.6897076891306,0.0,0.0537521305579042,14.9,0.006,High,2026-06-22 17:56:17+00:00,2026-06-23 02:56:17+09:00,2,1,0,validation,15.341129,-0.44112930297851527,0.44112930297851527,50+ km
VEH_12,VEH_12_FINAL_0082,Final,2026-06-22 18:55:21.063000+00:00,2026-06-22 19:30:55+00:00,41.25031,35.56561666666666,45.18604651162791,89.0,27.520187781567195,1091.9333333333334,1697.0,429.3408413551587,0.0,0.0080286598577992,11.11,4.733,High,2026-06-22 18:55:21.063000+00:00,2026-06-23 03:55:21.063000+09:00,3,1,0,validation,9.721898,1.3881019210815424,1.3881019210815424,20-50 km
VEH_06,VEH_06_FINAL_0084,Final,2026-06-22 19:30:52+00:00,2026-06-22 20:02:07+00:00,32.498466,31.25,42.00970873786408,95.0,31.77239906953224,1206.8472222222222,1853.0,407.7820865746469,0.0,0.1042236836426574,8.73,10.437,High,2026-06-22 19:30:52+00:00,2026-06-23 04:30:52+09:00,4,1,0,validation,10.049353,-1.319352645874023,1.319352645874023,20-50 km
VEH_04,VEH_04_FINAL_0054,Final,2026-06-22 23:13:55+00:00,2026-06-22 23:30:51+00:00,3.715019,16.933333333333334,21.42156862745098,79.0,19.893065238877377,1446.4883720930231,3950.5,736.9363592191733,0.0348837209302325,0.2535635535212298,0.72,7.847,High,2026-06-22 23:13:55+00:00,2026-06-23 08:13:55+09:00,8,1,0,validation,0.9406241,-0.22062411785125735,0.22062411785125735,1-5 km
VEH_05,VEH_05_FINAL_0057,Final,2026-06-23 00:02:50.063000+00:00,2026-06-23 01:37:30+00:00,77.92351,94.66561666666666,42.20284697508897,89.0,26.945208523174696,1221.2619047619048,1895.5,415.1005979348809,0.0,0.0429960811876961,25.36,25.003,High,2026-06-23 00:02:50.063000+00:00,2026-06-23 09:02:50.063000+09:00,9,1,0,validation,21.088396,4.271603927612304,4.271603927612304,50+ km
VEH_09,VEH_09_FINAL_0081,Final,2026-06-23 00:56:14.127000+00:00,2026-06-23 01:12:27+00:00,2.1974666,16.21455,17.885416666666668,56.0,14.39970326059032,1162.4117647058824,2173.0,456.9647024370224,0.0,0.2296981819043899,0.49,17.487,High,2026-06-23 00:56:14.127000+00:00,2026-06-23 09:56:14.127000+09:00,9,1,0,validation,0.40420407,0.08579592943191527,0.08579592943191527,1-5 km
VEH_09,VEH_09_FINAL_0082,Final,2026-06-23 01:17:46.063000+00:00,2026-06-23 01:19:19.127000+00:00,0.122234136,1.5510666666666666,7.9,25.0,7.974333827975851,1224.111111111111,2078.0,528.9971724760486,0.0,0.027085813223677,0.06,0.54,High,2026-06-23 01:17:46.063000+00:00,2026-06-23 10:17:46.063000+09:00,10,1,0,validation,0.16096947,-0.10096946597099304,0.10096946597099304,0-0.5 km
VEH_11,VEH_11_FINAL_0034,Final,2026-06-23 01:22:13.423000+00:00,2026-06-23 02:35:55+00:00,70.51541,73.69295000000001,40.71659919028341,89.0,25.2801439055217,1082.7857142857142,1652.25,380.4175408954198,0.0,0.0059933397617969,15.81,10.897,High,2026-06-23 01:22:13.423000+00:00,2026-06-23 10:22:13.423000+09:00,10,1,0,validation,14.860441,0.9495587921142583,0.9495587921142583,50+ km
VEH_03,VEH_03_FINAL_0030,Final,2026-06-23 01:30:30.063000+00:00,2026-06-23 02:34:44+00:00,23.636612,64.23228333333333,18.60431654676259,100.0,22.85402074780377,1176.0627530364372,2501.0,464.2275440570569,0.0,0.1628023799724978,3.1,2.84,High,2026-06-23 01:30:30.063000+00:00,2026-06-23 10:30:30.063000+09:00,10,1,0,validation,2.99661,0.1033900737762452,0.1033900737762452,20-50 km
VEH_09,VEH_09_FINAL_0083,Final,2026-06-23 01:32:51.063000+00:00,2026-06-23 01:40:11+00:00,1.903107,7.332283333333334,18.84090909090909,36.0,11.010208448646404,1131.9460784313726,1997.5,443.35708595994697,0.0,0.1629947171529542,0.25,17.27,High,2026-06-23 01:32:51.063000+00:00,2026-06-23 10:32:51.063000+09:00,10,1,0,validation,0.32413906,-0.0741390585899353,0.0741390585899353,1-5 km
VEH_09,VEH_09_FINAL_0084,Final,2026-06-23 01:43:38.063000+00:00,2026-06-23 01:56:34+00:00,3.8532,12.932283333333334,18.574468085106385,64.0,16.400888248974944,1175.8589743589744,2155.0,462.3608861983543,0.0,0.1184574282400369,0.52,17.89,High,2026-06-23 01:43:38.063000+00:00,2026-06-23 10:43:38.063000+09:00,10,1,0,validation,0.63016313,-0.11016313314437864,0.11016313314437864,1-5 km
VEH_10,VEH_10_FINAL_0054,Final,2026-06-23 01:48:09.063000+00:00,2026-06-23 02:10:51+00:00,14.091202,22.69895,38.5,96.0,27.031933150184905,1335.0882352941176,3006.75,586.4112486204971,0.0117647058823529,0.0772652879368981,1.2,18.513,High,2026-06-23 01:48:09.063000+00:00,2026-06-23 10:48:09.063000+09:00,10,1,0,validation,1.4711719,-0.2711718559265137,0.2711718559265137,5-20 km
VEH_02,VEH_02_FINAL_0053,Final,2026-06-23 01:50:15.127000+00:00,2026-06-23 02:18:53+00:00,6.499103,28.631216666666667,20.646408839779006,79.0,17.45924538846131,1359.16875,3242.5,596.3756397698832,0.005,0.2334327461170713,1.37,2.47,High,2026-06-23 01:50:15.127000+00:00,2026-06-23 10:50:15.127000+09:00,10,1,0,validation,0.9234388,0.44656121253967296,0.44656121253967296,5-20 km
VEH_09,VEH_09_FINAL_0085,Final,2026-06-23 01:58:45.063000+00:00,2026-06-23 02:12:04.187000+00:00,3.689115,13.318733333333334,21.28409090909091,61.0,17.05535697211527,1170.2377049180327,2135.0,462.09542656303176,0.0,0.1115524277772421,0.47,15.816,High,2026-06-23 01:58:45.063000+00:00,2026-06-23 10:58:45.063000+09:00,10,1,0,validation,0.59314626,-0.1231462645530701,0.1231462645530701,1-5 km
VEH_10,VEH_10_FINAL_0055,Final,2026-06-23 02:19:49.063000+00:00,2026-06-23 02:28:04+00:00,1.6205832,8.24895,18.17543859649123,48.0,12.77349614455657,1212.2629310344828,2403.5,518.4621852635981,0.0,0.2351587540750075,0.28,2.417,High,2026-06-23 02:19:49.063000+00:00,2026-06-23 11:19:49.063000+09:00,11,1,0,validation,0.29764855,-0.017648549079894993,0.017648549079894993,1-5 km
VEH_10,VEH_10_FINAL_0056,Final,2026-06-23 02:28:59.063000+00:00,2026-06-23 02:35:23+00:00,1.9641398,6.39895,16.133333333333333,32.0,10.883422664258193,1195.090909090909,2155.75,487.5823913211451,0.0,0.0724964952630576,0.22,2.757,High,2026-06-23 02:28:59.063000+00:00,2026-06-23 11:28:59.063000+09:00,11,1,0,validation,0.33219022,-0.11219021558761597,0.11219021558761597,1-5 km
VEH_10,VEH_10_FINAL_0057,Final,2026-06-23 02:37:11.063000+00:00,2026-06-23 02:40:55+00:00,0.96772015,3.7322833333333336,15.03225806451613,30.0,9.344599513218046,1165.9934210526317,1942.0,440.7233978852945,0.0,0.011431239701333,0.12,2.46,High,2026-06-23 02:37:11.063000+00:00,2026-06-23 11:37:11.063000+09:00,11,1,0,validation,0.12578093,-0.0057809251546859786,0.0057809251546859786,0.5-1 km
VEH_09,VEH_09_FINAL_0086,Final,2026-06-23 02:40:57.063000+00:00,2026-06-23 02:55:49+00:00,4.368093,14.865616666666666,18.48872180451128,48.0,13.22654913897101,1190.5983606557377,2244.0,464.25311134202985,0.0,0.1145550244890833,0.6,17.523,High,2026-06-23 02:40:57.063000+00:00,2026-06-23 11:40:57.063000+09:00,11,1,0,validation,0.63016313,-0.030163133144378684,0.030163133144378684,1-5 km
VEH_03,VEH_03_FINAL_0031,Final,2026-06-23 02:41:56.127000+00:00,2026-06-23 02:53:58+00:00,2.26873,12.031216666666667,12.488372093023257,48.0,13.035500887822856,1172.6875,2193.75,502.5922684256593,0.0,0.2972708768775646,0.4,1.617,High,2026-06-23 02:41:56.127000+00:00,2026-06-23 11:41:56.127000+09:00,11,1,0,validation,0.3435553,0.056444698572158836,0.056444698572158836,1-5 km
VEH_02,VEH_02_FINAL_0055,Final,2026-06-23 02:44:25.127000+00:00,2026-06-23 02:52:46.127000+00:00,1.4499727,8.35,18.984126984126984,61.0,16.535188128958964,1327.5576923076924,2917.5,640.4781248429698,0.0,0.2970944125917232,0.33,16.503,High,2026-06-23 02:44:25.127000+00:00,2026-06-23 11:44:25.127000+09:00,11,1,0,validation,0.34353963,-0.013539625406265243,0.013539625406265243,1-5 km
VEH_09,VEH_09_FINAL_0087,Final,2026-06-23 02:58:37.063000+00:00,2026-06-23 03:09:54+00:00,4.085392,11.282283333333334,22.194805194805195,75.0,22.10896213711157,1178.957446808511,2063.75,442.1994661576119,0.0,0.2078477833022581,0.48,18.723,High,2026-06-23 02:58:37.063000+00:00,2026-06-23 11:58:37.063000+09:00,11,1,0,validation,0.8010972,-0.32109721422195436,0.32109721422195436,1-5 km
VEH_02,VEH_02_FINAL_0056,Final,2026-06-23 02:59:52.063000+00:00,2026-06-23 03:07:00.127000+00:00,1.3086652,7.1344,15.944444444444445,58.0,13.825187248971922,1414.927215189873,3729.5,740.3175092356337,0.050632911392405,0.198438022072758,0.37,16.423,High,2026-06-23 02:59:52.063000+00:00,2026-06-23 11:59:52.063000+09:00,11,1,0,validation,0.32304952,0.046950484514236446,0.046950484514236446,1-5 km
VEH_03,VEH_03_FINAL_0033,Final,2026-06-23 03:05:09+00:00,2026-06-23 03:32:31+00:00,22.074646,27.366666666666667,40.53333333333333,96.0,28.566958380463102,1290.375,2306.25,484.0450811907915,0.0,0.0453244775957457,2.31,17.743,High,2026-06-23 03:05:09+00:00,2026-06-23 12:05:09+09:00,12,1,0,validation,2.1144054,0.19559460639953619,0.19559460639953619,20-50 km
VEH_12,VEH_12_FINAL_0086,Final,2026-06-23 03:09:34.063000+00:00,2026-06-23 03:14:43+00:00,0.15784088,5.14895,3.1818181818181817,13.0,4.686890456236451,830.9642857142857,1525.25,415.3357168039624,0.0,0.4790280321825222,0.28,2.277,High,2026-06-23 03:09:34.063000+00:00,2026-06-23 12:09:34.063000+09:00,12,1,0,validation,0.46942514,-0.18942514181137082,0.18942514181137082,0-0.5 km
VEH_09,VEH_09_FINAL_0088,Final,2026-06-23 03:13:35.063000+00:00,2026-06-23 03:24:52+00:00,3.561249,11.282283333333334,19.72043010752688,62.0,14.67230995395408,1155.896276595745,2018.0,465.55797769755634,0.0,0.1323097188861066,0.43,17.953,High,2026-06-23 03:13:35.063000+00:00,2026-06-23 12:13:35.063000+09:00,12,1,0,validation,0.42636466,0.00363533973693847,0.00363533973693847,1-5 km
VEH_12,VEH_12_FINAL_0087,Final,2026-06-23 03:17:33.063000+00:00,2026-06-23 04:01:24+00:00,41.520607,43.848949999999995,39.74647887323944,89.0,31.152156487133432,1208.5725806451612,1857.0,449.42583304642073,0.0,0.0866653764642288,12.46,13.777,High,2026-06-23 03:17:33.063000+00:00,2026-06-23 12:17:33.063000+09:00,12,1,0,validation,10.802395,1.6576051330566415,1.6576051330566415,20-50 km
VEH_01,VEH_01_FINAL_0104,Final,2026-06-23 03:21:10.063000+00:00,2026-06-23 03:29:06+00:00,1.7880828,7.932283333333333,12.0,50.0,12.683901447591092,1254.1768292682927,2145.0,513.9860318992214,0.0,0.2399265270059755,0.4,10.89,High,2026-06-23 03:21:10.063000+00:00,2026-06-23 12:21:10.063000+09:00,12,1,0,validation,0.277714,0.1222859859466553,0.1222859859466553,1-5 km
VEH_09,VEH_09_FINAL_0089,Final,2026-06-23 03:32:25.063000+00:00,2026-06-23 03:40:38+00:00,2.4442637,8.215616666666667,17.88888888888889,64.0,16.733938309854757,1139.953488372093,2030.75,434.9659143816648,0.0,0.0847220755526696,0.35,17.573,High,2026-06-23 03:32:25.063000+00:00,2026-06-23 12:32:25.063000+09:00,12,1,0,validation,0.35624212,-0.0062421202659607156,0.0062421202659607156,1-5 km
VEH_01,VEH_01_FINAL_0105,Final,2026-06-23 03:33:57.063000+00:00,2026-06-23 03:42:43.063000+00:00,2.078264,8.766666666666667,16.901408450704224,49.0,13.204944581350894,1173.9025423728813,1993.0,459.3698982581899,0.0,0.1282724864160941,0.28,0.687,High,2026-06-23 03:33:57.063000+00:00,2026-06-23 12:33:57.063000+09:00,12,1,0,validation,0.34926987,-0.06926986694335935,0.06926986694335935,1-5 km
VEH_09,VEH_09_FINAL_0090,Final,2026-06-23 03:42:45.063000+00:00,2026-06-23 03:53:27+00:00,5.1297007,10.69895,25.463414634146343,70.0,19.92375412878246,1199.982456140351,2109.5,460.8068911380158,0.0,0.13170394950382,0.51,2.69,High,2026-06-23 03:42:45.063000+00:00,2026-06-23 12:42:45.063000+09:00,12,1,0,validation,0.6409153,-0.13091527462005614,0.13091527462005614,5-20 km
VEH_01,VEH_01_FINAL_0106,Final,2026-06-23 03:46:47.063000+00:00,2026-06-23 03:54:22.127000+00:00,1.4262149,7.5844,15.892857142857142,41.0,13.334539698826946,1207.0054347826087,2153.75,509.82915533883175,0.0,0.2757187031727746,0.23,0.067,High,2026-06-23 03:46:47.063000+00:00,2026-06-23 12:46:47.063000+09:00,12,1,0,validation,0.2903987,-0.06039868712425231,0.06039868712425231,1-5 km
VEH_02,VEH_02_FINAL_0057,Final,2026-06-23 03:54:43.063000+00:00,2026-06-23 04:17:36.127000+00:00,9.434908,22.884400000000003,24.978947368421053,94.0,22.33052145306175,1367.1450777202072,2862.25,611.8940052342189,0.0,0.1680655915467941,1.33,16.876,High,2026-06-23 03:54:43.063000+00:00,2026-06-23 12:54:43.063000+09:00,12,1,0,validation,1.1101875,0.21981246948242195,0.21981246948242195,5-20 km
VEH_11,VEH_11_FINAL_0036,Final,2026-06-23 04:02:18+00:00,2026-06-23 05:33:14+00:00,100.51656,90.93333333333334,49.60443037974684,93.0,31.05464527296944,1105.34126984127,1797.25,385.4923987412416,0.0,0.0146449169156975,22.38,8.757,High,2026-06-23 04:02:18+00:00,2026-06-23 13:02:18+09:00,13,1,0,validation,23.413048,-1.0330477905273447,1.0330477905273447,50+ km
VEH_01,VEH_01_FINAL_0108,Final,2026-06-23 04:17:10+00:00,2026-06-23 04:20:28.063000+00:00,0.6331632,3.3010499999999996,11.08108108108108,33.0,9.39631433890906,1148.3482142857142,1890.5,426.5716493748532,0.0,0.0994384805945499,0.56,0.854,High,2026-06-23 04:17:10+00:00,2026-06-23 13:17:10+09:00,13,1,0,validation,0.109700896,0.45029910415411,0.45029910415411,0.5-1 km
VEH_01,VEH_01_FINAL_0109,Final,2026-06-23 04:21:53.127000+00:00,2026-06-23 04:34:40.063000+00:00,1.5868431,12.782266666666668,10.202020202020202,37.0,10.679896906758316,1153.875,2222.0,473.7539295734552,0.0,0.2248930843851047,0.37,0.056,High,2026-06-23 04:21:53.127000+00:00,2026-06-23 13:21:53.127000+09:00,13,1,0,validation,0.27613002,0.09386997938156127,0.09386997938156127,1-5 km
VEH_01,VEH_01_FINAL_0110,Final,2026-06-23 04:38:06.063000+00:00,2026-06-23 05:07:41+00:00,7.720228,29.582283333333333,17.177033492822968,55.0,15.273652104722796,1195.5072674418604,2231.75,458.7911627082207,0.0,0.2290894292748979,0.97,1.177,High,2026-06-23 04:38:06.063000+00:00,2026-06-23 13:38:06.063000+09:00,13,1,0,validation,1.1177946,-0.14779463291168216,0.14779463291168216,5-20 km
VEH_10,VEH_10_FINAL_0060,Final,2026-06-23 04:42:17.063000+00:00,2026-06-23 04:54:02+00:00,3.5484376,11.74895,20.95689655172414,58.0,14.141765144531696,1192.214705882353,2281.0,540.3072371521883,0.0,0.1285962134975202,0.47,1.967,High,2026-06-23 04:42:17.063000+00:00,2026-06-23 13:42:17.063000+09:00,13,1,0,validation,0.4276947,0.042305291891097996,0.042305291891097996,1-5 km
VEH_03,VEH_03_FINAL_0034,Final,2026-06-23 04:43:49.063000+00:00,2026-06-23 05:35:17+00:00,24.927183,51.46561666666666,26.32051282051282,98.0,25.374499408852103,1180.6434210526315,2265.0,454.1918526018222,0.0,0.1719280503436981,2.8,6.79,High,2026-06-23 04:43:49.063000+00:00,2026-06-23 13:43:49.063000+09:00,13,1,0,validation,3.284419,-0.48441905975341815,0.48441905975341815,20-50 km
VEH_08,VEH_08_FINAL_0038,Final,2026-06-23 04:51:42.063000+00:00,2026-06-23 05:23:31+00:00,26.579052,31.815616666666664,48.69417475728155,98.0,28.553282929753408,1387.4312977099237,2783.25,579.2038602186703,0.0,0.1074590645029558,2.45,8.647,High,2026-06-23 04:51:42.063000+00:00,2026-06-23 13:51:42.063000+09:00,13,1,0,validation,2.1383328,0.3116671562194826,0.3116671562194826,20-50 km
VEH_10,VEH_10_FINAL_0061,Final,2026-06-23 04:56:40.063000+00:00,2026-06-23 05:17:47+00:00,5.802876,21.115616666666664,26.39814814814815,68.0,22.084408701202666,1317.0579268292684,3181.5,609.8257539253159,0.0121951219512195,0.2787732351481333,0.8,1.187,High,2026-06-23 04:56:40.063000+00:00,2026-06-23 13:56:40.063000+09:00,13,1,0,validation,0.7936995,0.006300497055053755,0.006300497055053755,5-20 km
VEH_09,VEH_09_FINAL_0092,Final,2026-06-23 04:59:47.063000+00:00,2026-06-23 05:10:26+00:00,2.5849009,10.64895,21.788732394366196,56.0,15.92050276380526,1217.448113207547,2115.75,472.30877971160606,0.0,0.1272439092467801,0.45,17.82,High,2026-06-23 04:59:47.063000+00:00,2026-06-23 13:59:47.063000+09:00,13,1,0,validation,0.40501451,0.04498548507690431,0.04498548507690431,1-5 km
VEH_02,VEH_02_FINAL_0059,Final,2026-06-23 05:03:22.063000+00:00,2026-06-23 05:18:53+00:00,2.9932685,15.515616666666666,16.651162790697676,61.0,14.63703022087054,1267.6778169014085,3272.0,564.9661771480576,0.0140845070422535,0.2346631014687432,0.61,1.7,High,2026-06-23 05:03:22.063000+00:00,2026-06-23 14:03:22.063000+09:00,14,1,0,validation,0.44455537,0.16544462800025939,0.16544462800025939,1-5 km
VEH_01,VEH_01_FINAL_0111,Final,2026-06-23 05:09:07.063000+00:00,2026-06-23 05:11:05.063000+00:00,0.41184002,1.9666666666666663,11.294117647058824,29.0,9.820534943392568,1063.9333333333334,1699.25,413.22594169399486,0.0,0.0568451546584431,0.05,0.867,High,2026-06-23 05:09:07.063000+00:00,2026-06-23 14:09:07.063000+09:00,14,1,0,validation,0.122702114,-0.07270211428403854,0.07270211428403854,0-0.5 km
VEH_09,VEH_09_FINAL_0093,Final,2026-06-23 05:15:39.063000+00:00,2026-06-23 05:30:18+00:00,3.555851,14.64895,19.515151515151516,59.0,16.973159819844167,1172.5576923076924,2101.75,460.920689461642,0.0,0.150232909076608,0.5,1.953,High,2026-06-23 05:15:39.063000+00:00,2026-06-23 14:15:39.063000+09:00,14,1,0,validation,0.4276947,0.07230529189109802,0.07230529189109802,1-5 km
VEH_01,VEH_01_FINAL_0112,Final,2026-06-23 05:18:02.063000+00:00,2026-06-23 05:24:37+00:00,1.4211588,6.582283333333334,14.150943396226417,30.0,9.417759671132574,1164.859375,2076.5,446.4959403576469,0.0,0.2173384861655778,0.36,0.37,High,2026-06-23 05:18:02.063000+00:00,2026-06-23 14:18:02.063000+09:00,14,1,0,validation,0.26075745,0.09924255371093749,0.09924255371093749,1-5 km
VEH_06,VEH_06_FINAL_0093,Final,2026-06-23 05:19:56+00:00,2026-06-23 05:21:40+00:00,0.31795606,1.7333333333333334,14.0,27.0,8.740709353364863,1333.0,1333.0,0.0,0.0,0.0143136649160745,2.91,8.853,High,2026-06-23 05:19:56+00:00,2026-06-23 14:19:56+09:00,14,1,0,validation,3.1899102,-0.27991017341613755,0.27991017341613755,0-0.5 km
VEH_02,VEH_02_FINAL_0060,Final,2026-06-23 05:21:00.063000+00:00,2026-06-23 05:40:24.127000+00:00,11.065669,19.40106666666667,36.03921568627451,97.0,27.610948466176335,1467.251497005988,3412.0,617.9940794685965,0.0179640718562874,0.1457987712613713,1.52,17.436,High,2026-06-23 05:21:00.063000+00:00,2026-06-23 14:21:00.063000+09:00,14,1,0,validation,1.2995951,0.2204048824310303,0.2204048824310303,5-20 km
VEH_08,VEH_08_FINAL_0039,Final,2026-06-23 05:26:55.063000+00:00,2026-06-23 05:36:12+00:00,2.6263592,9.282283333333334,16.036585365853657,38.0,12.178995434915324,1235.875,2205.0,477.7734351731403,0.0,0.1107384064003149,0.34,3.023,High,2026-06-23 05:26:55.063000+00:00,2026-06-23 14:26:55.063000+09:00,14,1,0,validation,0.396581,-0.056580994129180884,0.056580994129180884,1-5 km
VEH_07,VEH_07_FINAL_0050,Final,2026-06-23 05:27:28+00:00,2026-06-23 05:47:49+00:00,7.865017,20.35,26.60810810810811,74.0,18.366992697365276,1482.398288973384,3327.75,694.1307834625289,0.0076045627376425,0.1505904083623617,3.99,18.747,High,2026-06-23 05:27:28+00:00,2026-06-23 14:27:28+09:00,14,1,0,validation,1.1317425,2.858257522583008,2.858257522583008,5-20 km
VEH_10,VEH_10_FINAL_0062,Final,2026-06-23 05:27:30.063000+00:00,2026-06-23 05:37:25+00:00,4.905081,9.915616666666669,33.62352941176471,93.0,23.544189477055436,1554.95,3189.25,744.4086243455271,0.0133333333333333,0.1922425986034156,0.65,1.407,High,2026-06-23 05:27:30.063000+00:00,2026-06-23 14:27:30.063000+09:00,14,1,0,validation,0.85891575,-0.2089157462120056,0.2089157462120056,1-5 km
VEH_08,VEH_08_FINAL_0040,Final,2026-06-23 05:37:24.063000+00:00,2026-06-23 05:45:10+00:00,2.2442675,7.765616666666667,15.705882352941176,56.0,16.403364214538023,1312.6375,2172.5,551.5343001289675,0.0,0.2889771960845075,0.41,6.173,High,2026-06-23 05:37:24.063000+00:00,2026-06-23 14:37:24.063000+09:00,14,1,0,validation,0.3392284,0.07077160835266111,0.07077160835266111,1-5 km
VEH_11,VEH_11_FINAL_0037,Final,2026-06-23 05:37:54.253000+00:00,2026-06-23 06:02:50+00:00,24.952517,24.92911666666667,36.24271844660194,94.0,30.07546044145273,1089.2045454545455,1635.0,427.3040551055441,0.0,0.1613798853400842,6.06,27.807,High,2026-06-23 05:37:54.253000+00:00,2026-06-23 14:37:54.253000+09:00,14,1,0,validation,6.152593,-0.09259313583374063,0.09259313583374063,20-50 km
VEH_09,VEH_09_FINAL_0094,Final,2026-06-23 05:38:57.063000+00:00,2026-06-23 05:42:15+00:00,0.65989816,3.29895,9.844444444444443,37.0,11.220924017320016,1148.940476190476,1954.0,463.9939058556716,0.0,0.0996440380165372,0.11,8.71,High,2026-06-23 05:38:57.063000+00:00,2026-06-23 14:38:57.063000+09:00,14,1,0,validation,0.136347,-0.026346995830535888,0.026346995830535888,0.5-1 km
VEH_10,VEH_10_FINAL_0063,Final,2026-06-23 05:48:23.063000+00:00,2026-06-23 05:56:42+00:00,2.9073343,8.315616666666667,26.43076923076923,78.0,18.409002171403685,1309.0696721311476,2804.0,615.1147502754667,0.0,0.1461992845712134,0.38,18.557,High,2026-06-23 05:48:23.063000+00:00,2026-06-23 14:48:23.063000+09:00,14,1,0,validation,0.450121,-0.07012098550796508,0.07012098550796508,1-5 km
VEH_02,VEH_02_FINAL_0061,Final,2026-06-23 05:50:01.063000+00:00,2026-06-23 06:05:24+00:00,6.471606,15.382283333333334,26.921739130434784,80.0,21.427794962978,1390.1106870229007,2814.5,584.518304293139,0.0,0.1336743121575414,0.95,19.543,High,2026-06-23 05:50:01.063000+00:00,2026-06-23 14:50:01.063000+09:00,14,1,0,validation,0.7040446,0.24595541954040523,0.24595541954040523,5-20 km
VEH_03,VEH_03_FINAL_0035,Final,2026-06-23 05:52:25.063000+00:00,2026-06-23 05:59:03.127000+00:00,1.2254356,6.6344,13.86,45.0,14.827015883177571,1154.3145161290322,1968.25,459.26864620400136,0.0,0.3192728367394722,0.23,16.34,High,2026-06-23 05:52:25.063000+00:00,2026-06-23 14:52:25.063000+09:00,14,1,0,validation,0.26075745,-0.03075744628906249,0.03075744628906249,1-5 km
VEH_01,VEH_01_FINAL_0114,Final,2026-06-23 05:54:25.063000+00:00,2026-06-23 06:01:15+00:00,1.0642719,6.832283333333334,11.924528301886792,41.0,11.7551258295293,1227.6145833333333,2102.0,475.24833409298736,0.0,0.2591884233662982,0.23,17.93,High,2026-06-23 05:54:25.063000+00:00,2026-06-23 14:54:25.063000+09:00,14,1,0,validation,0.25073093,-0.020730931758880605,0.020730931758880605,1-5 km
VEH_05,VEH_05_FINAL_0059,Final,2026-06-23 06:01:51.063000+00:00,2026-06-23 06:03:39+00:00,0.37891883,1.79895,12.615384615384617,29.0,9.45058778423097,922.5416666666666,1660.75,440.36879470192054,0.0,0.0455526609601786,0.25,29.263,High,2026-06-23 06:01:51.063000+00:00,2026-06-23 15:01:51.063000+09:00,15,1,0,validation,-0.016147137,0.2661471366882324,0.2661471366882324,0-0.5 km
VEH_10,VEH_10_FINAL_0064,Final,2026-06-23 06:04:48.063000+00:00,2026-06-23 06:07:28+00:00,0.5601724,2.6656166666666667,16.0,31.0,10.46784397933775,1179.9137931034484,2380.25,508.109890350325,0.0,0.0919812060496948,0.11,1.487,High,2026-06-23 06:04:48.063000+00:00,2026-06-23 15:04:48.063000+09:00,15,1,0,validation,0.122043826,-0.012043825685977935,0.012043825685977935,0.5-1 km
VEH_10,VEH_10_FINAL_0065,Final,2026-06-23 06:11:19.127000+00:00,2026-06-23 06:19:21+00:00,1.7054728,8.031216666666667,19.057692307692307,50.0,16.218950764624864,1268.7267441860463,2611.75,577.1303302234412,0.0,0.3454795685873973,0.3,4.793,High,2026-06-23 06:11:19.127000+00:00,2026-06-23 15:11:19.127000+09:00,15,1,0,validation,0.29736,0.0026399970054626354,0.0026399970054626354,1-5 km
VEH_09,VEH_09_FINAL_0095,Final,2026-06-23 06:11:49.063000+00:00,2026-06-23 06:25:41+00:00,2.6331801,13.865616666666666,19.254545454545458,50.0,15.969537116099495,1130.596590909091,1925.0,445.3833582888463,0.0,0.2627144747509345,0.35,2.31,High,2026-06-23 06:11:49.063000+00:00,2026-06-23 15:11:49.063000+09:00,15,1,0,validation,0.41498458,-0.06498458385467532,0.06498458385467532,1-5 km
VEH_01,VEH_01_FINAL_0115,Final,2026-06-23 06:11:51.063000+00:00,2026-06-23 06:15:29+00:00,0.63467485,3.6322833333333335,12.225806451612904,36.0,9.28303925974801,1051.625,1574.5,337.3440714899914,0.0,0.0373338870431893,0.06,7.567,High,2026-06-23 06:11:51.063000+00:00,2026-06-23 15:11:51.063000+09:00,15,1,0,validation,0.16278617,-0.10278617084026337,0.10278617084026337,0.5-1 km
VEH_03,VEH_03_FINAL_0037,Final,2026-06-23 06:15:33.063000+00:00,2026-06-23 06:17:15+00:00,0.29936367,1.69895,10.904761904761903,30.0,9.51642570909078,1077.1153846153843,1759.25,397.6983251664968,0.0,0.0474329294569215,0.05,1.0,High,2026-06-23 06:15:33.063000+00:00,2026-06-23 15:15:33.063000+09:00,15,1,0,validation,0.042095076,0.007904923707246783,0.007904923707246783,0-0.5 km
VEH_01,VEH_01_FINAL_0116,Final,2026-06-23 06:19:48.063000+00:00,2026-06-23 06:28:29.063000+00:00,2.0170114,8.683333333333334,16.545454545454547,62.0,16.692569403127756,1261.88125,2379.25,502.4371664307265,0.0,0.2514139076663081,0.31,0.684,High,2026-06-23 06:19:48.063000+00:00,2026-06-23 15:19:48.063000+09:00,15,1,0,validation,0.33763587,-0.027635874748229983,0.027635874748229983,1-5 km
VEH_11,VEH_11_FINAL_0038,Final,2026-06-23 06:21:32.047000+00:00,2026-06-23 07:48:14+00:00,85.93677,86.69921666666667,48.26347305389221,99.0,28.802903128963575,1088.2569444444443,1691.75,382.5628964542189,0.0,0.1433428127662882,18.98,15.593,High,2026-06-23 06:21:32.047000+00:00,2026-06-23 15:21:32.047000+09:00,15,1,0,validation,18.673841,0.30615852355957074,0.30615852355957074,50+ km
VEH_10,VEH_10_FINAL_0066,Final,2026-06-23 06:22:33.063000+00:00,2026-06-23 06:30:06.063000+00:00,1.946996,7.55,15.53623188405797,47.0,13.568484061027071,1212.7833333333333,2488.5,492.4264654635135,0.0,0.1925329373335394,0.24,0.91,High,2026-06-23 06:22:33.063000+00:00,2026-06-23 15:22:33.063000+09:00,15,1,0,validation,0.3085531,-0.06855309963226319,0.06855309963226319,1-5 km
VEH_09,VEH_09_FINAL_0096,Final,2026-06-23 06:28:22.063000+00:00,2026-06-23 06:31:12+00:00,0.8726932,2.8322833333333337,18.4,36.0,10.507140429250958,1159.048387096774,1878.25,416.3212615516763,0.0,0.0116951091563279,0.11,2.21,High,2026-06-23 06:28:22.063000+00:00,2026-06-23 15:28:22.063000+09:00,15,1,0,validation,0.12798935,-0.017989351749420165,0.017989351749420165,0.5-1 km
VEH_10,VEH_10_FINAL_0067,Final,2026-06-23 06:31:51.063000+00:00,2026-06-23 06:36:30+00:00,1.846914,4.64895,24.844444444444445,55.0,15.26354488541688,1280.7554347826087,2276.75,575.1781021172884,0.0,0.1136876230851886,0.22,12.747,High,2026-06-23 06:31:51.063000+00:00,2026-06-23 15:31:51.063000+09:00,15,1,0,validation,0.28665528,-0.06665527701377869,0.06665527701377869,1-5 km
VEH_09,VEH_09_FINAL_0097,Final,2026-06-23 06:36:57.063000+00:00,2026-06-23 06:47:53+00:00,3.758761,10.932283333333334,21.53125,59.0,18.354979527024813,1203.223404255319,2214.0,481.6445819087225,0.0,0.0813837184830647,0.48,17.243,High,2026-06-23 06:36:57.063000+00:00,2026-06-23 15:36:57.063000+09:00,15,1,0,validation,0.62990475,-0.14990474700927736,0.14990474700927736,1-5 km
VEH_10,VEH_10_FINAL_0068,Final,2026-06-23 06:38:56.063000+00:00,2026-06-23 06:47:47+00:00,1.9554813,8.84895,18.32075471698113,61.0,19.03896063528447,1329.5428571428572,2360.5,577.0835619292751,0.0,0.3420275881068105,0.33,2.5,High,2026-06-23 06:38:56.063000+00:00,2026-06-23 15:38:56.063000+09:00,15,1,0,validation,0.3413744,-0.011374397277832016,0.011374397277832016,1-5 km
VEH_01,VEH_01_FINAL_0118,Final,2026-06-23 06:48:09.063000+00:00,2026-06-23 06:55:52.127000+00:00,1.0179554,7.717733333333333,13.422222222222222,42.0,12.175547240977874,1140.3306451612902,2057.0,449.9053502032614,0.0,0.2829858127325043,0.23,0.4,High,2026-06-23 06:48:09.063000+00:00,2026-06-23 15:48:09.063000+09:00,15,1,0,validation,0.25502637,-0.02502637028694152,0.02502637028694152,1-5 km
VEH_10,VEH_10_FINAL_0069,Final,2026-06-23 06:50:16.063000+00:00,2026-06-23 06:51:25.063000+00:00,0.11451601,1.15,4.1875,14.0,4.693329708213562,969.0,1710.75,327.3735182548299,0.0,0.1000102921500301,0.03,15.987,High,2026-06-23 06:50:16.063000+00:00,2026-06-23 15:50:16.063000+09:00,15,1,0,validation,0.22804557,-0.19804556787014008,0.19804556787014008,0-0.5 km
VEH_09,VEH_09_FINAL_0098,Final,2026-06-23 06:52:57.063000+00:00,2026-06-23 07:05:07+00:00,3.2660787,12.165616666666669,18.391752577319583,51.0,14.103122927561683,1154.59375,2305.5,452.4669751559453,0.0,0.1719042480893732,0.42,18.37,High,2026-06-23 06:52:57.063000+00:00,2026-06-23 15:52:57.063000+09:00,15,1,0,validation,0.42073965,-0.0007396507263183749,0.0007396507263183749,1-5 km
VEH_01,VEH_01_FINAL_0119,Final,2026-06-23 06:58:23.063000+00:00,2026-06-23 07:19:13+00:00,5.6126857,20.832283333333333,16.89142857142857,54.0,14.674163328372597,1201.2151162790697,2082.25,478.53967817656206,0.0,0.2387943793576919,0.72,2.13,High,2026-06-23 06:58:23.063000+00:00,2026-06-23 15:58:23.063000+09:00,15,1,0,validation,0.68464535,0.03535464525222776,0.03535464525222776,5-20 km
VEH_10,VEH_10_FINAL_0070,Final,2026-06-23 07:05:18.063000+00:00,2026-06-23 07:18:26+00:00,2.376481,13.132283333333334,18.094594594594593,50.0,14.501788257779944,1251.9884615384617,2775.0,601.8366559489269,0.0,0.2810476200750098,0.41,17.45,High,2026-06-23 07:05:18.063000+00:00,2026-06-23 16:05:18.063000+09:00,16,1,0,validation,0.36704835,0.042951647043228125,0.042951647043228125,1-5 km
VEH_03,VEH_03_FINAL_0038,Final,2026-06-23 07:18:27.127000+00:00,2026-06-23 07:20:44.127000+00:00,0.36592895,2.283333333333333,8.625,23.0,9.049919428738948,1024.84375,1812.25,484.0033806296579,0.0,0.2746927970881526,0.06,15.263,High,2026-06-23 07:18:27.127000+00:00,2026-06-23 16:18:27.127000+09:00,16,1,0,validation,0.23570266,-0.17570266366004944,0.17570266366004944,0-0.5 km
VEH_09,VEH_09_FINAL_0100,Final,2026-06-23 07:20:21.063000+00:00,2026-06-23 07:26:11+00:00,0.5000582,5.832283333333334,11.79310344827586,37.0,7.787608682342639,1103.1931818181818,1992.75,430.8491709813662,0.0,0.127068477612293,0.19,18.727,High,2026-06-23 07:20:21.063000+00:00,2026-06-23 16:20:21.063000+09:00,16,1,0,validation,0.20917237,-0.01917236804962158,0.01917236804962158,0.5-1 km
VEH_10,VEH_10_FINAL_0071,Final,2026-06-23 07:21:06.063000+00:00,2026-06-23 07:47:21.063000+00:00,7.071636,26.25,26.29032258064516,79.0,20.554559259384636,1338.9981343283582,3306.25,627.5024272239051,0.0074626865671641,0.2630975305287448,1.05,15.94,High,2026-06-23 07:21:06.063000+00:00,2026-06-23 16:21:06.063000+09:00,16,1,0,validation,0.9411305,0.108869481086731,0.108869481086731,5-20 km
VEH_09,VEH_09_FINAL_0101,Final,2026-06-23 07:31:04.063000+00:00,2026-06-23 07:42:48+00:00,2.991536,11.732283333333331,19.338028169014084,61.0,17.856188939295706,1239.0277777777778,2198.0,516.8128643216953,0.0,0.2417557493787836,0.55,1.847,High,2026-06-23 07:31:04.063000+00:00,2026-06-23 16:31:04.063000+09:00,16,1,0,validation,0.4276947,0.12230529189109807,0.12230529189109807,1-5 km
VEH_09,VEH_09_FINAL_0102,Final,2026-06-23 07:44:04.063000+00:00,2026-06-23 08:01:45+00:00,5.919957,17.68228333333333,23.0188679245283,70.0,20.49527379116973,1194.3575581395348,2525.5,510.7414547838612,0.0,0.1715829604178326,0.61,17.163,High,2026-06-23 07:44:04.063000+00:00,2026-06-23 16:44:04.063000+09:00,16,1,0,validation,0.68949836,-0.07949836492538453,0.07949836492538453,5-20 km
VEH_03,VEH_03_FINAL_0040,Final,2026-06-23 07:57:03+00:00,2026-06-23 08:27:50+00:00,21.007318,30.783333333333335,35.94705882352941,97.0,23.600414194946037,1235.5855704697988,2408.5,475.04795569631887,0.0,0.0396856138187917,2.6,2.95,High,2026-06-23 07:57:03+00:00,2026-06-23 16:57:03+09:00,16,1,0,validation,1.8053875,0.7946125030517579,0.7946125030517579,20-50 km
VEH_02,VEH_02_FINAL_0068,Final,2026-06-23 08:02:27+00:00,2026-06-23 08:30:55.063000+00:00,12.153998,28.467716666666668,29.564766839378237,99.0,26.87694472197543,1361.293352601156,2982.75,585.155896918579,0.0,0.1502933015883639,2.02,0.084,High,2026-06-23 08:02:27+00:00,2026-06-23 17:02:27+09:00,17,1,0,validation,1.6330752,0.3869247627258301,0.3869247627258301,5-20 km
VEH_09,VEH_09_FINAL_0103,Final,2026-06-23 08:05:21.063000+00:00,2026-06-23 08:12:28+00:00,1.8019283,7.115616666666667,20.366197183098592,52.0,15.26501979037549,1257.5858208955224,2331.5,485.01935173009787,0.0,0.0886845697824416,0.35,1.277,High,2026-06-23 08:05:21.063000+00:00,2026-06-23 17:05:21.063000+09:00,17,1,0,validation,0.3202475,0.02975249886512754,0.02975249886512754,1-5 km
VEH_12,VEH_12_FINAL_0090,Final,2026-06-23 08:25:15.063000+00:00,2026-06-23 09:07:02+00:00,39.690693,41.78228333333333,37.30275229357798,90.0,30.03713438339557,1144.2272727272727,1837.0,461.8303869405443,0.0,0.1407571299635646,10.3,18.353,High,2026-06-23 08:25:15.063000+00:00,2026-06-23 17:25:15.063000+09:00,17,1,0,validation,10.46674,-0.16673965454101491,0.16673965454101491,20-50 km
VEH_03,VEH_03_FINAL_0041,Final,2026-06-23 08:30:05.063000+00:00,2026-06-23 08:36:45+00:00,1.0886214,6.665616666666667,15.482142857142858,58.0,14.260323417776744,1262.168918918919,2079.5,507.59280223947,0.0,0.305453190112012,0.29,17.827,High,2026-06-23 08:30:05.063000+00:00,2026-06-23 17:30:05.063000+09:00,17,1,0,validation,0.31053317,-0.02053316593170168,0.02053316593170168,1-5 km
VEH_10,VEH_10_FINAL_0074,Final,2026-06-23 08:33:39.063000+00:00,2026-06-23 08:54:00.127000+00:00,5.326297,20.351066666666668,25.0,70.0,21.93459452056521,1354.551282051282,3036.25,590.5694562255667,0.0128205128205128,0.221161903682652,0.03,15.776,High,2026-06-23 08:33:39.063000+00:00,2026-06-23 17:33:39.063000+09:00,17,1,0,validation,0.802234,-0.7722339940071106,0.7722339940071106,5-20 km
VEH_04,VEH_04_FINAL_0063,Final,2026-06-23 08:44:51+00:00,2026-06-23 09:01:51.063000+00:00,3.1428666,17.00105,15.176470588235292,48.0,13.82765895765205,1226.821428571429,2317.5,449.4054911693862,0.0,0.2558301944030133,1.14,3.687,High,2026-06-23 08:44:51+00:00,2026-06-23 17:44:51+09:00,17,1,0,validation,0.4929515,0.647048487663269,0.647048487663269,1-5 km
VEH_11,VEH_11_FINAL_0039,Final,2026-06-23 08:54:18+00:00,2026-06-23 10:40:37+00:00,85.75651,106.31666666666666,36.14655172413793,96.0,25.270520616863525,1085.08125,1785.5,378.887500017183,0.0,0.0494976229245895,21.46,4.573,High,2026-06-23 08:54:18+00:00,2026-06-23 17:54:18+09:00,17,1,0,validation,21.117971,0.3420285797119149,0.3420285797119149,50+ km
VEH_12,VEH_12_FINAL_0092,Final,2026-06-23 09:49:55.063000+00:00,2026-06-23 10:25:45.063000+00:00,39.453545,35.833333333333336,47.41935483870968,94.0,30.76491598392145,1123.453125,1840.25,437.2290073107963,0.0,0.012253089495279,10.16,0.294,High,2026-06-23 09:49:55.063000+00:00,2026-06-23 18:49:55.063000+09:00,18,1,0,validation,13.324874,-3.164873924255371,3.164873924255371,20-50 km
VEH_05,VEH_05_FINAL_0064,Final,2026-06-23 10:11:47.127000+00:00,2026-06-23 10:13:34+00:00,0.40189028,1.781216666666667,14.043478260869565,34.0,11.180255347747284,1028.725,1721.25,499.5661298817204,0.0,0.0748284592867294,0.25,12.627,High,2026-06-23 10:11:47.127000+00:00,2026-06-23 19:11:47.127000+09:00,19,1,0,validation,0.23055479,0.019445210695266724,0.019445210695266724,0-0.5 km
VEH_11,VEH_11_FINAL_0041,Final,2026-06-23 10:51:57.463000+00:00,2026-06-23 10:53:55+00:00,0.41380757,1.95895,9.5,29.0,8.930285549745875,858.0833333333334,1410.25,494.17069981490766,0.0,0.0820612893899971,0.2,7.157,High,2026-06-23 10:51:57.463000+00:00,2026-06-23 19:51:57.463000+09:00,19,1,0,validation,0.2902226,-0.09022258520126342,0.09022258520126342,0-0.5 km
VEH_05,VEH_05_FINAL_0065,Final,2026-06-23 11:01:52.063000+00:00,2026-06-23 11:03:14.063000+00:00,0.10029669,1.3666666666666667,3.1,12.0,4.182104733265297,725.7083333333334,1434.0,383.7235174539374,0.0,0.4419148910100106,0.1,0.354,High,2026-06-23 11:01:52.063000+00:00,2026-06-23 20:01:52.063000+09:00,20,1,0,validation,0.3863877,-0.2863877058029175,0.2863877058029175,0-0.5 km
VEH_12,VEH_12_FINAL_0095,Final,2026-06-23 15:01:53.127000+00:00,2026-06-23 15:02:56+00:00,0.1,1.0478833333333333,5.0,13.0,5.440588203494177,784.1875,1260.5,402.5259842156155,0.0,0.0174112894800988,0.11,4.82,High,2026-06-23 15:01:53.127000+00:00,2026-06-24 00:01:53.127000+09:00,0,2,0,validation,-0.26357102,0.37357102394104,0.37357102394104,0-0.5 km
VEH_06,VEH_06_FINAL_0104,Final,2026-06-23 15:17:57+00:00,2026-06-23 15:56:04+00:00,42.513035,38.11666666666667,42.17021276595744,89.0,28.751184359646647,1124.35,1833.5,431.1476815817677,0.0,0.0358284439772129,12.69,14.243,High,2026-06-23 15:17:57+00:00,2026-06-24 00:17:57+09:00,0,2,0,validation,13.72185,-1.0318503952026372,1.0318503952026372,20-50 km
VEH_12,VEH_12_FINAL_0097,Final,2026-06-23 16:00:26+00:00,2026-06-23 16:52:47.063000+00:00,62.504757,52.35105,38.41346153846154,91.0,30.71945342591535,1141.8425925925926,1808.25,417.2756835189913,0.0,0.1236030953906884,17.36,0.187,High,2026-06-23 16:00:26+00:00,2026-06-24 01:00:26+09:00,1,2,0,validation,15.253225,2.1067746734619135,2.1067746734619135,50+ km
VEH_06,VEH_06_FINAL_0106,Final,2026-06-23 16:40:09+00:00,2026-06-23 17:13:08+00:00,31.657879,32.983333333333334,46.22727272727273,89.0,31.307756544260897,1134.625,1860.25,426.3693298042523,0.0,0.1980402464504805,7.91,6.147,High,2026-06-23 16:40:09+00:00,2026-06-24 01:40:09+09:00,1,2,0,validation,8.027705,-0.11770519256591783,0.11770519256591783,20-50 km
VEH_12,VEH_12_FINAL_0100,Final,2026-06-23 17:43:32.063000+00:00,2026-06-23 17:44:09+00:00,0.105799116,0.6156166666666666,7.0,14.0,5.830951894845301,624.125,1047.75,423.625,0.0,0.0,0.06,3.763,High,2026-06-23 17:43:32.063000+00:00,2026-06-24 02:43:32.063000+09:00,2,2,0,validation,2.1606588,-2.100658836364746,2.100658836364746,0-0.5 km
VEH_12,VEH_12_FINAL_0101,Final,2026-06-23 17:56:33.063000+00:00,2026-06-23 18:38:50+00:00,39.48606,42.28228333333333,37.67,89.0,30.914739203169734,1123.5576923076924,1585.25,401.98410145855746,0.0,0.0628354284762373,8.84,3.773,High,2026-06-23 17:56:33.063000+00:00,2026-06-24 02:56:33.063000+09:00,2,2,0,validation,9.743487,-0.9034873580932619,0.9034873580932619,20-50 km
VEH_06,VEH_06_FINAL_0108,Final,2026-06-23 18:38:56+00:00,2026-06-23 18:45:41+00:00,3.6396363,6.75,25.285714285714285,86.0,23.410707475208778,1042.25,1403.0,343.2190809089728,0.0,0.1607597281936429,14.38,7.2,High,2026-06-23 18:38:56+00:00,2026-06-24 03:38:56+09:00,3,2,0,validation,11.0536375,3.326362495422364,3.326362495422364,1-5 km
VEH_06,VEH_06_FINAL_0109,Final,2026-06-23 19:00:47.063000+00:00,2026-06-23 19:34:28+00:00,32.764244,33.68228333333333,40.982608695652175,95.0,31.681288568627068,991.8666666666668,1481.0,393.921278796778,0.0,0.0966095696489241,8.120000000000001,7.89,High,2026-06-23 19:00:47.063000+00:00,2026-06-24 04:00:47.063000+09:00,4,2,0,validation,8.678971,-0.5589712905883779,0.5589712905883779,20-50 km
VEH_05,VEH_05_FINAL_0073,Final,2026-06-23 19:46:10+00:00,2026-06-23 20:14:02+00:00,32.266872,27.866666666666667,55.6625,99.0,27.49451934022488,1190.7096774193549,1822.25,392.4450295221869,0.0,0.0,66.41,7.64,High,2026-06-23 19:46:10+00:00,2026-06-24 04:46:10+09:00,4,2,0,validation,17.467571,48.942428741455075,48.942428741455075,20-50 km
VEH_06,VEH_06_FINAL_0111,Final,2026-06-23 20:00:48+00:00,2026-06-23 20:35:26.127000+00:00,32.669727,34.63545,38.01449275362319,93.0,30.844628289345916,1012.491935483871,1499.0,363.7215374291194,0.0,0.3108327342586913,8.06,0.146,High,2026-06-23 20:00:48+00:00,2026-06-24 05:00:48+09:00,5,2,0,validation,9.000434,-0.9404339218139643,0.9404339218139643,20-50 km
VEH_05,VEH_05_FINAL_0074,Final,2026-06-23 20:18:45.063000+00:00,2026-06-23 20:42:09+00:00,24.925808,23.39895,42.189189189189186,90.0,29.714258873875128,1163.6597222222222,1797.5,449.1240979858345,0.0,0.0568241612194526,5.99,19.063,High,2026-06-23 20:18:45.063000+00:00,2026-06-24 05:18:45.063000+09:00,5,2,0,validation,6.422036,-0.43203617095947244,0.43203617095947244,20-50 km
VEH_05,VEH_05_FINAL_0077,Final,2026-06-24 00:12:32+00:00,2026-06-24 01:43:43+00:00,77.87014,91.18333333333334,42.06336633663366,90.0,25.221630363097624,1146.872159090909,1858.0,424.29854545325446,0.0,0.0371505367548215,24.94,18.003,High,2026-06-24 00:12:32+00:00,2026-06-24 09:12:32+09:00,9,2,0,validation,20.784029,4.1559709930419935,4.1559709930419935,50+ km
VEH_09,VEH_09_FINAL_0105,Final,2026-06-24 00:45:05.063000+00:00,2026-06-24 00:59:50+00:00,3.1333833,14.74895,18.939393939393938,62.0,16.909036602497782,1201.6631944444443,2136.0,452.3774775801067,0.0,0.1846386074658326,0.5,3.197,High,2026-06-24 00:45:05.063000+00:00,2026-06-24 09:45:05.063000+09:00,9,2,0,validation,0.4217633,0.07823669910430908,0.07823669910430908,1-5 km
VEH_01,VEH_01_FINAL_0121,Final,2026-06-24 00:46:17.127000+00:00,2026-06-24 00:53:53+00:00,1.0028989,7.597883333333333,17.972972972972972,65.0,18.31036700369712,1146.8125,2185.75,470.7459132523085,0.0,0.2534757793063076,0.28,2.167,High,2026-06-24 00:46:17.127000+00:00,2026-06-24 09:46:17.127000+09:00,9,2,0,validation,0.27552882,0.0044711816310882835,0.0044711816310882835,1-5 km
VEH_04,VEH_04_FINAL_0065,Final,2026-06-24 00:47:52.063000+00:00,2026-06-24 00:49:33+00:00,0.1,1.6822833333333334,4.071428571428571,19.0,5.909608226249444,1047.75,1776.0,372.2934270616839,0.0,0.4587450887010358,0.05,4.883,High,2026-06-24 00:47:52.063000+00:00,2026-06-24 09:47:52.063000+09:00,9,2,0,validation,-0.005314507,0.055314507056027654,0.055314507056027654,0-0.5 km
VEH_01,VEH_01_FINAL_0122,Final,2026-06-24 00:56:29.063000+00:00,2026-06-24 01:58:05+00:00,32.696575,61.598949999999995,33.212025316455694,110.0,30.273792521248676,1257.2487046632125,2740.0,516.6616726649198,0.0,0.1239998049677612,3.39,19.243,High,2026-06-24 00:56:29.063000+00:00,2026-06-24 09:56:29.063000+09:00,9,2,0,validation,3.3875794,0.0024205589294434837,0.0024205589294434837,20-50 km
VEH_09,VEH_09_FINAL_0106,Final,2026-06-24 01:08:08.063000+00:00,2026-06-24 01:16:24+00:00,1.2343156,8.265616666666666,13.021739130434783,49.0,12.5913861695636,1194.372641509434,2017.0,459.08809998078345,0.0,0.2777765728249396,0.23,1.593,High,2026-06-24 01:08:08.063000+00:00,2026-06-24 10:08:08.063000+09:00,10,2,0,validation,0.2733105,-0.04331051230430602,0.04331051230430602,1-5 km
VEH_09,VEH_09_FINAL_0107,Final,2026-06-24 01:18:27.063000+00:00,2026-06-24 01:19:38+00:00,0.2219451,1.1822833333333334,11.5,23.0,7.697402159170326,1023.6428571428572,1735.0,407.9519263769861,0.0,0.008320251177394,0.03,1.757,High,2026-06-24 01:18:27.063000+00:00,2026-06-24 10:18:27.063000+09:00,10,2,0,validation,0.49162313,-0.4616231334209442,0.4616231334209442,0-0.5 km
VEH_09,VEH_09_FINAL_0108,Final,2026-06-24 01:23:08.063000+00:00,2026-06-24 01:30:44+00:00,3.3703487,7.59895,28.692307692307693,69.0,21.817017406618856,1225.542372881356,2128.0,493.0353584987213,0.0,0.106451430980726,0.34,2.763,High,2026-06-24 01:23:08.063000+00:00,2026-06-24 10:23:08.063000+09:00,10,2,0,validation,0.45389944,-0.11389944314956663,0.11389944314956663,1-5 km
VEH_09,VEH_09_FINAL_0109,Final,2026-06-24 01:33:29.063000+00:00,2026-06-24 01:39:46+00:00,1.7166516,6.282283333333334,20.327272727272728,59.0,14.757499844245046,1195.4407894736842,1956.5,465.36318384213905,0.0,0.0871045940035539,0.29,1.573,High,2026-06-24 01:33:29.063000+00:00,2026-06-24 10:33:29.063000+09:00,10,2,0,validation,0.2831801,0.0068199121952056685,0.0068199121952056685,1-5 km
VEH_06,VEH_06_FINAL_0115,Final,2026-06-24 01:41:50.063000+00:00,2026-06-24 02:18:21+00:00,41.458305,36.515616666666666,49.74038461538461,94.0,28.302281503681105,856.5,1316.0,360.8639084428736,0.0,0.0466578660786497,8.94,16.687,High,2026-06-24 01:41:50.063000+00:00,2026-06-24 10:41:50.063000+09:00,10,2,0,validation,9.903681,-0.9636808013916021,0.9636808013916021,20-50 km
VEH_03,VEH_03_FINAL_0042,Final,2026-06-24 01:45:32.063000+00:00,2026-06-24 02:25:31+00:00,23.536285,39.982283333333335,34.263888888888886,98.0,24.830346421165004,1294.4713855421687,2345.0,489.8767328758741,0.0,0.0856024578306802,2.65,0.86,High,2026-06-24 01:45:32.063000+00:00,2026-06-24 10:45:32.063000+09:00,10,2,0,validation,2.4351585,0.21484150886535636,0.21484150886535636,20-50 km
VEH_09,VEH_09_FINAL_0111,Final,2026-06-24 01:56:26.063000+00:00,2026-06-24 02:10:07+00:00,3.0616276,13.682283333333334,18.39080459770115,60.0,15.82327423128979,1164.3516949152545,2091.5,472.0161366968422,0.0,0.1891787118568975,0.45,0.8,High,2026-06-24 01:56:26.063000+00:00,2026-06-24 10:56:26.063000+09:00,10,2,0,validation,0.42043325,0.029566746950149547,0.029566746950149547,1-5 km
VEH_08,VEH_08_FINAL_0043,Final,2026-06-24 01:57:24.063000+00:00,2026-06-24 02:28:50+00:00,26.532743,31.43228333333333,46.55769230769231,99.0,31.93728638036148,1379.6824324324325,2883.5,619.1702280758699,0.0,0.1690612661319152,2.44,23.38,High,2026-06-24 01:57:24.063000+00:00,2026-06-24 10:57:24.063000+09:00,10,2,0,validation,2.4523363,-0.012336311340332085,0.012336311340332085,20-50 km
VEH_02,VEH_02_FINAL_0073,Final,2026-06-24 01:58:40.063000+00:00,2026-06-24 02:09:31+00:00,2.947993,10.84895,19.68,67.0,14.942476367724328,1315.013888888889,2723.75,589.1653316358178,0.0,0.1312297932771746,0.49,1.297,High,2026-06-24 01:58:40.063000+00:00,2026-06-24 10:58:40.063000+09:00,10,2,0,validation,0.43112683,0.05887316703796386,0.05887316703796386,1-5 km
VEH_07,VEH_07_FINAL_0058,Final,2026-06-24 02:03:35.063000+00:00,2026-06-24 02:24:53+00:00,10.313343,21.29895,27.66906474820144,89.0,22.76194871264863,1280.5747422680413,2545.25,534.9929799676107,0.0,0.1291340008977384,1.38,17.993,High,2026-06-24 02:03:35.063000+00:00,2026-06-24 11:03:35.063000+09:00,11,2,0,validation,1.0841215,0.2958785343170165,0.2958785343170165,5-20 km
VEH_10,VEH_10_FINAL_0077,Final,2026-06-24 02:08:08.063000+00:00,2026-06-24 03:04:46+00:00,23.713232,56.63228333333333,25.608465608465607,96.0,27.221512117886963,1335.0346441947563,3555.25,599.0148056014496,0.0074906367041198,0.1841323240599434,2.51,2.0,High,2026-06-24 02:08:08.063000+00:00,2026-06-24 11:08:08.063000+09:00,11,2,0,validation,2.6453075,-0.1353075408935549,0.1353075408935549,20-50 km
VEH_01,VEH_01_FINAL_0123,Final,2026-06-24 02:08:13.063000+00:00,2026-06-24 02:20:58.127000+00:00,2.497868,12.751066666666668,12.635294117647058,35.0,11.318747653468847,1135.8305084745762,1984.25,418.75414098807033,0.0,0.181466241768064,0.45,0.596,High,2026-06-24 02:08:13.063000+00:00,2026-06-24 11:08:13.063000+09:00,11,2,0,validation,0.34191886,0.10808114409446717,0.10808114409446717,1-5 km
VEH_02,VEH_02_FINAL_0074,Final,2026-06-24 02:11:33.063000+00:00,2026-06-24 02:28:55+00:00,8.306382,17.365616666666664,24.630434782608695,81.0,22.209175570495837,1541.2986725663716,3688.0,738.7016143644263,0.0442477876106194,0.157627278212606,1.3,3.207,High,2026-06-24 02:11:33.063000+00:00,2026-06-24 11:11:33.063000+09:00,11,2,0,validation,1.1248702,0.17512981891632085,0.17512981891632085,5-20 km
VEH_09,VEH_09_FINAL_0112,Final,2026-06-24 02:18:58.063000+00:00,2026-06-24 02:22:29+00:00,1.3478589,3.515616666666667,20.818181818181817,39.0,10.317547704450355,1189.638888888889,2078.0,489.12867699034064,0.0,0.0,0.17,1.317,High,2026-06-24 02:18:58.063000+00:00,2026-06-24 11:18:58.063000+09:00,11,2,0,validation,0.17981797,-0.009817974567413318,0.009817974567413318,1-5 km
VEH_09,VEH_09_FINAL_0113,Final,2026-06-24 02:25:18.063000+00:00,2026-06-24 02:28:08+00:00,0.41411427,2.8322833333333337,11.928571428571429,31.0,9.384366069725342,1157.88,1891.75,448.537022552208,0.0,0.1098511064970097,0.1,17.38,High,2026-06-24 02:25:18.063000+00:00,2026-06-24 11:25:18.063000+09:00,11,2,0,validation,0.1042954,-0.004295402765274042,0.004295402765274042,0-0.5 km
VEH_07,VEH_07_FINAL_0059,Final,2026-06-24 02:26:40.063000+00:00,2026-06-24 02:34:52+00:00,1.8625034,8.19895,14.03448275862069,58.0,14.99881089222533,1154.3783783783783,1979.0,446.2282950343492,0.0,0.2867952455707557,0.22,5.763,High,2026-06-24 02:26:40.063000+00:00,2026-06-24 11:26:40.063000+09:00,11,2,0,validation,0.3054265,-0.08542650818824768,0.08542650818824768,1-5 km
VEH_02,VEH_02_FINAL_0075,Final,2026-06-24 02:30:12.063000+00:00,2026-06-24 02:36:19+00:00,1.1391342,6.115616666666667,19.52542372881356,46.0,13.746316526284156,1320.1186440677966,2781.25,625.2942008514875,0.0,0.1096105411777331,0.43,16.86,High,2026-06-24 02:30:12.063000+00:00,2026-06-24 11:30:12.063000+09:00,11,2,0,validation,0.27201185,0.15798815369606017,0.15798815369606017,1-5 km
VEH_04,VEH_04_FINAL_0067,Final,2026-06-24 02:31:17+00:00,2026-06-24 03:19:06+00:00,24.576588,47.81666666666667,32.16428571428571,92.0,26.999367906433267,1425.0059760956176,3372.5,682.9647294534569,0.0318725099601593,0.1849929579018379,5.3,5.507,High,2026-06-24 02:31:17+00:00,2026-06-24 11:31:17+09:00,11,2,0,validation,2.6088722,2.691127824783325,2.691127824783325,20-50 km
VEH_09,VEH_09_FINAL_0114,Final,2026-06-24 02:32:35.063000+00:00,2026-06-24 02:39:14+00:00,0.92324275,6.64895,13.205128205128204,42.0,12.268741784859744,1136.258928571429,1929.5,429.0329838830184,0.0,0.2668049374634128,0.24,18.047,High,2026-06-24 02:32:35.063000+00:00,2026-06-24 11:32:35.063000+09:00,11,2,0,validation,0.24721761,-0.007217610478401193,0.007217610478401193,0.5-1 km
VEH_08,VEH_08_FINAL_0044,Final,2026-06-24 02:33:03.063000+00:00,2026-06-24 02:44:21.127000+00:00,3.0894856,11.301066666666664,16.543478260869566,49.0,13.152461369478123,1294.5,2718.0,561.368066899152,0.0,0.1683064006617556,0.49,0.84,High,2026-06-24 02:33:03.063000+00:00,2026-06-24 11:33:03.063000+09:00,11,2,0,validation,0.42385218,0.06614782452583312,0.06614782452583312,1-5 km
VEH_03,VEH_03_FINAL_0043,Final,2026-06-24 02:34:05.063000+00:00,2026-06-24 02:36:08+00:00,0.43541366,2.04895,11.37037037037037,31.0,10.705305531814236,1080.2380952380952,1852.25,434.0079031277245,0.0,0.1009079754601227,0.06,1.423,High,2026-06-24 02:34:05.063000+00:00,2026-06-24 11:34:05.063000+09:00,11,2,0,validation,0.111720614,-0.05172061413526535,0.05172061413526535,0-0.5 km
VEH_02,VEH_02_FINAL_0076,Final,2026-06-24 02:41:50.063000+00:00,2026-06-24 02:44:22+00:00,0.19137727,2.5322833333333334,15.34375,33.0,8.316434689065982,1217.8676470588234,2463.0,556.596171976748,0.0,0.0043828484530537,0.17,18.59,High,2026-06-24 02:41:50.063000+00:00,2026-06-24 11:41:50.063000+09:00,11,2,0,validation,0.073100686,0.09689931392669679,0.09689931392669679,0-0.5 km
VEH_09,VEH_09_FINAL_0115,Final,2026-06-24 02:44:37.127000+00:00,2026-06-24 02:57:11+00:00,4.255365,12.56455,21.023255813953487,78.0,19.900319469321868,1163.9828767123288,2318.25,466.77339389460593,0.0,0.1506690909306271,0.61,17.683,High,2026-06-24 02:44:37.127000+00:00,2026-06-24 11:44:37.127000+09:00,11,2,0,validation,0.66051316,-0.05051316261291505,0.05051316261291505,1-5 km
VEH_08,VEH_08_FINAL_0045,Final,2026-06-24 02:46:14.063000+00:00,2026-06-24 03:25:00+00:00,26.803522,38.765616666666666,35.84297520661157,93.0,27.187596912174666,1401.4368421052632,2938.25,561.8084198517707,0.0,0.1106297626327444,2.1,9.52,High,2026-06-24 02:46:14.063000+00:00,2026-06-24 11:46:14.063000+09:00,11,2,0,validation,2.4479382,-0.3479382038116454,0.3479382038116454,20-50 km
VEH_01,VEH_01_FINAL_0127,Final,2026-06-24 02:46:49.063000+00:00,2026-06-24 02:54:00+00:00,1.374217,7.182283333333333,12.703703703703704,54.0,12.989496653820575,1173.0555555555557,2026.5,460.6004903692517,0.0,0.1063174012762294,0.2,19.363,High,2026-06-24 02:46:49.063000+00:00,2026-06-24 11:46:49.063000+09:00,11,2,0,validation,0.26365796,-0.06365795731544494,0.06365795731544494,1-5 km
VEH_02,VEH_02_FINAL_0077,Final,2026-06-24 02:54:41.063000+00:00,2026-06-24 03:00:56+00:00,0.8802567,6.24895,14.48076923076923,41.0,11.576651542943909,1278.429347826087,2394.5,550.1836518061874,0.0,0.149254477241655,0.35,18.21,High,2026-06-24 02:54:41.063000+00:00,2026-06-24 11:54:41.063000+09:00,11,2,0,validation,0.24289389,0.10710611045360563,0.10710611045360563,0.5-1 km
VEH_03,VEH_03_FINAL_0044,Final,2026-06-24 02:57:13.063000+00:00,2026-06-24 03:33:17+00:00,23.652027,36.06561666666666,33.25229357798165,100.0,28.83479707337015,1293.8265765765766,2328.0,525.3599418116613,0.0,0.1578563552231641,2.6,19.537,High,2026-06-24 02:57:13.063000+00:00,2026-06-24 11:57:13.063000+09:00,11,2,0,validation,2.471366,0.12863407135009775,0.12863407135009775,20-50 km
VEH_01,VEH_01_FINAL_0128,Final,2026-06-24 03:00:50.063000+00:00,2026-06-24 03:04:25+00:00,0.38870972,3.5822833333333337,11.482758620689657,29.0,8.491865030743053,1018.7954545454544,1586.5,322.3483667164972,0.0,0.0293907412857923,0.06,1.603,High,2026-06-24 03:00:50.063000+00:00,2026-06-24 12:00:50.063000+09:00,12,2,0,validation,0.0607941,-0.0007941001653671287,0.0007941001653671287,0-0.5 km
VEH_09,VEH_09_FINAL_0116,Final,2026-06-24 03:01:33.063000+00:00,2026-06-24 03:20:47+00:00,4.2533855,19.23228333333333,13.427586206896551,71.0,14.709483137540996,1146.5242718446602,2416.5,468.2532099042513,0.0,0.1932743635274132,0.87,17.457,High,2026-06-24 03:01:33.063000+00:00,2026-06-24 12:01:33.063000+09:00,12,2,0,validation,0.64244246,0.22755753517150878,0.22755753517150878,1-5 km
VEH_01,VEH_01_FINAL_0129,Final,2026-06-24 03:07:40.063000+00:00,2026-06-24 03:10:43.127000+00:00,0.5754719,3.0510666666666664,9.806451612903226,35.0,10.443146710422134,1078.25,1758.5,436.5853295748725,0.0,0.1195440310111473,0.09,16.35,High,2026-06-24 03:07:40.063000+00:00,2026-06-24 12:07:40.063000+09:00,12,2,0,validation,0.15048033,-0.060480329990386966,0.060480329990386966,0.5-1 km
VEH_01,VEH_01_FINAL_0130,Final,2026-06-24 03:15:24.063000+00:00,2026-06-24 03:20:10+00:00,1.073408,4.765616666666667,12.466666666666669,36.0,10.527424503014338,1098.7285714285715,1830.75,400.53262472536215,0.0,0.0730480003649417,0.18,1.87,High,2026-06-24 03:15:24.063000+00:00,2026-06-24 12:15:24.063000+09:00,12,2,0,validation,0.23952803,-0.05952803015708924,0.05952803015708924,1-5 km
VEH_07,VEH_07_FINAL_0060,Final,2026-06-24 03:23:55.063000+00:00,2026-06-24 03:50:23+00:00,10.713741,26.465616666666666,25.196202531645568,78.0,23.108291804808857,1259.7326732673268,2434.25,504.02916098235465,0.0,0.1611709856918233,1.2,17.87,High,2026-06-24 03:23:55.063000+00:00,2026-06-24 12:23:55.063000+09:00,12,2,0,validation,1.1990908,0.0009091615676879439,0.0009091615676879439,5-20 km
VEH_01,VEH_01_FINAL_0131,Final,2026-06-24 03:24:44.063000+00:00,2026-06-24 03:36:15+00:00,2.199306,11.515616666666666,13.46774193548387,54.0,12.308818949574434,1138.59375,2072.75,439.5538446615737,0.0,0.1672540381791483,0.34,1.343,High,2026-06-24 03:24:44.063000+00:00,2026-06-24 12:24:44.063000+09:00,12,2,0,validation,0.34191886,-0.0019188559055328125,0.0019188559055328125,1-5 km
VEH_09,VEH_09_FINAL_0117,Final,2026-06-24 03:30:08.127000+00:00,2026-06-24 03:37:51+00:00,2.6104965,7.71455,18.0,62.0,17.06882619239551,1162.8333333333333,2003.5,441.6454051486202,0.0,0.0928245212849963,0.35,2.103,High,2026-06-24 03:30:08.127000+00:00,2026-06-24 12:30:08.127000+09:00,12,2,0,validation,0.38549015,-0.03549014925956728,0.03549014925956728,1-5 km
VEH_01,VEH_01_FINAL_0133,Final,2026-06-24 03:39:15.063000+00:00,2026-06-24 03:43:49+00:00,0.60436237,4.565616666666667,9.548387096774194,32.0,9.6012052659983,1111.3823529411766,1785.75,435.37680703081327,0.0,0.2985152418244751,0.12,4.89,High,2026-06-24 03:39:15.063000+00:00,2026-06-24 12:39:15.063000+09:00,12,2,0,validation,0.23957163,-0.11957163095474244,0.11957163095474244,0.5-1 km
VEH_09,VEH_09_FINAL_0118,Final,2026-06-24 03:40:31.063000+00:00,2026-06-24 03:48:50+00:00,3.7581887,8.315616666666667,20.584615384615383,77.0,21.021521797867653,1171.2314814814815,2167.0,475.68032870829063,0.0,0.1122017684774042,0.34,18.323,High,2026-06-24 03:40:31.063000+00:00,2026-06-24 12:40:31.063000+09:00,12,2,0,validation,0.65725577,-0.3172557687759399,0.3172557687759399,1-5 km
VEH_02,VEH_02_FINAL_0078,Final,2026-06-24 03:44:25.063000+00:00,2026-06-24 04:06:54+00:00,9.418411,22.48228333333333,26.625,77.0,20.08773216905413,1331.106382978723,2564.75,540.8906882984593,0.0,0.1079183627948475,1.21,18.34,High,2026-06-24 03:44:25.063000+00:00,2026-06-24 12:44:25.063000+09:00,12,2,0,validation,1.0098686,0.2001313781738281,0.2001313781738281,5-20 km
VEH_01,VEH_01_FINAL_0134,Final,2026-06-24 03:49:19.063000+00:00,2026-06-24 03:53:30+00:00,0.89662814,4.182283333333333,13.958333333333334,30.0,9.57200417305012,1206.1354166666667,1930.5,451.0535409089403,0.0,0.049726297438112,0.26,8.13,High,2026-06-24 03:49:19.063000+00:00,2026-06-24 12:49:19.063000+09:00,12,2,0,validation,0.13390666,0.12609333753585816,0.12609333753585816,0.5-1 km
VEH_09,VEH_09_FINAL_0119,Final,2026-06-24 03:52:50.063000+00:00,2026-06-24 04:00:46+00:00,1.7260734,7.932283333333333,17.714285714285715,40.0,11.564592336886214,1103.5541666666666,1914.0,439.4390650108828,0.0,0.1740744545041013,0.27,2.933,High,2026-06-24 03:52:50.063000+00:00,2026-06-24 12:52:50.063000+09:00,12,2,0,validation,0.29438326,-0.024383257627487165,0.024383257627487165,1-5 km
VEH_01,VEH_01_FINAL_0135,Final,2026-06-24 03:56:43.063000+00:00,2026-06-24 04:00:06.063000+00:00,0.6203159,3.3833333333333333,8.421052631578947,22.0,8.67734976199339,1039.4545454545455,1668.0,352.76775482316293,0.0,0.1201992354665231,0.09,16.34,High,2026-06-24 03:56:43.063000+00:00,2026-06-24 12:56:43.063000+09:00,12,2,0,validation,0.08637276,0.0036272370815277066,0.0036272370815277066,0.5-1 km
VEH_01,VEH_01_FINAL_0136,Final,2026-06-24 04:04:35.063000+00:00,2026-06-24 04:12:19.063000+00:00,1.6417253,7.733333333333333,12.72222222222222,44.0,12.71834001902395,1119.3703703703704,1911.25,440.86667785239064,0.0,0.2341703499452578,0.27,0.92,High,2026-06-24 04:04:35.063000+00:00,2026-06-24 13:04:35.063000+09:00,13,2,0,validation,0.2679534,0.0020466041564941584,0.0020466041564941584,1-5 km
VEH_10,VEH_10_FINAL_0078,Final,2026-06-24 04:04:40.063000+00:00,2026-06-24 04:13:48+00:00,3.2353885,9.132283333333334,22.142857142857142,84.0,20.703544012894938,1333.2894736842106,2719.25,616.3414299803716,0.0,0.2200424274291516,0.4,16.013,High,2026-06-24 04:04:40.063000+00:00,2026-06-24 13:04:40.063000+09:00,13,2,0,validation,0.50193405,-0.10193405151367185,0.10193405151367185,1-5 km
VEH_11,VEH_11_FINAL_0048,Final,2026-06-24 04:12:18.860000+00:00,2026-06-24 06:00:38+00:00,125.687515,108.319,58.39329268292683,96.0,26.04465356656029,1126.311224489796,1760.25,407.71494434641295,0.0,0.0496224660758481,25.72,29.543,High,2026-06-24 04:12:18.860000+00:00,2026-06-24 13:12:18.860000+09:00,13,2,0,validation,26.520458,-0.800458221435548,0.800458221435548,50+ km
VEH_01,VEH_01_FINAL_0137,Final,2026-06-24 04:13:17.127000+00:00,2026-06-24 04:17:45+00:00,0.5136084,4.46455,8.151515151515152,25.0,7.232591270920449,1053.5833333333333,1684.0,367.21797568565,0.0,0.1578097608655219,0.11,18.337,High,2026-06-24 04:13:17.127000+00:00,2026-06-24 13:13:17.127000+09:00,13,2,0,validation,0.12758762,-0.017587616443634033,0.017587616443634033,0.5-1 km
VEH_10,VEH_10_FINAL_0080,Final,2026-06-24 04:24:26.063000+00:00,2026-06-24 04:33:19+00:00,2.1150515,8.882283333333334,16.361702127659573,58.0,16.376456286602934,1293.0449438202247,2636.25,584.6950726970707,0.0,0.2661539948705397,0.36,16.36,High,2026-06-24 04:24:26.063000+00:00,2026-06-24 13:24:26.063000+09:00,13,2,0,validation,0.352702,0.007298008203506456,0.007298008203506456,1-5 km
VEH_01,VEH_01_FINAL_0138,Final,2026-06-24 04:29:20.063000+00:00,2026-06-24 04:35:44+00:00,0.87194145,6.39895,11.9,55.0,14.20176045425355,1243.3369565217392,2723.25,571.1447772404105,0.0,0.2712256065400844,0.24,2.54,High,2026-06-24 04:29:20.063000+00:00,2026-06-24 13:29:20.063000+09:00,13,2,0,validation,0.240805,-0.000805000066757211,0.000805000066757211,0.5-1 km
VEH_10,VEH_10_FINAL_0081,Final,2026-06-24 04:36:16.063000+00:00,2026-06-24 04:44:38+00:00,0.7681792,8.365616666666666,12.173913043478262,33.0,9.390029435738354,1230.1866666666667,2878.75,540.9513673355694,0.0,0.2413104001510004,0.24,17.05,High,2026-06-24 04:36:16.063000+00:00,2026-06-24 13:36:16.063000+09:00,13,2,0,validation,0.25895312,-0.01895312428474427,0.01895312428474427,0.5-1 km
VEH_03,VEH_03_FINAL_0045,Final,2026-06-24 04:39:17.063000+00:00,2026-06-24 05:01:46+00:00,19.183887,22.48228333333333,48.916666666666664,99.0,27.29364496646711,1438.857142857143,2771.75,602.8981561878372,0.0,0.0772198188293219,2.03,3.697,High,2026-06-24 04:39:17.063000+00:00,2026-06-24 13:39:17.063000+09:00,13,2,0,validation,1.790569,0.23943105220794658,0.23943105220794658,5-20 km
VEH_01,VEH_01_FINAL_0139,Final,2026-06-24 04:41:34.063000+00:00,2026-06-24 04:49:47+00:00,1.064836,8.215616666666667,9.671875,42.0,12.586022365480485,1219.9375,2050.75,477.694141652114,0.0,0.264146248085758,0.25,17.953,High,2026-06-24 04:41:34.063000+00:00,2026-06-24 13:41:34.063000+09:00,13,2,0,validation,0.2568186,-0.006818592548370361,0.006818592548370361,1-5 km
VEH_08,VEH_08_FINAL_0047,Final,2026-06-24 04:45:07.063000+00:00,2026-06-24 05:24:04+00:00,21.35561,38.94895,32.16279069767442,96.0,27.530896160038036,1385.473404255319,2487.0,563.1811145812998,0.0,0.1750002598023423,1.93,5.78,High,2026-06-24 04:45:07.063000+00:00,2026-06-24 13:45:07.063000+09:00,13,2,0,validation,2.3907137,-0.46071369171142584,0.46071369171142584,20-50 km
VEH_10,VEH_10_FINAL_0082,Final,2026-06-24 04:47:22.127000+00:00,2026-06-24 04:49:59+00:00,0.675,2.61455,15.666666666666666,27.0,7.462498836776384,1175.65,2008.0,452.5395820625345,0.0,0.0,0.09,17.253,High,2026-06-24 04:47:22.127000+00:00,2026-06-24 13:47:22.127000+09:00,13,2,0,validation,0.53090626,-0.44090626001358035,0.44090626001358035,0.5-1 km
VEH_07,VEH_07_FINAL_0061,Final,2026-06-24 04:49:07.063000+00:00,2026-06-24 05:09:33.127000+00:00,11.61835,20.4344,32.68702290076336,85.0,23.19584194426433,1268.162946428571,2516.75,527.9352012179795,0.0,0.0733294529891474,1.44,0.326,High,2026-06-24 04:49:07.063000+00:00,2026-06-24 13:49:07.063000+09:00,13,2,0,validation,1.2567073,0.18329268932342524,0.18329268932342524,5-20 km
VEH_02,VEH_02_FINAL_0080,Final,2026-06-24 04:51:39.063000+00:00,2026-06-24 05:03:56+00:00,3.5978096,12.282283333333334,24.3,79.0,19.766891510806648,1343.1842105263158,2578.75,609.0258844323346,0.0,0.2077983588317553,0.63,1.32,High,2026-06-24 04:51:39.063000+00:00,2026-06-24 13:51:39.063000+09:00,13,2,0,validation,0.46130812,0.16869187831878663,0.16869187831878663,1-5 km
VEH_04,VEH_04_FINAL_0069,Final,2026-06-24 04:55:00.063000+00:00,2026-06-24 05:01:03+00:00,0.83052886,6.0489500000000005,11.680851063829786,31.0,8.739994602897022,1158.2659574468084,1886.5,419.5545237696439,0.0,0.122666055962232,0.16,5.45,High,2026-06-24 04:55:00.063000+00:00,2026-06-24 13:55:00.063000+09:00,13,2,0,validation,0.23947495,-0.07947495222091674,0.07947495222091674,0.5-1 km
VEH_10,VEH_10_FINAL_0083,Final,2026-06-24 04:55:18.063000+00:00,2026-06-24 04:58:05.063000+00:00,0.31730342,2.783333333333333,6.944444444444445,22.0,7.397238390268975,1245.55,2173.0,495.2779875988837,0.0,0.3597582722409352,0.07,0.864,High,2026-06-24 04:55:18.063000+00:00,2026-06-24 13:55:18.063000+09:00,13,2,0,validation,0.054164637,0.01583536311984063,0.01583536311984063,0-0.5 km
VEH_01,VEH_01_FINAL_0140,Final,2026-06-24 04:56:11.063000+00:00,2026-06-24 05:04:55+00:00,0.5565591,8.732283333333333,9.804347826086955,39.0,10.13092460095925,1124.425,1855.25,405.4305846360549,0.0,0.1414797009878969,0.21,18.763,High,2026-06-24 04:56:11.063000+00:00,2026-06-24 13:56:11.063000+09:00,13,2,0,validation,0.20207405,0.00792594909667968,0.00792594909667968,0.5-1 km
VEH_06,VEH_06_FINAL_0118,Final,2026-06-24 04:57:30.063000+00:00,2026-06-24 05:09:39+00:00,4.944616,12.14895,23.753246753246753,71.0,19.876995673166025,1002.7954545454544,1838.0,402.8528565993394,0.0,0.1135337147310437,1.97,7.897,High,2026-06-24 04:57:30.063000+00:00,2026-06-24 13:57:30.063000+09:00,13,2,0,validation,1.5610384,0.4089616250991821,0.4089616250991821,1-5 km
VEH_05,VEH_05_FINAL_0078,Final,2026-06-24 04:58:48.127000+00:00,2026-06-24 06:26:59+00:00,75.92829,88.18121666666666,42.43790849673203,102.0,25.775001839158435,1125.17700729927,1854.75,428.2850947783403,0.0,0.0800039570085498,22.26,7.857,High,2026-06-24 04:58:48.127000+00:00,2026-06-24 13:58:48.127000+09:00,13,2,0,validation,19.115974,3.1440255737304703,3.1440255737304703,50+ km
VEH_10,VEH_10_FINAL_0084,Final,2026-06-24 05:00:51.063000+00:00,2026-06-24 05:08:30+00:00,1.1959324,7.64895,12.642857142857142,43.0,12.629936900968625,1246.1142857142856,2509.5,558.1422880632588,0.0,0.3685151327381727,0.21,3.153,High,2026-06-24 05:00:51.063000+00:00,2026-06-24 14:00:51.063000+09:00,14,2,0,validation,0.26606065,-0.05606065034866334,0.05606065034866334,1-5 km
VEH_03,VEH_03_FINAL_0046,Final,2026-06-24 05:03:58.127000+00:00,2026-06-24 05:38:32+00:00,7.0313177,34.564550000000004,14.241379310344827,59.0,14.99805774187236,1214.1079881656806,2332.75,502.4316526966185,0.0,0.2564359590170501,1.09,2.98,High,2026-06-24 05:03:58.127000+00:00,2026-06-24 14:03:58.127000+09:00,14,2,0,validation,0.9257964,0.16420361042022713,0.16420361042022713,5-20 km
VEH_01,VEH_01_FINAL_0141,Final,2026-06-24 05:06:07.127000+00:00,2026-06-24 05:09:42.127000+00:00,0.25462547,3.5833333333333335,7.818181818181818,23.0,7.802309469500121,1113.25,1762.25,410.715466526943,0.0,0.2176009802176166,0.1,15.923,High,2026-06-24 05:06:07.127000+00:00,2026-06-24 14:06:07.127000+09:00,14,2,0,validation,0.12141688,-0.02141688168048858,0.02141688168048858,0-0.5 km
VEH_02,VEH_02_FINAL_0081,Final,2026-06-24 05:06:48.127000+00:00,2026-06-24 05:24:40+00:00,5.4107494,17.86455,24.525862068965516,89.0,23.039494279836745,1451.1155913978494,3306.25,672.9076776846998,0.010752688172043,0.2426951006624029,0.9,4.39,High,2026-06-24 05:06:48.127000+00:00,2026-06-24 14:06:48.127000+09:00,14,2,0,validation,0.8906302,0.009369814395904563,0.009369814395904563,5-20 km
VEH_09,VEH_09_FINAL_0121,Final,2026-06-24 05:13:13.063000+00:00,2026-06-24 05:25:03+00:00,3.9397888,11.832283333333333,23.397590361445783,63.0,15.38653750401034,1207.4071428571428,2230.75,476.3494668747271,0.0,0.0862104155872701,0.42,1.947,High,2026-06-24 05:13:13.063000+00:00,2026-06-24 14:13:13.063000+09:00,14,2,0,validation,0.63256866,-0.2125686573982239,0.2125686573982239,1-5 km
VEH_01,VEH_01_FINAL_0142,Final,2026-06-24 05:13:35.063000+00:00,2026-06-24 05:23:58+00:00,2.1966972,10.382283333333334,13.1044776119403,40.0,11.063094933300995,1116.5367647058824,2019.5,406.14695133021365,0.0,0.0753079176364648,0.32,1.613,High,2026-06-24 05:13:35.063000+00:00,2026-06-24 14:13:35.063000+09:00,14,2,0,validation,0.32182643,-0.0018264281749725275,0.0018264281749725275,1-5 km
VEH_07,VEH_07_FINAL_0062,Final,2026-06-24 05:14:22.063000+00:00,2026-06-24 05:21:17+00:00,1.3923829,6.915616666666667,13.666666666666666,49.0,15.16462370010585,1135.141304347826,1824.75,418.97787003200955,0.0,0.3127424823199078,0.2,1.853,High,2026-06-24 05:14:22.063000+00:00,2026-06-24 14:14:22.063000+09:00,14,2,0,validation,0.29601,-0.09600998759269713,0.09600998759269713,1-5 km
VEH_04,VEH_04_FINAL_0071,Final,2026-06-24 05:19:38+00:00,2026-06-24 05:23:31+00:00,0.5803688,3.8833333333333337,17.473684210526315,32.0,8.922876695990816,1206.1486486486488,1861.5,436.0430933462089,0.0,0.0320863515279105,0.31,7.717,High,2026-06-24 05:19:38+00:00,2026-06-24 14:19:38+09:00,14,2,0,validation,0.15180299,0.15819701313972473,0.15819701313972473,0.5-1 km
VEH_10,VEH_10_FINAL_0086,Final,2026-06-24 05:23:33.063000+00:00,2026-06-24 05:24:33+00:00,0.2090396,0.99895,13.1875,37.0,12.294402944022943,1195.671052631579,2044.25,500.0517674032384,0.0,0.0169537318473488,0.05,2.167,High,2026-06-24 05:23:33.063000+00:00,2026-06-24 14:23:33.063000+09:00,14,2,0,validation,0.014188547,0.035811453312635425,0.035811453312635425,0-0.5 km
VEH_01,VEH_01_FINAL_0143,Final,2026-06-24 05:27:45.063000+00:00,2026-06-24 05:38:04+00:00,1.6842258,10.315616666666669,10.0,29.0,8.870029275872696,1037.61,1651.25,346.38102632794426,0.0,0.0824215666929755,0.18,19.233,High,2026-06-24 05:27:45.063000+00:00,2026-06-24 14:27:45.063000+09:00,14,2,0,validation,0.166196,0.013803996443748467,0.013803996443748467,1-5 km
VEH_02,VEH_02_FINAL_0082,Final,2026-06-24 05:29:14.063000+00:00,2026-06-24 05:42:02.063000+00:00,5.004181,12.8,23.33684210526316,93.0,24.541097872029745,1389.830357142857,2758.25,607.3073109077606,0.0,0.3087299008985776,0.8,0.824,High,2026-06-24 05:29:14.063000+00:00,2026-06-24 14:29:14.063000+09:00,14,2,0,validation,0.80677754,-0.006777536869049028,0.006777536869049028,5-20 km
VEH_08,VEH_08_FINAL_0048,Final,2026-06-24 05:29:25.063000+00:00,2026-06-24 05:31:40+00:00,0.5534745,2.24895,14.26923076923077,28.0,9.76870077302501,1228.7307692307693,2256.25,498.0852082025499,0.0,0.0299537966605211,0.12,4.087,High,2026-06-24 05:29:25.063000+00:00,2026-06-24 14:29:25.063000+09:00,14,2,0,validation,0.069046326,0.05095367401838302,0.05095367401838302,0.5-1 km
VEH_10,VEH_10_FINAL_0087,Final,2026-06-24 05:31:32.063000+00:00,2026-06-24 05:40:06+00:00,2.00225,8.565616666666667,18.319444444444443,51.0,15.4072731642567,1263.9849397590365,2441.25,545.5582850563916,0.0,0.342091784829754,0.3,1.32,High,2026-06-24 05:31:32.063000+00:00,2026-06-24 14:31:32.063000+09:00,14,2,0,validation,0.33732948,-0.037329477071762096,0.037329477071762096,1-5 km
VEH_08,VEH_08_FINAL_0049,Final,2026-06-24 05:36:43.063000+00:00,2026-06-24 05:44:20+00:00,2.2188706,7.615616666666667,14.707692307692309,53.0,13.89379836963581,1242.5240384615386,2845.25,557.9475033454851,0.0,0.0991649315068493,0.31,5.417,High,2026-06-24 05:36:43.063000+00:00,2026-06-24 14:36:43.063000+09:00,14,2,0,validation,0.31639555,-0.00639555096626282,0.00639555096626282,1-5 km
VEH_09,VEH_09_FINAL_0123,Final,2026-06-24 05:36:59.063000+00:00,2026-06-24 05:42:12.127000+00:00,0.47999987,5.217733333333333,5.45,33.0,8.19740812696306,1042.9642857142858,1856.25,431.2944337751673,0.0,0.5011397580430446,0.13,15.213,High,2026-06-24 05:36:59.063000+00:00,2026-06-24 14:36:59.063000+09:00,14,2,0,validation,0.099948145,0.030051854550838475,0.030051854550838475,0-0.5 km
VEH_01,VEH_01_FINAL_0144,Final,2026-06-24 05:42:17.127000+00:00,2026-06-24 05:52:12+00:00,1.7327559,9.91455,11.125,32.0,10.341310764759626,1219.934523809524,2118.0,478.49900501067066,0.0,0.1892543469757849,0.47,1.72,High,2026-06-24 05:42:17.127000+00:00,2026-06-24 14:42:17.127000+09:00,14,2,0,validation,0.2770946,0.1929053974151611,0.1929053974151611,1-5 km
VEH_10,VEH_10_FINAL_0088,Final,2026-06-24 05:42:51.063000+00:00,2026-06-24 05:48:17+00:00,1.4739116,5.432283333333333,20.069767441860463,62.0,20.833107985080137,1526.1363636363635,2737.25,633.0954066370713,0.0,0.2483330723543099,0.24,2.647,High,2026-06-24 05:42:51.063000+00:00,2026-06-24 14:42:51.063000+09:00,14,2,0,validation,0.32981828,-0.0898182785511017,0.0898182785511017,1-5 km
VEH_02,VEH_02_FINAL_0083,Final,2026-06-24 05:45:04.063000+00:00,2026-06-24 05:55:30.127000+00:00,2.983207,10.4344,23.119402985074625,60.0,18.40953872484272,1371.804794520548,2528.75,586.726662758802,0.0,0.1243424528518595,0.48,17.653,High,2026-06-24 05:45:04.063000+00:00,2026-06-24 14:45:04.063000+09:00,14,2,0,validation,0.42934796,0.050652037858962995,0.050652037858962995,1-5 km
VEH_08,VEH_08_FINAL_0050,Final,2026-06-24 05:47:47.063000+00:00,2026-06-24 05:54:29.127000+00:00,1.9424868,6.701066666666667,17.6,50.0,14.512063946937388,1204.9575471698113,2436.25,539.2126329454327,0.0,0.1967292187634733,0.18,15.853,High,2026-06-24 05:47:47.063000+00:00,2026-06-24 14:47:47.063000+09:00,14,2,0,validation,0.32328585,-0.14328584790229798,0.14328584790229798,1-5 km
VEH_10,VEH_10_FINAL_0089,Final,2026-06-24 05:54:52.063000+00:00,2026-06-24 05:55:38.063000+00:00,0.11235967,0.7666666666666667,8.8,24.0,7.493997598078078,1206.2777777777778,2090.25,486.4731842050672,0.0,0.0222355635603584,0.02,0.234,High,2026-06-24 05:54:52.063000+00:00,2026-06-24 14:54:52.063000+09:00,14,2,0,validation,0.027846508,-0.007846507728099823,0.007846507728099823,0-0.5 km
VEH_03,VEH_03_FINAL_0047,Final,2026-06-24 05:55:52.063000+00:00,2026-06-24 06:01:47.063000+00:00,1.239498,5.916666666666667,16.75,55.0,14.863201967519403,1194.4264705882354,2110.0,521.6392732129469,0.0,0.3238885615137826,0.22,15.984,High,2026-06-24 05:55:52.063000+00:00,2026-06-24 14:55:52.063000+09:00,14,2,0,validation,0.27806997,-0.05806997299194336,0.05806997299194336,1-5 km
VEH_09,VEH_09_FINAL_0124,Final,2026-06-24 05:57:04.063000+00:00,2026-06-24 06:06:34+00:00,2.5703187,9.49895,20.11111111111111,49.0,12.453228192570217,1209.168181818182,2708.25,493.5898003738102,0.0,0.0721393763390956,0.31,17.95,High,2026-06-24 05:57:04.063000+00:00,2026-06-24 14:57:04.063000+09:00,14,2,0,validation,0.41824028,-0.1082402789592743,0.1082402789592743,1-5 km
VEH_08,VEH_08_FINAL_0051,Final,2026-06-24 05:58:04.063000+00:00,2026-06-24 06:05:06+00:00,1.2260518,7.032283333333334,11.59016393442623,40.0,11.818819459478531,1261.355,2379.75,528.6161936840376,0.0,0.3013365439246774,0.29,4.363,High,2026-06-24 05:58:04.063000+00:00,2026-06-24 14:58:04.063000+09:00,14,2,0,validation,0.26365796,0.026342042684555034,0.026342042684555034,1-5 km
VEH_02,VEH_02_FINAL_0084,Final,2026-06-24 05:59:47.063000+00:00,2026-06-24 06:05:30.127000+00:00,1.3263086,5.717733333333333,14.117647058823527,42.0,13.620410086860677,1275.75625,2188.25,541.6064717794992,0.0,0.2065053408478377,0.19,16.096,High,2026-06-24 05:59:47.063000+00:00,2026-06-24 14:59:47.063000+09:00,14,2,0,validation,0.24504685,-0.05504685401916504,0.05504685401916504,1-5 km
VEH_01,VEH_01_FINAL_0145,Final,2026-06-24 06:01:14.063000+00:00,2026-06-24 06:05:43+00:00,0.33046007,4.482283333333333,8.363636363636363,21.0,7.854040387801883,895.9166666666666,1150.25,180.36009505677492,0.0,0.3115239607587168,0.06,2.11,High,2026-06-24 06:01:14.063000+00:00,2026-06-24 15:01:14.063000+09:00,15,2,0,validation,0.4069511,-0.34695109963417053,0.34695109963417053,0-0.5 km
VEH_10,VEH_10_FINAL_0090,Final,2026-06-24 06:01:30.063000+00:00,2026-06-24 06:16:34+00:00,4.539429,15.065616666666669,20.721804511278197,59.0,15.504718361859435,1323.2323717948718,3581.5,590.6732788653372,0.0064102564102564,0.2149954386216479,0.58,1.84,High,2026-06-24 06:01:30.063000+00:00,2026-06-24 15:01:30.063000+09:00,15,2,0,validation,0.6557674,-0.0757673811912537,0.0757673811912537,1-5 km
VEH_01,VEH_01_FINAL_0146,Final,2026-06-24 06:06:02+00:00,2026-06-24 06:21:33+00:00,3.7042956,15.516666666666667,16.70886075949367,68.0,17.761537094743627,1111.696428571429,2017.25,399.45286719742654,0.0,0.2259384163564433,0.36,2.667,High,2026-06-24 06:06:02+00:00,2026-06-24 15:06:02+09:00,15,2,0,validation,0.56481177,-0.20481176614761354,0.20481176614761354,1-5 km
VEH_08,VEH_08_FINAL_0052,Final,2026-06-24 06:08:35.063000+00:00,2026-06-24 06:22:05.063000+00:00,4.2017045,13.5,17.861386138613863,55.0,15.151400747563676,1290.217032967033,2848.25,535.7790263923794,0.0,0.2025880584192439,0.6,14.967,High,2026-06-24 06:08:35.063000+00:00,2026-06-24 15:08:35.063000+09:00,15,2,0,validation,0.63194567,-0.031945669651031516,0.031945669651031516,1-5 km
VEH_02,VEH_02_FINAL_0085,Final,2026-06-24 06:11:42.063000+00:00,2026-06-24 06:14:41.127000+00:00,0.35160822,2.9844,13.857142857142858,53.0,13.141304256085862,1307.953125,2467.25,566.0376962570465,0.0,0.1352443872123621,0.16,15.92,High,2026-06-24 06:11:42.063000+00:00,2026-06-24 15:11:42.063000+09:00,15,2,0,validation,0.10771435,0.05228565245866776,0.05228565245866776,0-0.5 km
VEH_03,VEH_03_FINAL_0048,Final,2026-06-24 06:12:04.063000+00:00,2026-06-24 06:14:03+00:00,0.2416788,1.9822833333333336,12.095238095238097,28.0,8.234103078947896,1116.553571428571,1678.0,400.2548761478142,0.0,0.0321092016569225,0.06,6.84,High,2026-06-24 06:12:04.063000+00:00,2026-06-24 15:12:04.063000+09:00,15,2,0,validation,0.06075455,-0.0007545487582683585,0.0007545487582683585,0-0.5 km
VEH_09,VEH_09_FINAL_0125,Final,2026-06-24 06:13:28.127000+00:00,2026-06-24 06:19:13+00:00,1.5058899,5.747883333333333,15.044444444444444,39.0,9.818249573694796,1151.8490566037735,2039.75,422.9956491469188,0.0,0.1159505968179864,0.2,1.857,High,2026-06-24 06:13:28.127000+00:00,2026-06-24 15:13:28.127000+09:00,15,2,0,validation,0.24162792,-0.04162791669368743,0.04162791669368743,1-5 km
VEH_02,VEH_02_FINAL_0086,Final,2026-06-24 06:19:30.063000+00:00,2026-06-24 06:23:04+00:00,0.4954793,3.5656166666666667,11.54054054054054,50.0,11.502278492482557,1230.0,2247.5,536.4021812036189,0.0,0.1926519518252964,0.11,18.047,High,2026-06-24 06:19:30.063000+00:00,2026-06-24 15:19:30.063000+09:00,15,2,0,validation,0.13203079,-0.02203078508377075,0.02203078508377075,0-0.5 km
VEH_09,VEH_09_FINAL_0126,Final,2026-06-24 06:20:41.063000+00:00,2026-06-24 06:22:19.063000+00:00,0.37484163,1.6333333333333333,12.941176470588236,24.0,8.383952375785919,1077.7894736842106,1761.75,392.8886800217037,0.0,0.0,0.04,0.57,High,2026-06-24 06:20:41.063000+00:00,2026-06-24 15:20:41.063000+09:00,15,2,0,validation,0.053913556,-0.013913556039333343,0.013913556039333343,0-0.5 km
VEH_10,VEH_10_FINAL_0091,Final,2026-06-24 06:23:09.063000+00:00,2026-06-24 06:38:43.063000+00:00,5.3809457,15.566666666666666,23.574468085106385,61.0,16.376870925570955,1339.1123188405795,3067.25,580.8476837937258,0.0072463768115942,0.167290719938965,0.61,0.854,High,2026-06-24 06:23:09.063000+00:00,2026-06-24 15:23:09.063000+09:00,15,2,0,validation,0.6721123,-0.06211228609085084,0.06211228609085084,5-20 km
VEH_11,VEH_11_FINAL_0050,Final,2026-06-24 06:25:00+00:00,2026-06-24 07:58:05+00:00,85.7934,93.08333333333331,41.07309941520468,97.0,27.78979010811839,1103.41875,1707.5,381.3579821977475,0.0,0.1408400622167197,18.48,16.257,High,2026-06-24 06:25:00+00:00,2026-06-24 15:25:00+09:00,15,2,0,validation,19.47338,-0.9933791351318355,0.9933791351318355,50+ km
VEH_01,VEH_01_FINAL_0147,Final,2026-06-24 06:25:34.063000+00:00,2026-06-24 06:30:05+00:00,1.0236725,4.515616666666667,12.478260869565217,26.0,8.192624282096626,1028.8088235294117,1618.5,353.57793601115725,0.0,0.0704815659901525,0.14,4.983,High,2026-06-24 06:25:34.063000+00:00,2026-06-24 15:25:34.063000+09:00,15,2,0,validation,0.39413416,-0.25413416385650633,0.25413416385650633,1-5 km
VEH_09,VEH_09_FINAL_0127,Final,2026-06-24 06:27:34.063000+00:00,2026-06-24 06:33:10+00:00,2.995746,5.59895,23.37837837837838,71.0,18.74343323039393,1252.03,2014.5,452.04686880897646,0.0,0.138143219196159,0.34,2.847,High,2026-06-24 06:27:34.063000+00:00,2026-06-24 15:27:34.063000+09:00,15,2,0,validation,0.38993394,-0.0499339437484741,0.0499339437484741,1-5 km
VEH_09,VEH_09_FINAL_0128,Final,2026-06-24 06:34:54.063000+00:00,2026-06-24 06:43:18+00:00,2.4393268,8.398950000000001,18.850574712643677,53.0,13.300703235778816,1152.9134615384614,2155.5,457.9116332057935,0.0,0.1425095613963707,0.27,25.357,High,2026-06-24 06:34:54.063000+00:00,2026-06-24 15:34:54.063000+09:00,15,2,0,validation,0.36136305,-0.09136305332183836,0.09136305332183836,1-5 km
VEH_08,VEH_08_FINAL_0053,Final,2026-06-24 06:35:18.063000+00:00,2026-06-24 06:44:09+00:00,3.2651157,8.84895,19.38571428571429,51.0,13.257119765989742,1176.7429577464789,1948.25,445.4571851745643,0.0,0.0461777499163516,0.27,11.323,High,2026-06-24 06:35:18.063000+00:00,2026-06-24 15:35:18.063000+09:00,15,2,0,validation,0.4012385,-0.1312385010719299,0.1312385010719299,1-5 km
VEH_12,VEH_12_FINAL_0110,Final,2026-06-24 06:36:37+00:00,2026-06-24 07:14:52+00:00,41.25306,38.25,45.21487603305785,89.0,28.607115398636633,1100.7163461538462,1857.5,416.0013233523184,0.0,0.032450594408644,10.95,29.297,High,2026-06-24 06:36:37+00:00,2026-06-24 15:36:37+09:00,15,2,0,validation,10.095975,0.8540250778198235,0.8540250778198235,20-50 km
VEH_01,VEH_01_FINAL_0148,Final,2026-06-24 06:44:53.063000+00:00,2026-06-24 06:51:56+00:00,2.3870814,7.0489500000000005,21.163265306122447,61.0,18.389601030812763,1250.0735294117646,2271.5,502.551144344196,0.0,0.1575365368611863,0.28,1.773,High,2026-06-24 06:44:53.063000+00:00,2026-06-24 15:44:53.063000+09:00,15,2,0,validation,0.35615134,-0.07615134239196775,0.07615134239196775,1-5 km
VEH_09,VEH_09_FINAL_0129,Final,2026-06-24 06:47:52.063000+00:00,2026-06-24 06:51:23.127000+00:00,0.5275513,3.517733333333333,15.566666666666666,37.0,11.692400190817205,1207.9166666666667,2271.5,507.75062727184246,0.0,0.1073863474283758,0.14,0.24,High,2026-06-24 06:47:52.063000+00:00,2026-06-24 15:47:52.063000+09:00,15,2,0,validation,0.13674372,0.0032562756538391247,0.0032562756538391247,0.5-1 km
VEH_08,VEH_08_FINAL_0054,Final,2026-06-24 06:48:03.063000+00:00,2026-06-24 06:53:46.063000+00:00,0.8532414,5.716666666666667,9.77777777777778,40.0,11.220296864539506,1239.2045454545455,2509.75,559.8709908032164,0.0,0.3386312141809943,0.14,0.48,High,2026-06-24 06:48:03.063000+00:00,2026-06-24 15:48:03.063000+09:00,15,2,0,validation,0.22646587,-0.08646586596965788,0.08646586596965788,0.5-1 km
VEH_10,VEH_10_FINAL_0092,Final,2026-06-24 06:53:51.063000+00:00,2026-06-24 07:01:47.127000+00:00,2.457939,7.9344,18.534246575342465,58.0,16.099929542754726,1303.607142857143,2846.0,577.3762582604395,0.0,0.1749185148040936,0.29,0.28,High,2026-06-24 06:53:51.063000+00:00,2026-06-24 15:53:51.063000+09:00,15,2,0,validation,0.35989034,-0.06989034175872805,0.06989034175872805,1-5 km
VEH_09,VEH_09_FINAL_0130,Final,2026-06-24 06:54:27.063000+00:00,2026-06-24 07:04:11+00:00,2.6883016,9.732283333333331,16.205479452054796,55.0,15.367604160923657,1160.7598039215686,1962.0,437.8916425214777,0.0,0.2313732011664578,0.29,18.003,High,2026-06-24 06:54:27.063000+00:00,2026-06-24 15:54:27.063000+09:00,15,2,0,validation,0.39494455,-0.10494454860687258,0.10494454860687258,1-5 km
VEH_01,VEH_01_FINAL_0149,Final,2026-06-24 06:55:26.063000+00:00,2026-06-24 07:03:36+00:00,2.587624,8.165616666666667,18.26315789473684,67.0,18.89168230209103,1188.057142857143,1986.75,496.52773295339375,0.0,0.1560895821783603,0.35,5.793,High,2026-06-24 06:55:26.063000+00:00,2026-06-24 15:55:26.063000+09:00,15,2,0,validation,0.3897333,-0.03973331451416018,0.03973331451416018,1-5 km
VEH_08,VEH_08_FINAL_0055,Final,2026-06-24 06:59:27.063000+00:00,2026-06-24 07:05:13+00:00,1.3796457,5.765616666666667,13.46341463414634,44.0,13.1503455597286,1151.8387096774193,2081.75,454.01489667717584,0.0,0.184527711214508,0.16,1.523,High,2026-06-24 06:59:27.063000+00:00,2026-06-24 15:59:27.063000+09:00,15,2,0,validation,0.24162792,-0.08162791669368744,0.08162791669368744,1-5 km
VEH_10,VEH_10_FINAL_0093,Final,2026-06-24 07:06:30.063000+00:00,2026-06-24 07:17:02+00:00,4.4058785,10.532283333333334,27.98611111111111,84.0,21.209597575649276,1440.9772727272727,2755.25,619.8850546815611,0.0,0.1807394903976316,0.5,16.743,High,2026-06-24 07:06:30.063000+00:00,2026-06-24 16:06:30.063000+09:00,16,2,0,validation,0.73444265,-0.23444265127182007,0.23444265127182007,1-5 km
VEH_09,VEH_09_FINAL_0131,Final,2026-06-24 07:13:30.063000+00:00,2026-06-24 07:16:19+00:00,0.10315885,2.8156166666666667,7.9,21.0,7.034912934784622,1102.809523809524,1935.25,415.3306478604176,0.0,0.1418226533679464,0.1,20.347,High,2026-06-24 07:13:30.063000+00:00,2026-06-24 16:13:30.063000+09:00,16,2,0,validation,0.17535481,-0.07535480856895446,0.07535480856895446,0-0.5 km
VEH_03,VEH_03_FINAL_0049,Final,2026-06-24 07:15:21.063000+00:00,2026-06-24 07:16:56+00:00,0.14691947,1.5822833333333333,11.9375,30.0,10.383091724048285,1130.125,1918.5,439.4412315454057,0.0,0.0723365456993522,0.05,17.473,High,2026-06-24 07:15:21.063000+00:00,2026-06-24 16:15:21.063000+09:00,16,2,0,validation,0.09048829,-0.04048829227685928,0.04048829227685928,0-0.5 km
VEH_09,VEH_09_FINAL_0132,Final,2026-06-24 07:17:22.063000+00:00,2026-06-24 07:28:15+00:00,1.592248,10.882283333333334,13.06896551724138,55.0,12.035190836462682,1159.2978723404256,2189.5,462.17234695873515,0.0,0.0902380919043151,0.34,17.363,High,2026-06-24 07:17:22.063000+00:00,2026-06-24 16:17:22.063000+09:00,16,2,0,validation,0.26658034,0.07341965675354006,0.07341965675354006,1-5 km
VEH_01,VEH_01_FINAL_0150,Final,2026-06-24 07:17:30.063000+00:00,2026-06-24 07:21:12+00:00,0.8776249,3.69895,14.933333333333334,39.0,10.6299367615972,1047.8875,1719.5,359.68371066639924,0.0,0.0655069731182552,0.08,1.43,High,2026-06-24 07:17:30.063000+00:00,2026-06-24 16:17:30.063000+09:00,16,2,0,validation,0.22892632,-0.14892631590366362,0.14892631590366362,0.5-1 km
VEH_10,VEH_10_FINAL_0094,Final,2026-06-24 07:20:31.063000+00:00,2026-06-24 07:29:03.127000+00:00,3.1697311,8.5344,23.53012048192771,65.0,19.524675366782805,1364.4733333333334,2554.5,637.513289499826,0.0,0.2521879299369597,0.43,0.014,High,2026-06-24 07:20:31.063000+00:00,2026-06-24 16:20:31.063000+09:00,16,2,0,validation,0.46063453,-0.030634529590606696,0.030634529590606696,1-5 km
VEH_01,VEH_01_FINAL_0151,Final,2026-06-24 07:25:15.063000+00:00,2026-06-24 07:33:22+00:00,1.1230788,8.115616666666666,11.411764705882351,43.0,13.477907079318893,1109.8369565217392,1991.25,385.5269305479109,0.0,0.3864201490665083,0.2,1.953,High,2026-06-24 07:25:15.063000+00:00,2026-06-24 16:25:15.063000+09:00,16,2,0,validation,0.25501546,-0.05501546263694762,0.05501546263694762,1-5 km
VEH_02,VEH_02_FINAL_0088,Final,2026-06-24 07:27:39+00:00,2026-06-24 07:30:12+00:00,0.48808283,2.55,15.6,39.0,14.029967925836466,1178.7083333333333,2203.75,490.8220022036728,0.0,0.0255777838677263,1.06,1.177,High,2026-06-24 07:27:39+00:00,2026-06-24 16:27:39+09:00,16,2,0,validation,0.076355815,0.9836441850662232,0.9836441850662232,0-0.5 km
VEH_03,VEH_03_FINAL_0050,Final,2026-06-24 07:28:31.127000+00:00,2026-06-24 07:28:53.187000+00:00,0.12425623,0.3676666666666666,8.142857142857142,21.0,8.935140440635365,1241.875,1612.75,370.875,0.0,0.0234921226810851,0.01,15.816,High,2026-06-24 07:28:31.127000+00:00,2026-06-24 16:28:31.127000+09:00,16,2,0,validation,0.064574555,-0.05457455456256866,0.05457455456256866,0-0.5 km
VEH_09,VEH_09_FINAL_0133,Final,2026-06-24 07:30:51.063000+00:00,2026-06-24 07:46:04+00:00,5.91173,15.215616666666667,22.80952380952381,68.0,18.67674654960024,1241.7083333333333,2248.0,493.2497749880821,0.0,0.1576518488552389,0.81,1.467,High,2026-06-24 07:30:51.063000+00:00,2026-06-24 16:30:51.063000+09:00,16,2,0,validation,0.6518267,0.15817332029342657,0.15817332029342657,5-20 km
VEH_02,VEH_02_FINAL_0089,Final,2026-06-24 07:51:46.063000+00:00,2026-06-24 08:01:11+00:00,0.81309396,9.415616666666669,14.97222222222222,37.0,13.951276546751934,1175.6358695652175,2131.0,469.3320928009713,0.0,0.2070210346787947,0.26,16.907,High,2026-06-24 07:51:46.063000+00:00,2026-06-24 16:51:46.063000+09:00,16,2,0,validation,0.2625913,-0.0025913023948669345,0.0025913023948669345,0.5-1 km
VEH_03,VEH_03_FINAL_0052,Final,2026-06-24 07:52:25.063000+00:00,2026-06-24 08:29:43+00:00,22.01904,37.29895,33.81025641025641,93.0,24.9682854722032,1285.37,2865.0,507.673226363836,0.0,0.0992154849967411,2.09,18.077,High,2026-06-24 07:52:25.063000+00:00,2026-06-24 16:52:25.063000+09:00,16,2,0,validation,2.2166033,-0.12660327911376967,0.12660327911376967,20-50 km
VEH_09,VEH_09_FINAL_0134,Final,2026-06-24 07:54:33.063000+00:00,2026-06-24 07:58:32+00:00,1.1963226,3.9822833333333336,16.157894736842106,34.0,10.345419316346,1163.428571428571,1886.75,446.300245556367,0.0,0.0760336487907465,0.13,2.287,High,2026-06-24 07:54:33.063000+00:00,2026-06-24 16:54:33.063000+09:00,16,2,0,validation,0.21308278,-0.08308277547359466,0.08308277547359466,1-5 km
VEH_10,VEH_10_FINAL_0096,Final,2026-06-24 08:05:24.063000+00:00,2026-06-24 08:12:15+00:00,1.6944536,6.84895,23.724137931034484,62.0,16.3177427270169,1325.8480392156862,2630.0,553.4974783371348,0.0,0.1581042937346496,0.32,0.81,High,2026-06-24 08:05:24.063000+00:00,2026-06-24 17:05:24.063000+09:00,17,2,0,validation,0.32515472,-0.005154721736907952,0.005154721736907952,1-5 km
VEH_09,VEH_09_FINAL_0135,Final,2026-06-24 08:06:51.063000+00:00,2026-06-24 08:17:49+00:00,2.8912368,10.965616666666667,22.06756756756757,63.0,14.254758409966676,1189.201612903226,1978.25,466.0354557818382,0.0,0.1160474290763753,0.55,18.397,High,2026-06-24 08:06:51.063000+00:00,2026-06-24 17:06:51.063000+09:00,17,2,0,validation,0.45713955,0.09286044836044316,0.09286044836044316,1-5 km
VEH_02,VEH_02_FINAL_0090,Final,2026-06-24 08:09:14.063000+00:00,2026-06-24 08:36:30.127000+00:00,12.912994,27.267733333333336,30.25,90.0,23.944675817392056,1468.2790404040404,3358.25,640.2338637999007,0.0101010101010101,0.1230636744139368,1.6,16.596,High,2026-06-24 08:09:14.063000+00:00,2026-06-24 17:09:14.063000+09:00,17,2,0,validation,1.5927192,0.007280802726745694,0.007280802726745694,5-20 km
VEH_12,VEH_12_FINAL_0112,Final,2026-06-24 09:11:31+00:00,2026-06-24 09:16:50+00:00,3.7610471,5.316666666666666,36.861111111111114,75.0,22.583367500315823,1305.05,1747.0,371.8598660786077,0.0,0.0,11.14,25.12,High,2026-06-24 09:11:31+00:00,2026-06-24 18:11:31+09:00,18,2,0,validation,2.2949035,8.845096483230591,8.845096483230591,1-5 km
VEH_05,VEH_05_FINAL_0081,Final,2026-06-24 10:30:31.063000+00:00,2026-06-24 10:34:06+00:00,0.7346231,3.5822833333333337,9.058823529411764,27.0,9.686076047819997,925.35,1443.5,396.6703480221328,0.0,0.196133996741091,0.27,7.07,High,2026-06-24 10:30:31.063000+00:00,2026-06-24 19:30:31.063000+09:00,19,2,0,validation,1.5149587,-1.2449587392807007,1.2449587392807007,0.5-1 km
VEH_12,VEH_12_FINAL_0115,Final,2026-06-24 11:06:21.063000+00:00,2026-06-24 11:09:32+00:00,0.7083778,3.182283333333334,7.923076923076923,29.0,9.643343965670658,791.0,1336.5,413.67453994656233,0.0,0.0767727557170617,0.29,6.647,High,2026-06-24 11:06:21.063000+00:00,2026-06-24 20:06:21.063000+09:00,20,2,0,validation,0.5948866,-0.30488660097122194,0.30488660097122194,0.5-1 km
VEH_06,VEH_06_FINAL_0128,Final,2026-06-24 15:34:46+00:00,2026-06-24 16:15:04+00:00,42.48253,40.3,38.336633663366335,90.0,28.109502014786084,1156.6333333333334,1867.75,446.0440642158824,0.0,0.1240442255274323,11.6,11.05,High,2026-06-24 15:34:46+00:00,2026-06-25 00:34:46+09:00,0,3,0,validation,13.571888,-1.9718879699707035,1.9718879699707035,20-50 km
VEH_12,VEH_12_FINAL_0118,Final,2026-06-24 16:02:01+00:00,2026-06-24 16:52:45.063000+00:00,62.533455,50.734383333333334,45.308411214953274,90.0,32.28940719650843,1061.857142857143,1753.0,399.9727116542168,0.0,0.1003650280352533,16.32,0.674,High,2026-06-24 16:02:01+00:00,2026-06-25 01:02:01+09:00,1,3,0,validation,15.156917,1.1630833816528323,1.1630833816528323,50+ km
VEH_06,VEH_06_FINAL_0130,Final,2026-06-24 16:54:38+00:00,2026-06-24 17:26:07+00:00,31.640495,31.483333333333334,48.739837398373986,88.0,29.132396795715103,1164.8068181818182,1688.75,401.0195949348289,0.0,0.158426358298094,7.95,4.73,High,2026-06-24 16:54:38+00:00,2026-06-25 01:54:38+09:00,1,3,0,validation,7.029509,0.9204909324645998,0.9204909324645998,20-50 km
VEH_12,VEH_12_FINAL_0123,Final,2026-06-24 17:56:57+00:00,2026-06-24 18:37:54+00:00,39.927124,40.95,37.36521739130435,90.0,30.858535690352213,1050.7272727272727,1528.5,390.1798165669239,0.0,0.1272486017974901,9.65,4.477,High,2026-06-24 17:56:57+00:00,2026-06-25 02:56:57+09:00,2,3,0,validation,8.98571,0.6642898559570316,0.6642898559570316,20-50 km
VEH_05,VEH_05_FINAL_0088,Final,2026-06-24 18:23:38.063000+00:00,2026-06-24 19:29:01+00:00,76.740585,65.38228333333333,52.9937106918239,102.0,30.81380415466968,1115.6485849056603,1852.0,419.5159156839564,0.0,0.0742879944538939,17.17,23.82,High,2026-06-24 18:23:38.063000+00:00,2026-06-25 03:23:38.063000+09:00,3,3,0,validation,18.93103,-1.7610302734374983,1.7610302734374983,50+ km
VEH_06,VEH_06_FINAL_0134,Final,2026-06-24 19:12:46.063000+00:00,2026-06-24 19:45:55+00:00,32.602768,33.14895,35.693693693693696,93.0,30.736541856161143,1080.8541666666667,1792.5,439.33382877675024,0.0,0.0968648104167661,8.84,10.56,High,2026-06-24 19:12:46.063000+00:00,2026-06-25 04:12:46.063000+09:00,4,3,0,validation,9.2935505,-0.45355049133300795,0.45355049133300795,20-50 km
VEH_11,VEH_11_FINAL_0054,Final,2026-06-24 22:14:58+00:00,2026-06-24 22:18:03+00:00,0.100086965,3.0833333333333335,3.769230769230769,13.0,4.335077785724729,843.5,1344.75,355.3471893796263,0.0,0.104164461287659,0.49,21.55,High,2026-06-24 22:14:58+00:00,2026-06-25 07:14:58+09:00,7,3,0,validation,0.37373343,0.11626656889915465,0.11626656889915465,0-0.5 km
VEH_05,VEH_05_FINAL_0089,Final,2026-06-25 00:03:04.063000+00:00,2026-06-25 01:31:33+00:00,77.8688,88.48228333333333,45.58006042296073,98.0,27.512185072959873,1103.690476190476,1940.75,405.8739827942869,0.0,0.0394949849832832,19.68,18.237,High,2026-06-25 00:03:04.063000+00:00,2026-06-25 09:03:04.063000+09:00,9,3,0,validation,20.375399,-0.6953986358642581,0.6953986358642581,50+ km
VEH_11,VEH_11_FINAL_0055,Final,2026-06-25 00:03:07.373000+00:00,2026-06-25 01:10:38+00:00,59.856445,67.51045,41.54736842105263,94.0,29.421475062089907,1110.491935483871,1955.75,436.911493509578,0.0,0.0634536999914956,15.5,6.88,High,2026-06-25 00:03:07.373000+00:00,2026-06-25 09:03:07.373000+09:00,9,3,0,validation,15.830301,-0.33030128479003906,0.33030128479003906,50+ km
VEH_09,VEH_09_FINAL_0137,Final,2026-06-25 00:40:47.063000+00:00,2026-06-25 01:00:22.127000+00:00,3.0269842,19.5844,14.852713178294572,61.0,14.260641762956418,1149.1155913978494,2272.5,460.03909890978343,0.0,0.2003604790211608,0.58,0.29,High,2026-06-25 00:40:47.063000+00:00,2026-06-25 09:40:47.063000+09:00,9,3,0,validation,0.44202694,0.13797305703163143,0.13797305703163143,1-5 km
VEH_01,VEH_01_FINAL_0153,Final,2026-06-25 00:42:40.063000+00:00,2026-06-25 01:34:32+00:00,32.585754,51.86561666666667,38.0375,98.0,29.96919685972026,1259.4728260869565,2428.75,473.1946667591041,0.0,0.1677859505469154,3.02,3.13,High,2026-06-25 00:42:40.063000+00:00,2026-06-25 09:42:40.063000+09:00,9,3,0,validation,3.5797353,-0.5597352790832519,0.5597352790832519,20-50 km
VEH_09,VEH_09_FINAL_0138,Final,2026-06-25 01:09:00.063000+00:00,2026-06-25 01:21:59+00:00,3.5524933,12.982283333333331,19.226666666666667,59.0,16.241160330742655,1161.907258064516,2219.75,464.8691591716248,0.0,0.2260363977942144,0.58,1.057,High,2026-06-25 01:09:00.063000+00:00,2026-06-25 10:09:00.063000+09:00,10,3,0,validation,0.42605826,0.15394173741340633,0.15394173741340633,1-5 km
VEH_03,VEH_03_FINAL_0054,Final,2026-06-25 01:23:24.063000+00:00,2026-06-25 02:02:53+00:00,23.561333,39.482283333333335,33.729007633587784,103.0,29.78496466993464,1275.1748704663212,2646.0,522.2798258652274,0.0,0.2101593959211024,2.68,3.23,High,2026-06-25 01:23:24.063000+00:00,2026-06-25 10:23:24.063000+09:00,10,3,0,validation,2.6028755,0.07712452888488786,0.07712452888488786,20-50 km
VEH_09,VEH_09_FINAL_0139,Final,2026-06-25 01:25:10.063000+00:00,2026-06-25 01:30:34+00:00,0.8312599,5.39895,11.066666666666666,31.0,9.021948545383948,1099.1704545454545,1779.75,392.841479902023,0.0,0.1653900916591449,0.13,18.323,High,2026-06-25 01:25:10.063000+00:00,2026-06-25 10:25:10.063000+09:00,10,3,0,validation,0.23185469,-0.10185469210147857,0.10185469210147857,0.5-1 km
VEH_11,VEH_11_FINAL_0056,Final,2026-06-25 01:30:43.497000+00:00,2026-06-25 02:35:35+00:00,70.447754,64.85838333333334,47.209944751381215,89.0,27.2366366543309,1082.6527777777778,1666.25,393.9018105837709,0.0,0.0207686170006739,14.28,24.807,High,2026-06-25 01:30:43.497000+00:00,2026-06-25 10:30:43.497000+09:00,10,3,0,validation,14.961,-0.6810004425048835,0.6810004425048835,50+ km
VEH_09,VEH_09_FINAL_0140,Final,2026-06-25 01:35:22.063000+00:00,2026-06-25 01:39:27+00:00,0.7379142,4.082283333333334,15.454545454545457,33.0,10.591851954388876,1068.7083333333333,1821.25,412.5643994342647,0.0,0.2827281364894453,0.09,2.903,High,2026-06-25 01:35:22.063000+00:00,2026-06-25 10:35:22.063000+09:00,10,3,0,validation,0.21347378,-0.12347378194332123,0.12347378194332123,0.5-1 km
VEH_01,VEH_01_FINAL_0154,Final,2026-06-25 01:37:35.063000+00:00,2026-06-25 01:38:51+00:00,0.23311801,1.2656166666666666,9.545454545454543,20.0,7.139692333117041,1122.138888888889,1516.25,350.15197317877227,0.0,0.0175272824061751,0.04,1.413,High,2026-06-25 01:37:35.063000+00:00,2026-06-25 10:37:35.063000+09:00,10,3,0,validation,-0.050901663,0.09090166255831719,0.09090166255831719,0-0.5 km
VEH_09,VEH_09_FINAL_0141,Final,2026-06-25 01:40:42.063000+00:00,2026-06-25 01:47:13+00:00,1.7028295,6.515616666666667,16.149253731343283,37.0,11.495948321095222,1187.3892857142855,2026.5,450.0468202542024,0.0,0.1314262712304575,0.2,3.397,High,2026-06-25 01:40:42.063000+00:00,2026-06-25 10:40:42.063000+09:00,10,3,0,validation,0.27806997,-0.07806997299194335,0.07806997299194335,1-5 km
VEH_01,VEH_01_FINAL_0155,Final,2026-06-25 01:42:08.127000+00:00,2026-06-25 01:45:04+00:00,0.8202682,2.9312166666666664,16.0,26.0,8.266397845091497,1121.5441176470588,1674.75,369.09264972774105,0.0,0.0131696890298558,0.11,2.44,High,2026-06-25 01:42:08.127000+00:00,2026-06-25 10:42:08.127000+09:00,10,3,0,validation,0.20865324,-0.09865324139595032,0.09865324139595032,0.5-1 km
VEH_01,VEH_01_FINAL_0156,Final,2026-06-25 01:45:06.063000+00:00,2026-06-25 01:49:05+00:00,0.23506519,3.9822833333333336,10.307692307692308,24.0,6.943559443936466,1017.1923076923076,1722.25,473.80799983754935,0.0,0.0063424947145877,0.03,3.127,High,2026-06-25 01:45:06.063000+00:00,2026-06-25 10:45:06.063000+09:00,10,3,0,validation,0.7648514,-0.7348513913154602,0.7348513913154602,0-0.5 km
VEH_09,VEH_09_FINAL_0142,Final,2026-06-25 01:49:10.063000+00:00,2026-06-25 01:58:39+00:00,2.723887,9.482283333333331,17.893333333333334,50.0,13.757493311727332,1188.1038461538462,1928.5,427.4157404419201,0.0,0.0800291528502253,0.36,17.82,High,2026-06-25 01:49:10.063000+00:00,2026-06-25 10:49:10.063000+09:00,10,3,0,validation,0.3999124,-0.03991238713264467,0.03991238713264467,1-5 km
VEH_02,VEH_02_FINAL_0097,Final,2026-06-25 01:49:52.063000+00:00,2026-06-25 02:03:05.127000+00:00,3.0262446,13.217733333333332,18.2183908045977,68.0,16.675693156150253,1215.8714285714286,2358.75,505.3492846940781,0.0,0.181206750790619,0.5,0.25,High,2026-06-25 01:49:52.063000+00:00,2026-06-25 10:49:52.063000+09:00,10,3,0,validation,0.4217633,0.07823669910430908,0.07823669910430908,1-5 km
VEH_08,VEH_08_FINAL_0058,Final,2026-06-25 01:52:52.063000+00:00,2026-06-25 02:20:57+00:00,26.531393,28.082283333333333,51.88965517241379,103.0,30.324024216925434,1368.3066037735848,2959.25,619.1719080746824,0.0,0.1215376120223199,2.57,4.527,High,2026-06-25 01:52:52.063000+00:00,2026-06-25 10:52:52.063000+09:00,10,3,0,validation,3.164395,-0.5943950939178468,0.5943950939178468,20-50 km
VEH_01,VEH_01_FINAL_0157,Final,2026-06-25 01:53:13.063000+00:00,2026-06-25 02:01:05+00:00,2.4336503,7.865616666666667,18.5,61.0,18.24474416524311,1189.8,1934.5,453.1590982572604,0.0,0.1243368097178058,0.25,1.257,High,2026-06-25 01:53:13.063000+00:00,2026-06-25 10:53:13.063000+09:00,10,3,0,validation,0.35615182,-0.10615181922912598,0.10615181922912598,1-5 km
VEH_10,VEH_10_FINAL_0101,Final,2026-06-25 01:53:55.063000+00:00,2026-06-25 02:19:46+00:00,8.894114,25.84895,26.32919254658385,90.0,19.77663355457004,1301.2288461538462,2802.75,541.6233070724091,0.0,0.0978502859307452,0.99,1.953,High,2026-06-25 01:53:55.063000+00:00,2026-06-25 10:53:55.063000+09:00,10,3,0,validation,1.1531736,-0.163173565864563,0.163173565864563,5-20 km
VEH_09,VEH_09_FINAL_0143,Final,2026-06-25 02:02:43.063000+00:00,2026-06-25 02:11:29+00:00,2.6046233,8.765616666666666,20.3125,62.0,15.399345562393227,1162.6304347826087,2097.75,450.04113259817234,0.0,0.0740806337961111,0.32,1.453,High,2026-06-25 02:02:43.063000+00:00,2026-06-25 11:02:43.063000+09:00,11,3,0,validation,0.41691023,-0.09691023111343383,0.09691023111343383,1-5 km
VEH_02,VEH_02_FINAL_0098,Final,2026-06-25 02:04:24.063000+00:00,2026-06-25 02:23:19+00:00,8.855647,18.915616666666665,24.467741935483872,85.0,21.06764660826695,1387.4924242424242,2456.0,565.0075471634859,0.0,0.1835303779819317,1.13,18.587,High,2026-06-25 02:04:24.063000+00:00,2026-06-25 11:04:24.063000+09:00,11,3,0,validation,1.0474038,0.08259618759155263,0.08259618759155263,5-20 km
VEH_09,VEH_09_FINAL_0144,Final,2026-06-25 02:13:26.063000+00:00,2026-06-25 02:17:24+00:00,0.6665411,3.965616666666667,11.794871794871796,33.0,10.2386384490935,1160.02,2139.0,495.4456626109466,0.0,0.2814837892113318,0.14,17.607,High,2026-06-25 02:13:26.063000+00:00,2026-06-25 11:13:26.063000+09:00,11,3,0,validation,0.15947697,-0.019476965665817247,0.019476965665817247,0.5-1 km
VEH_10,VEH_10_FINAL_0102,Final,2026-06-25 02:22:24.063000+00:00,2026-06-25 02:37:04+00:00,6.1627927,14.665616666666669,27.73873873873874,72.0,18.05482726581479,1354.2712264150944,2792.75,599.7110793347058,0.0,0.13974366642922,0.7000000000000001,2.203,High,2026-06-25 02:22:24.063000+00:00,2026-06-25 11:22:24.063000+09:00,11,3,0,validation,0.66988873,0.030111265182495184,0.030111265182495184,5-20 km
VEH_03,VEH_03_FINAL_0055,Final,2026-06-25 02:22:50.063000+00:00,2026-06-25 02:24:45.063000+00:00,0.27935755,1.9166666666666667,6.516129032258065,31.0,8.335199236126952,1104.2666666666669,1906.25,450.57547894023503,0.0,0.3281571496403636,0.05,0.397,High,2026-06-25 02:22:50.063000+00:00,2026-06-25 11:22:50.063000+09:00,11,3,0,validation,0.059680637,-0.009680636972188947,0.009680636972188947,0-0.5 km
VEH_08,VEH_08_FINAL_0059,Final,2026-06-25 02:23:21.127000+00:00,2026-06-25 02:32:30+00:00,3.0657988,9.147883333333334,20.154929577464788,59.0,16.52454247076996,1181.97131147541,2325.25,471.9811990437109,0.0,0.1820224763477021,0.27,5.043,High,2026-06-25 02:23:21.127000+00:00,2026-06-25 11:23:21.127000+09:00,11,3,0,validation,0.42280087,-0.1528008687496185,0.1528008687496185,1-5 km
VEH_02,VEH_02_FINAL_0099,Final,2026-06-25 02:24:21.063000+00:00,2026-06-25 02:31:38+00:00,2.53666,7.282283333333334,24.3265306122449,59.0,17.94366212377864,1344.0523255813953,2260.25,594.438511592544,0.0,0.1337928383831913,0.42,7.61,High,2026-06-25 02:24:21.063000+00:00,2026-06-25 11:24:21.063000+09:00,11,3,0,validation,0.35988986,0.06011013507843016,0.06011013507843016,1-5 km
VEH_09,VEH_09_FINAL_0146,Final,2026-06-25 02:29:09.127000+00:00,2026-06-25 02:38:04+00:00,4.132226,8.91455,24.636363636363637,66.0,18.65316315984419,1214.9913793103449,2140.0,467.8080258648998,0.0,0.1388552341277183,0.48,1.43,High,2026-06-25 02:29:09.127000+00:00,2026-06-25 11:29:09.127000+09:00,11,3,0,validation,0.6308943,-0.1508943033218384,0.1508943033218384,1-5 km
VEH_08,VEH_08_FINAL_0060,Final,2026-06-25 02:34:50.063000+00:00,2026-06-25 03:15:59.063000+00:00,27.629015,41.15,33.22529644268775,84.0,26.671042319900216,1356.7124463519312,2710.5,564.753168704547,0.0,0.1356638999870837,2.32,0.844,High,2026-06-25 02:34:50.063000+00:00,2026-06-25 11:34:50.063000+09:00,11,3,0,validation,2.5495791,-0.22957914352417008,0.22957914352417008,20-50 km
VEH_03,VEH_03_FINAL_0056,Final,2026-06-25 02:35:33.063000+00:00,2026-06-25 02:40:33+00:00,1.5912281,4.99895,15.220338983050848,53.0,14.79357143550177,1224.8842592592594,2373.5,541.5166345914649,0.0,0.0974748655599719,0.2,2.43,High,2026-06-25 02:35:33.063000+00:00,2026-06-25 11:35:33.063000+09:00,11,3,0,validation,0.2134592,-0.01345919370651244,0.01345919370651244,1-5 km
VEH_02,VEH_02_FINAL_0101,Final,2026-06-25 02:38:02+00:00,2026-06-25 02:39:52.127000+00:00,0.1106485,1.83545,6.615384615384615,30.0,9.880349273945129,1085.9166666666667,1839.5,435.39555770203566,0.0,0.0397496706192358,0.11,16.463,High,2026-06-25 02:38:02+00:00,2026-06-25 11:38:02+09:00,11,3,0,validation,0.105426595,0.004573405385017396,0.004573405385017396,0-0.5 km
VEH_10,VEH_10_FINAL_0103,Final,2026-06-25 02:38:05.063000+00:00,2026-06-25 02:44:56+00:00,1.9831995,6.84895,22.23728813559322,51.0,13.060925010783764,1230.2090163934429,2489.75,568.9109494484275,0.0,0.0953649359965856,0.25,17.977,High,2026-06-25 02:38:05.063000+00:00,2026-06-25 11:38:05.063000+09:00,11,3,0,validation,0.3278746,-0.07787460088729858,0.07787460088729858,1-5 km
VEH_09,VEH_09_FINAL_0147,Final,2026-06-25 02:39:39.127000+00:00,2026-06-25 02:48:40+00:00,3.0715244,9.014550000000002,22.103448275862068,62.0,20.494481725890065,1177.2428571428572,2157.5,434.6101639306618,0.0,0.0233857574484262,0.26,20.433,High,2026-06-25 02:39:39.127000+00:00,2026-06-25 11:39:39.127000+09:00,11,3,0,validation,0.4574872,-0.19748719573020934,0.19748719573020934,1-5 km
VEH_04,VEH_04_FINAL_0072,Final,2026-06-25 02:41:58.063000+00:00,2026-06-25 02:49:28.127000+00:00,2.9798326,7.501066666666667,22.48076923076923,67.0,18.43960034671971,1140.875,2080.5,426.7163931797481,0.0,0.0472540069906954,0.4,0.41,High,2026-06-25 02:41:58.063000+00:00,2026-06-25 11:41:58.063000+09:00,11,3,0,validation,0.39014438,0.009855622053146385,0.009855622053146385,1-5 km
VEH_02,VEH_02_FINAL_0102,Final,2026-06-25 02:44:03.063000+00:00,2026-06-25 02:47:31+00:00,0.6095862,3.465616666666667,14.64516129032258,39.0,12.275200246962074,1226.890625,2155.25,501.456055439666,0.0,0.0320229031588399,0.12,19.22,High,2026-06-25 02:44:03.063000+00:00,2026-06-25 11:44:03.063000+09:00,11,3,0,validation,0.109082475,0.010917524695396419,0.010917524695396419,0.5-1 km
VEH_10,VEH_10_FINAL_0104,Final,2026-06-25 02:48:20.063000+00:00,2026-06-25 02:50:42+00:00,0.5749198,2.365616666666667,15.0,34.0,10.535653752852738,1211.9137931034484,2074.75,476.9468464016813,0.0,0.1349142845004,0.09,1.957,High,2026-06-25 02:48:20.063000+00:00,2026-06-25 11:48:20.063000+09:00,11,3,0,validation,0.09700121,-0.007001209855079654,0.007001209855079654,0.5-1 km
VEH_11,VEH_11_FINAL_0057,Final,2026-06-25 02:49:37.553000+00:00,2026-06-25 02:52:16+00:00,0.5089546,2.6407833333333333,7.722222222222222,20.0,7.100904133008193,806.6875,1345.5,419.53230563181904,0.0,0.0708893274441625,0.19,4.063,High,2026-06-25 02:49:37.553000+00:00,2026-06-25 11:49:37.553000+09:00,11,3,0,validation,0.5365362,-0.34653621673583984,0.34653621673583984,0.5-1 km
VEH_09,VEH_09_FINAL_0148,Final,2026-06-25 02:53:53.063000+00:00,2026-06-25 03:00:55+00:00,1.9238316,7.032283333333334,15.857142857142858,49.0,13.8206851446837,1164.4433962264152,2168.75,450.9758408830386,0.0,0.1074938881998814,0.29,1.863,High,2026-06-25 02:53:53.063000+00:00,2026-06-25 11:53:53.063000+09:00,11,3,0,validation,0.32383266,-0.03383266091346743,0.03383266091346743,1-5 km
VEH_10,VEH_10_FINAL_0105,Final,2026-06-25 02:55:30.063000+00:00,2026-06-25 03:04:20+00:00,3.2571144,8.832283333333333,23.161290322580644,73.0,20.821200074169983,1253.4817073170732,2531.5,586.7950243313348,0.0,0.2812883972171699,0.38,24.02,High,2026-06-25 02:55:30.063000+00:00,2026-06-25 11:55:30.063000+09:00,11,3,0,validation,0.43135655,-0.051356549263000484,0.051356549263000484,1-5 km
VEH_02,VEH_02_FINAL_0103,Final,2026-06-25 02:57:48.063000+00:00,2026-06-25 03:02:13+00:00,0.78148305,4.415616666666667,12.166666666666666,40.0,10.624918300339486,1165.888888888889,2145.25,502.48616773542346,0.0,0.049863564011218,0.17,20.583,High,2026-06-25 02:57:48.063000+00:00,2026-06-25 11:57:48.063000+09:00,11,3,0,validation,0.1371979,0.03280210316181184,0.03280210316181184,0.5-1 km
VEH_01,VEH_01_FINAL_0161,Final,2026-06-25 02:58:51.063000+00:00,2026-06-25 03:14:30+00:00,3.202104,15.64895,16.597560975609756,55.0,15.851336602947416,1169.821428571429,2346.75,460.3173194444229,0.0,0.2721421941355735,0.51,17.53,High,2026-06-25 02:58:51.063000+00:00,2026-06-25 11:58:51.063000+09:00,11,3,0,validation,0.4292513,0.08074868679046632,0.08074868679046632,1-5 km
VEH_09,VEH_09_FINAL_0149,Final,2026-06-25 03:04:50.127000+00:00,2026-06-25 03:17:02+00:00,5.2323823,12.197883333333332,22.78640776699029,72.0,18.205755243577947,1191.921717171717,1997.25,452.31761161360856,0.0,0.1141476878719449,0.63,1.793,High,2026-06-25 03:04:50.127000+00:00,2026-06-25 12:04:50.127000+09:00,12,3,0,validation,0.6354818,-0.005481774806976314,0.005481774806976314,5-20 km
VEH_12,VEH_12_FINAL_0128,Final,2026-06-25 03:18:40.063000+00:00,2026-06-25 03:57:09+00:00,41.528717,38.482283333333335,38.968,89.0,28.55000833625097,1160.5365853658536,1841.75,465.84109140564107,0.0,0.0408972491770506,11.26,6.217,High,2026-06-25 03:18:40.063000+00:00,2026-06-25 12:18:40.063000+09:00,12,3,0,validation,10.725593,0.5344073867797849,0.5344073867797849,20-50 km
VEH_09,VEH_09_FINAL_0150,Final,2026-06-25 03:19:31.063000+00:00,2026-06-25 03:25:09.127000+00:00,1.4487358,5.6344,14.88679245283019,37.0,11.344785814784665,1101.25,2086.75,418.7945498690259,0.0,0.083945276116683,0.23,0.056,High,2026-06-25 03:19:31.063000+00:00,2026-06-25 12:19:31.063000+09:00,12,3,0,validation,0.22912598,0.00087402343750001,0.00087402343750001,1-5 km
VEH_01,VEH_01_FINAL_0162,Final,2026-06-25 03:20:44.063000+00:00,2026-06-25 03:24:32.127000+00:00,0.8452159,3.8010666666666664,9.964285714285714,28.0,7.725108149299099,1058.101851851852,1795.75,377.7128432301649,0.0,0.1376022877254729,0.1,16.433,High,2026-06-25 03:20:44.063000+00:00,2026-06-25 12:20:44.063000+09:00,12,3,0,validation,0.23218097,-0.13218096792697906,0.13218096792697906,0.5-1 km
VEH_01,VEH_01_FINAL_0163,Final,2026-06-25 03:28:18.063000+00:00,2026-06-25 03:33:16+00:00,0.28127438,4.965616666666667,9.842105263157896,22.0,8.53638132314758,1069.3333333333333,1761.5,394.3030551562536,0.0,0.2311061529002364,0.09,1.377,High,2026-06-25 03:28:18.063000+00:00,2026-06-25 12:28:18.063000+09:00,12,3,0,validation,0.1771246,-0.08712460458278656,0.08712460458278656,0-0.5 km
VEH_10,VEH_10_FINAL_0106,Final,2026-06-25 03:29:22.063000+00:00,2026-06-25 03:32:43+00:00,0.31718543,3.3489500000000003,11.384615384615383,36.0,11.472632730770558,1109.9642857142858,2064.25,561.7800699017148,0.0,0.4196177663619139,0.06,3.46,High,2026-06-25 03:29:22.063000+00:00,2026-06-25 12:29:22.063000+09:00,12,3,0,validation,0.13070074,-0.0707007372379303,0.0707007372379303,0-0.5 km
VEH_01,VEH_01_FINAL_0164,Final,2026-06-25 03:37:51.063000+00:00,2026-06-25 03:46:47.063000+00:00,1.5689738,8.933333333333334,13.290909090909093,47.0,14.263332171273976,1136.342105263158,2073.5,456.9082721380731,0.0,0.1935216469961986,0.3,21.397,High,2026-06-25 03:37:51.063000+00:00,2026-06-25 12:37:51.063000+09:00,12,3,0,validation,0.27449468,0.025505322217941273,0.025505322217941273,1-5 km
VEH_03,VEH_03_FINAL_0057,Final,2026-06-25 03:39:11.063000+00:00,2026-06-25 03:48:08.127000+00:00,3.454263,8.951066666666666,24.96825396825397,79.0,19.69043620399899,1279.3155737704917,2347.0,525.3363265052039,0.0,0.1416138664336173,0.45,16.42,High,2026-06-25 03:39:11.063000+00:00,2026-06-25 12:39:11.063000+09:00,12,3,0,validation,0.44434506,0.005654942989349376,0.005654942989349376,1-5 km
VEH_04,VEH_04_FINAL_0073,Final,2026-06-25 03:48:54.063000+00:00,2026-06-25 03:58:15+00:00,2.933598,9.34895,18.379310344827587,79.0,19.41011786121982,1228.1022727272727,2127.0,445.9373373675623,0.0,0.1911160972459779,0.43,9.05,High,2026-06-25 03:48:54.063000+00:00,2026-06-25 12:48:54.063000+09:00,12,3,0,validation,0.43663117,-0.006631172895431525,0.006631172895431525,1-5 km
VEH_02,VEH_02_FINAL_0104,Final,2026-06-25 03:50:57.063000+00:00,2026-06-25 04:14:42+00:00,12.418027,23.748949999999997,28.050632911392405,98.0,23.294155693496187,1292.2289915966387,2995.5,562.4363078598172,0.0,0.0973488698908814,1.36,26.763,High,2026-06-25 03:50:57.063000+00:00,2026-06-25 12:50:57.063000+09:00,12,3,0,validation,1.3807951,-0.02079512119293203,0.02079512119293203,5-20 km
VEH_01,VEH_01_FINAL_0165,Final,2026-06-25 03:52:13.063000+00:00,2026-06-25 03:55:52+00:00,0.4151012,3.64895,11.346153846153848,29.0,7.809965565236348,1134.1973684210527,1687.0,389.7154206238472,0.0,0.0452049144239547,0.13,19.03,High,2026-06-25 03:52:13.063000+00:00,2026-06-25 12:52:13.063000+09:00,12,3,0,validation,0.110005215,0.019994785189628606,0.019994785189628606,0-0.5 km
VEH_10,VEH_10_FINAL_0107,Final,2026-06-25 03:58:39.063000+00:00,2026-06-25 04:04:47+00:00,3.0877652,6.1322833333333335,32.90625,74.0,24.83742057737679,1461.9375,2413.5,576.4581522557239,0.0,0.1581452742610475,0.29,2.597,High,2026-06-25 03:58:39.063000+00:00,2026-06-25 12:58:39.063000+09:00,12,3,0,validation,0.7028979,-0.4128979063034058,0.4128979063034058,1-5 km
VEH_01,VEH_01_FINAL_0167,Final,2026-06-25 04:04:17.063000+00:00,2026-06-25 04:08:28+00:00,0.7375099,4.182283333333333,10.17142857142857,27.0,8.463318208719368,1160.1041666666667,2258.75,462.17821529251273,0.0,0.14091169437691,0.15,1.19,High,2026-06-25 04:04:17.063000+00:00,2026-06-25 13:04:17.063000+09:00,13,3,0,validation,0.15621844,-0.006218439340591436,0.006218439340591436,0.5-1 km
VEH_10,VEH_10_FINAL_0108,Final,2026-06-25 04:06:45.063000+00:00,2026-06-25 04:11:08+00:00,0.9588662,4.3822833333333335,16.24390243902439,44.0,15.62484027283023,1231.241071428571,2525.5,584.5826750239335,0.0,0.3322968641876388,0.15,2.763,High,2026-06-25 04:06:45.063000+00:00,2026-06-25 13:06:45.063000+09:00,13,3,0,validation,0.1911096,-0.041109597682952886,0.041109597682952886,0.5-1 km
VEH_01,VEH_01_FINAL_0168,Final,2026-06-25 04:11:32.063000+00:00,2026-06-25 04:15:01+00:00,0.5752244,3.4822833333333336,11.571428571428571,22.0,6.477590885002648,1075.1617647058824,1641.25,348.1248713293296,0.0,0.0048097902969793,0.07,2.417,High,2026-06-25 04:11:32.063000+00:00,2026-06-25 13:11:32.063000+09:00,13,3,0,validation,0.37044924,-0.3004492449760437,0.3004492449760437,0.5-1 km
VEH_10,VEH_10_FINAL_0109,Final,2026-06-25 04:11:32.063000+00:00,2026-06-25 04:12:54+00:00,0.27817693,1.3656166666666667,13.307692307692308,25.0,7.848415963498282,1117.4423076923076,1800.75,392.34922574261367,0.0,0.0,0.03,18.05,High,2026-06-25 04:11:32.063000+00:00,2026-06-25 13:11:32.063000+09:00,13,3,0,validation,0.066072136,-0.03607213616371155,0.03607213616371155,0-0.5 km
VEH_11,VEH_11_FINAL_0058,Final,2026-06-25 04:13:05.577000+00:00,2026-06-25 05:35:46+00:00,97.11537,82.67371666666666,62.467592592592595,94.0,22.758369761571007,1066.646551724138,1617.0,360.3418785970734,0.0,0.000963116996826,18.04,11.487,High,2026-06-25 04:13:05.577000+00:00,2026-06-25 13:13:05.577000+09:00,13,3,0,validation,20.209848,-2.169848403930665,2.169848403930665,50+ km
VEH_10,VEH_10_FINAL_0110,Final,2026-06-25 04:16:53.063000+00:00,2026-06-25 04:24:07.127000+00:00,1.8700068,7.2344,16.16393442622951,54.0,14.730564108224767,1188.625,2277.5,519.4819348398942,0.0,0.2169102504394738,0.22,15.643,High,2026-06-25 04:16:53.063000+00:00,2026-06-25 13:16:53.063000+09:00,13,3,0,validation,0.3251627,-0.10516270875930786,0.10516270875930786,1-5 km
VEH_01,VEH_01_FINAL_0169,Final,2026-06-25 04:17:44.063000+00:00,2026-06-25 04:30:44+00:00,3.3046257,12.99895,15.580645161290322,42.0,13.610023646922455,1173.9558823529412,2082.5,455.79344389186826,0.0,0.0852559738876961,0.45,1.763,High,2026-06-25 04:17:44.063000+00:00,2026-06-25 13:17:44.063000+09:00,13,3,0,validation,0.38994282,0.06005717515945436,0.06005717515945436,1-5 km
VEH_09,VEH_09_FINAL_0151,Final,2026-06-25 04:23:08+00:00,2026-06-25 04:28:35+00:00,0.4245452,5.45,11.5,30.0,9.087537253477056,1032.6153846153843,1809.75,384.2672549474546,0.0,0.2428179017498065,0.44,2.38,High,2026-06-25 04:23:08+00:00,2026-06-25 13:23:08+09:00,13,3,0,validation,0.26956388,0.17043611645698548,0.17043611645698548,0-0.5 km
VEH_10,VEH_10_FINAL_0111,Final,2026-06-25 04:27:07.063000+00:00,2026-06-25 04:30:33+00:00,1.0162969,3.432283333333334,18.53125,41.0,14.65858190404174,1228.1083333333331,2697.5,565.5816500269632,0.0,0.1519898556379243,0.13,2.863,High,2026-06-25 04:27:07.063000+00:00,2026-06-25 13:27:07.063000+09:00,13,3,0,validation,0.18483861,-0.05483860790729522,0.05483860790729522,1-5 km
VEH_05,VEH_05_FINAL_0090,Final,2026-06-25 04:31:29.063000+00:00,2026-06-25 05:49:54+00:00,75.89536,78.41561666666666,49.09469696969697,101.0,28.608156853326573,1073.0617283950617,1776.0,393.5537332343471,0.0,0.0827991225764622,16.52,16.757,High,2026-06-25 04:31:29.063000+00:00,2026-06-25 13:31:29.063000+09:00,13,3,0,validation,18.31957,-1.7995705413818364,1.7995705413818364,50+ km
VEH_01,VEH_01_FINAL_0170,Final,2026-06-25 04:33:36.063000+00:00,2026-06-25 04:35:36+00:00,0.3186879,1.99895,8.666666666666666,23.0,7.615773105863909,995.3333333333334,1625.25,335.2937352365667,0.0,0.0877741530286736,0.03,1.583,High,2026-06-25 04:33:36.063000+00:00,2026-06-25 13:33:36.063000+09:00,13,3,0,validation,0.06433401,-0.03433401256799698,0.03433401256799698,0-0.5 km
VEH_09,VEH_09_FINAL_0152,Final,2026-06-25 04:33:41.063000+00:00,2026-06-25 04:44:23+00:00,3.080483,10.69895,20.397727272727273,48.0,13.12833487738992,1196.9583333333333,2021.75,459.6862104627965,0.0,0.095170151546035,0.67,17.987,High,2026-06-25 04:33:41.063000+00:00,2026-06-25 13:33:41.063000+09:00,13,3,0,validation,0.42269632,0.24730367779731754,0.24730367779731754,1-5 km
VEH_10,VEH_10_FINAL_0112,Final,2026-06-25 04:33:54.063000+00:00,2026-06-25 04:36:57+00:00,0.67643446,3.04895,15.20689655172414,45.0,15.148413619788544,1221.0,2260.0,545.291527533667,0.0,0.2619711450660498,0.1,1.263,High,2026-06-25 04:33:54.063000+00:00,2026-06-25 13:33:54.063000+09:00,13,3,0,validation,0.13440174,-0.034401738643646235,0.034401738643646235,0.5-1 km
VEH_02,VEH_02_FINAL_0105,Final,2026-06-25 04:39:58.063000+00:00,2026-06-25 04:52:09.063000+00:00,2.5020132,12.183333333333334,22.194444444444443,83.0,18.64778724502729,1582.5696721311476,3883.5,917.288660087152,0.1147540983606557,0.1551569208854511,0.43,0.2,High,2026-06-25 04:39:58.063000+00:00,2026-06-25 13:39:58.063000+09:00,13,3,0,validation,0.47489673,-0.044896728992462165,0.044896728992462165,1-5 km
VEH_07,VEH_07_FINAL_0078,Final,2026-06-25 04:41:05.063000+00:00,2026-06-25 05:03:35+00:00,9.633802,22.498949999999997,30.347368421052632,91.0,24.39575822536741,1397.6334033613446,2762.0,627.3547258162349,0.0,0.1842543858618104,1.39,27.677,High,2026-06-25 04:41:05.063000+00:00,2026-06-25 13:41:05.063000+09:00,13,3,0,validation,1.1518489,0.2381510877609252,0.2381510877609252,5-20 km
VEH_10,VEH_10_FINAL_0113,Final,2026-06-25 04:42:49.063000+00:00,2026-06-25 04:44:57+00:00,0.55110383,2.132283333333333,15.964285714285714,37.0,13.412366742400575,1286.5760869565215,2379.0,542.3967815790363,0.0,0.1900262425823331,0.09,1.397,High,2026-06-25 04:42:49.063000+00:00,2026-06-25 13:42:49.063000+09:00,13,3,0,validation,0.12065898,-0.03065897881984711,0.03065897881984711,0.5-1 km
VEH_03,VEH_03_FINAL_0058,Final,2026-06-25 04:43:29.063000+00:00,2026-06-25 04:47:36.063000+00:00,0.1538504,4.116666666666666,7.25,25.0,8.603536094730662,1232.5,2353.75,534.4533505635187,0.0,0.2321363359707851,0.11,14.96,High,2026-06-25 04:43:29.063000+00:00,2026-06-25 13:43:29.063000+09:00,13,3,0,validation,0.08104432,0.02895568370819092,0.02895568370819092,0-0.5 km
VEH_01,VEH_01_FINAL_0171,Final,2026-06-25 04:44:31.127000+00:00,2026-06-25 04:49:42.063000+00:00,0.92700535,5.182266666666666,11.41025641025641,43.0,12.373913728481172,1145.75,2137.25,526.9168182297215,0.0,0.213935837067704,0.14,0.063,High,2026-06-25 04:44:31.127000+00:00,2026-06-25 13:44:31.127000+09:00,13,3,0,validation,0.21139751,-0.07139751374721526,0.07139751374721526,0.5-1 km
VEH_09,VEH_09_FINAL_0153,Final,2026-06-25 04:46:42.063000+00:00,2026-06-25 05:01:36+00:00,3.1302059,14.89895,18.080357142857142,66.0,15.193477449725137,1243.1704545454545,2252.25,507.0588187391646,0.0,0.2361370462552766,0.51,19.347,High,2026-06-25 04:46:42.063000+00:00,2026-06-25 13:46:42.063000+09:00,13,3,0,validation,0.4217633,0.08823669910430909,0.08823669910430909,1-5 km
VEH_10,VEH_10_FINAL_0114,Final,2026-06-25 04:51:29.063000+00:00,2026-06-25 04:52:00.063000+00:00,0.15044752,0.5166666666666667,13.833333333333334,30.0,10.542243067245645,1167.6666666666667,1940.0,424.9727115422301,0.0,0.0555927662424648,0.01,0.527,High,2026-06-25 04:51:29.063000+00:00,2026-06-25 13:51:29.063000+09:00,13,3,0,validation,0.01649813,-0.006498129814863205,0.006498129814863205,0-0.5 km
VEH_02,VEH_02_FINAL_0106,Final,2026-06-25 04:53:21.127000+00:00,2026-06-25 05:09:39.127000+00:00,6.2021127,16.3,23.102040816326532,61.0,19.30606851612607,1229.5316455696202,2387.5,513.8282869716583,0.0,0.1663210558367107,0.68,0.59,High,2026-06-25 04:53:21.127000+00:00,2026-06-25 13:53:21.127000+09:00,13,3,0,validation,0.70409757,-0.0240975689888,0.0240975689888,5-20 km
VEH_01,VEH_01_FINAL_0172,Final,2026-06-25 04:53:56.063000+00:00,2026-06-25 04:59:42+00:00,1.0974188,5.765616666666667,15.41025641025641,52.0,13.219484354577544,1099.421875,1924.25,440.9871004947134,0.0,0.1071232601713061,0.16,2.853,High,2026-06-25 04:53:56.063000+00:00,2026-06-25 13:53:56.063000+09:00,13,3,0,validation,0.23310733,-0.07310732841491699,0.07310732841491699,1-5 km
VEH_10,VEH_10_FINAL_0115,Final,2026-06-25 04:55:43.063000+00:00,2026-06-25 05:12:14.127000+00:00,5.557996,16.517733333333332,25.26923076923077,65.0,21.087834065217084,1404.955357142857,2549.75,596.7511086339302,0.0,0.2753070202350973,0.65,0.8,High,2026-06-25 04:55:43.063000+00:00,2026-06-25 13:55:43.063000+09:00,13,3,0,validation,0.6929306,-0.04293057918548582,0.04293057918548582,5-20 km
VEH_01,VEH_01_FINAL_0173,Final,2026-06-25 05:03:09.063000+00:00,2026-06-25 05:06:18+00:00,0.91504955,3.14895,16.892857142857142,31.0,10.269021673092768,1262.55,2049.75,462.70697801092217,0.0,0.0133026865481492,0.2,1.98,High,2026-06-25 05:03:09.063000+00:00,2026-06-25 14:03:09.063000+09:00,14,3,0,validation,0.129013,0.07098699808120729,0.07098699808120729,0.5-1 km
VEH_07,VEH_07_FINAL_0079,Final,2026-06-25 05:05:33.127000+00:00,2026-06-25 05:13:28+00:00,2.3017738,7.91455,18.63855421686747,76.0,19.494564156314215,1319.5238095238096,2572.5,593.8122706933259,0.0,0.2536084349875243,0.34,16.56,High,2026-06-25 05:05:33.127000+00:00,2026-06-25 14:05:33.127000+09:00,14,3,0,validation,0.3793456,-0.03934559583663938,0.03934559583663938,1-5 km
VEH_09,VEH_09_FINAL_0154,Final,2026-06-25 05:05:53.063000+00:00,2026-06-25 05:13:21+00:00,2.0157733,7.465616666666667,16.649122807017545,40.0,10.899044265310566,1136.0585106382978,1849.75,423.8381654116154,0.0,0.0134964481260416,0.27,16.03,High,2026-06-25 05:05:53.063000+00:00,2026-06-25 14:05:53.063000+09:00,14,3,0,validation,0.3640414,-0.09404138803482054,0.09404138803482054,1-5 km
VEH_01,VEH_01_FINAL_0174,Final,2026-06-25 05:09:27.063000+00:00,2026-06-25 05:15:49+00:00,1.2701684,6.365616666666667,12.63157894736842,30.0,9.897955803390548,1051.0277777777778,1596.0,355.033438261737,0.0,0.0572298478822673,0.11,17.7,High,2026-06-25 05:09:27.063000+00:00,2026-06-25 14:09:27.063000+09:00,14,3,0,validation,0.34719598,-0.23719598293304445,0.23719598293304445,1-5 km
VEH_09,VEH_09_FINAL_0155,Final,2026-06-25 05:17:07.063000+00:00,2026-06-25 05:31:56+00:00,3.9707775,14.815616666666669,15.4125,54.0,16.737453323310568,1135.7241379310344,1964.0,416.9095212394638,0.0,0.1728091367705047,0.45,3.523,High,2026-06-25 05:17:07.063000+00:00,2026-06-25 14:17:07.063000+09:00,14,3,0,validation,0.6092081,-0.1592081069946289,0.1592081069946289,1-5 km
VEH_10,VEH_10_FINAL_0116,Final,2026-06-25 05:19:51.063000+00:00,2026-06-25 05:38:02+00:00,6.3851414,18.18228333333333,24.650943396226417,69.0,19.16415800238018,1299.964705882353,2260.0,519.0449532171637,0.0,0.2381378328032862,0.68,3.453,High,2026-06-25 05:19:51.063000+00:00,2026-06-25 14:19:51.063000+09:00,14,3,0,validation,0.7061865,-0.02618647336959834,0.02618647336959834,5-20 km
VEH_08,VEH_08_FINAL_0063,Final,2026-06-25 05:20:24.063000+00:00,2026-06-25 05:29:58+00:00,2.4792976,9.565616666666669,17.830985915492956,49.0,13.221819264449712,1169.8155737704917,2176.25,467.82614401928146,0.0,0.2246467870876039,0.26,4.103,High,2026-06-25 05:20:24.063000+00:00,2026-06-25 14:20:24.063000+09:00,14,3,0,validation,0.3626931,-0.10269310116767882,0.10269310116767882,1-5 km
VEH_03,VEH_03_FINAL_0059,Final,2026-06-25 05:21:29.063000+00:00,2026-06-25 05:39:28+00:00,3.5784767,17.98228333333333,14.953020134228188,81.0,16.47056987741599,1261.797619047619,2700.0,562.4903926113275,0.0,0.162171019176658,0.63,1.21,High,2026-06-25 05:21:29.063000+00:00,2026-06-25 14:21:29.063000+09:00,14,3,0,validation,0.46906298,0.16093701601028443,0.16093701601028443,1-5 km
VEH_01,VEH_01_FINAL_0175,Final,2026-06-25 05:22:34.063000+00:00,2026-06-25 05:28:35+00:00,0.6100571,6.015616666666667,12.105263157894736,38.0,9.872315021215456,1149.0078125,1933.5,414.4212101136836,0.0,0.1923932548561376,0.25,18.05,High,2026-06-25 05:22:34.063000+00:00,2026-06-25 14:22:34.063000+09:00,14,3,0,validation,0.22273497,0.027265027165412903,0.027265027165412903,0.5-1 km
VEH_04,VEH_04_FINAL_0074,Final,2026-06-25 05:25:17.063000+00:00,2026-06-25 05:29:53+00:00,0.5797286,4.59895,12.333333333333334,34.0,10.613707818231743,1176.4772727272727,1949.0,444.2453631331331,0.0,0.0925311858518869,0.13,4.78,High,2026-06-25 05:25:17.063000+00:00,2026-06-25 14:25:17.063000+09:00,14,3,0,validation,0.18240659,-0.05240658938884735,0.05240658938884735,0.5-1 km
VEH_02,VEH_02_FINAL_0108,Final,2026-06-25 05:26:07.063000+00:00,2026-06-25 05:34:46+00:00,4.4601197,8.648950000000001,28.923076923076923,78.0,23.23677966057437,1477.800925925926,3683.0,806.3154558265012,0.074074074074074,0.1773735338159471,0.52,4.887,High,2026-06-25 05:26:07.063000+00:00,2026-06-25 14:26:07.063000+09:00,14,3,0,validation,0.7383973,-0.21839730024337767,0.21839730024337767,1-5 km
VEH_08,VEH_08_FINAL_0064,Final,2026-06-25 05:31:27.063000+00:00,2026-06-25 05:42:35+00:00,3.908098,11.132283333333334,24.741935483870968,54.0,18.491441336616116,1377.6682692307693,2280.75,513.5608104796023,0.0,0.1812135430381665,0.55,3.637,High,2026-06-25 05:31:27.063000+00:00,2026-06-25 14:31:27.063000+09:00,14,3,0,validation,0.6375707,-0.08757067918777461,0.08757067918777461,1-5 km
VEH_01,VEH_01_FINAL_0176,Final,2026-06-25 05:33:54.063000+00:00,2026-06-25 05:41:50+00:00,1.1669484,7.932283333333333,11.189655172413794,36.0,11.148615031584562,1174.982142857143,2200.75,472.9594890184053,0.0,0.2106333708069626,0.36,1.983,High,2026-06-25 05:33:54.063000+00:00,2026-06-25 14:33:54.063000+09:00,14,3,0,validation,0.25492167,0.10507832527160643,0.10507832527160643,1-5 km
VEH_10,VEH_10_FINAL_0117,Final,2026-06-25 05:40:10.063000+00:00,2026-06-25 05:48:38+00:00,2.2176049,8.465616666666667,19.59493670886076,56.0,17.550303100517805,1317.331818181818,2707.0,648.8696991597029,0.0,0.3497106605512452,0.34,2.677,High,2026-06-25 05:40:10.063000+00:00,2026-06-25 14:40:10.063000+09:00,14,3,0,validation,0.41169497,-0.07169497370719907,0.07169497370719907,1-5 km
VEH_11,VEH_11_FINAL_0059,Final,2026-06-25 05:42:46.687000+00:00,2026-06-25 06:09:37+00:00,24.909014,26.83855,35.855555555555554,93.0,28.596255042734803,1039.0757575757575,1719.0,421.25240078826926,0.0,0.0631930881525373,5.97,24.163,High,2026-06-25 05:42:46.687000+00:00,2026-06-25 14:42:46.687000+09:00,14,3,0,validation,6.4738517,-0.5038516807556155,0.5038516807556155,20-50 km
VEH_02,VEH_02_FINAL_0109,Final,2026-06-25 05:46:10+00:00,2026-06-25 05:52:40.127000+00:00,0.7974102,6.502116666666667,15.384615384615383,65.0,18.677582043881294,1339.0,2432.5,590.1799301907851,0.0,0.2367107607899971,0.21,16.296,High,2026-06-25 05:46:10+00:00,2026-06-25 14:46:10+09:00,14,3,0,validation,0.24925645,-0.039256446957588204,0.039256446957588204,0.5-1 km
VEH_08,VEH_08_FINAL_0065,Final,2026-06-25 05:47:27.063000+00:00,2026-06-25 06:02:48+00:00,4.508491,15.34895,18.753246753246753,51.0,15.50714610647892,1256.796153846154,2312.75,476.6110430228835,0.0,0.1799166343727256,0.56,3.703,High,2026-06-25 05:47:27.063000+00:00,2026-06-25 14:47:27.063000+09:00,14,3,0,validation,0.6373449,-0.07734489679336543,0.07734489679336543,1-5 km
VEH_04,VEH_04_FINAL_0076,Final,2026-06-25 05:53:01+00:00,2026-06-25 05:55:47+00:00,0.41388264,2.7666666666666666,21.043478260869566,34.0,8.259267579221511,1264.7903225806451,2083.5,454.7531903130488,0.0,0.0,0.16,8.013,High,2026-06-25 05:53:01+00:00,2026-06-25 14:53:01+09:00,14,3,0,validation,0.106396414,0.053603585660457614,0.053603585660457614,0-0.5 km
VEH_05,VEH_05_FINAL_0091,Final,2026-06-25 05:54:25.063000+00:00,2026-06-25 06:32:15+00:00,40.734592,37.83228333333333,48.30252100840336,89.0,29.38488567698637,1056.7865853658536,1776.5,404.0582567910514,0.0,0.0600542250791491,9.01,8.297,High,2026-06-25 05:54:25.063000+00:00,2026-06-25 14:54:25.063000+09:00,14,3,0,validation,9.632694,-0.6226942443847658,0.6226942443847658,20-50 km
VEH_06,VEH_06_FINAL_0140,Final,2026-06-25 05:54:27.063000+00:00,2026-06-25 07:18:22+00:00,77.97109,83.91561666666666,45.85756676557863,88.0,24.660493712869098,1005.5416666666666,1946.25,426.8058305762573,0.0,0.1005111579502346,19.36,20.95,High,2026-06-25 05:54:27.063000+00:00,2026-06-25 14:54:27.063000+09:00,14,3,0,validation,18.520666,0.839333877563476,0.839333877563476,50+ km
VEH_01,VEH_01_FINAL_0177,Final,2026-06-25 05:55:51.063000+00:00,2026-06-25 05:57:44+00:00,0.22557616,1.8822833333333333,6.083333333333333,16.0,6.277716322216402,1112.821428571429,1641.0,420.8299986397144,0.0,0.3062633385914447,0.06,2.597,High,2026-06-25 05:55:51.063000+00:00,2026-06-25 14:55:51.063000+09:00,14,3,0,validation,0.064855926,-0.004855925738811495,0.004855925738811495,0-0.5 km
VEH_09,VEH_09_FINAL_0156,Final,2026-06-25 05:56:00.063000+00:00,2026-06-25 05:58:03.063000+00:00,0.35289687,2.05,9.923076923076923,23.0,8.30163596909149,1091.328947368421,1732.25,417.01064965442765,0.0,0.1077661932517855,0.06,16.434,High,2026-06-25 05:56:00.063000+00:00,2026-06-25 14:56:00.063000+09:00,14,3,0,validation,0.09947507,-0.03947507083415985,0.03947507083415985,0-0.5 km
VEH_03,VEH_03_FINAL_0060,Final,2026-06-25 06:00:14.063000+00:00,2026-06-25 06:07:47+00:00,1.3355796,7.54895,14.865384615384617,53.0,15.58479146001226,1238.8161764705883,2341.75,583.380741343657,0.0,0.2383942107922959,0.27,1.823,High,2026-06-25 06:00:14.063000+00:00,2026-06-25 15:00:14.063000+09:00,15,3,0,validation,0.2677103,0.002289701700210589,0.002289701700210589,1-5 km
VEH_01,VEH_01_FINAL_0178,Final,2026-06-25 06:02:14.063000+00:00,2026-06-25 06:10:05+00:00,2.1980267,7.84895,14.225806451612904,43.0,12.122252738101528,1083.7785714285717,2088.25,385.8614100361709,0.0,0.0487567017497573,0.23,1.28,High,2026-06-25 06:02:14.063000+00:00,2026-06-25 15:02:14.063000+09:00,15,3,0,validation,0.30153683,-0.07153682827949523,0.07153682827949523,1-5 km
VEH_09,VEH_09_FINAL_0157,Final,2026-06-25 06:02:28.063000+00:00,2026-06-25 06:15:19+00:00,3.8852322,12.84895,18.53703703703704,59.0,13.9771148442373,1174.539351851852,2280.0,452.2924262520325,0.0,0.0596705834122108,0.45,1.12,High,2026-06-25 06:02:28.063000+00:00,2026-06-25 15:02:28.063000+09:00,15,3,0,validation,0.6272928,-0.17729281187057494,0.17729281187057494,1-5 km
VEH_10,VEH_10_FINAL_0118,Final,2026-06-25 06:02:42.063000+00:00,2026-06-25 06:15:20+00:00,1.8541955,12.632283333333334,12.950819672131148,50.0,15.317862956615254,1241.8815789473683,2660.75,554.04830606197,0.0,0.3921545073814899,0.36,2.917,High,2026-06-25 06:02:42.063000+00:00,2026-06-25 15:02:42.063000+09:00,15,3,0,validation,0.31788528,0.042114720344543444,0.042114720344543444,1-5 km
VEH_08,VEH_08_FINAL_0066,Final,2026-06-25 06:09:04.063000+00:00,2026-06-25 06:11:33.127000+00:00,0.67286986,2.4844,16.791666666666668,38.0,12.233761913473533,1287.8235294117646,2288.0,490.560834243242,0.0,0.1376881441388003,0.12,0.12,High,2026-06-25 06:09:04.063000+00:00,2026-06-25 15:09:04.063000+09:00,15,3,0,validation,0.15449458,-0.034494583606719975,0.034494583606719975,0.5-1 km
VEH_03,VEH_03_FINAL_0061,Final,2026-06-25 06:09:05.063000+00:00,2026-06-25 06:09:55.063000+00:00,0.22058147,0.8333333333333334,16.6,33.0,10.081666528902849,1160.826923076923,1936.0,441.78770772648807,0.0,0.0,0.04,0.834,High,2026-06-25 06:09:05.063000+00:00,2026-06-25 15:09:05.063000+09:00,15,3,0,validation,0.042144068,-0.0021440675854682914,0.0021440675854682914,0-0.5 km
VEH_11,VEH_11_FINAL_0060,Final,2026-06-25 06:13:34.940000+00:00,2026-06-25 07:40:41+00:00,87.54943,87.10100000000001,43.74425287356322,92.0,29.895038535507915,1200.7155172413793,1821.5,424.7600221267843,0.0,0.1160825906467967,20.24,5.837,High,2026-06-25 06:13:34.940000+00:00,2026-06-25 15:13:34.940000+09:00,15,3,0,validation,21.465624,-1.2256238555908219,1.2256238555908219,50+ km
VEH_08,VEH_08_FINAL_0067,Final,2026-06-25 06:13:35.063000+00:00,2026-06-25 06:33:02+00:00,6.4389205,19.44895,17.451851851851853,50.0,15.689448456428956,1141.278125,2105.5,432.49706284000865,0.0,0.1438596352235016,0.46,3.823,High,2026-06-25 06:13:35.063000+00:00,2026-06-25 15:13:35.063000+09:00,15,3,0,validation,0.7048205,-0.24482051372528074,0.24482051372528074,5-20 km
VEH_03,VEH_03_FINAL_0062,Final,2026-06-25 06:15:03.127000+00:00,2026-06-25 06:16:54+00:00,0.24607092,1.847883333333333,7.416666666666667,25.0,7.761640004248815,1032.8,1871.25,431.6433635923681,0.0,0.1347951277556247,0.04,1.483,High,2026-06-25 06:15:03.127000+00:00,2026-06-25 15:15:03.127000+09:00,15,3,0,validation,0.081835374,-0.04183537423610687,0.04183537423610687,0-0.5 km
VEH_01,VEH_01_FINAL_0179,Final,2026-06-25 06:16:29.063000+00:00,2026-06-25 06:33:19+00:00,1.9759957,16.832283333333333,7.774509803921568,39.0,9.666910270167635,1132.233870967742,1971.75,431.9588911121312,0.0,0.2433237477582342,0.51,18.29,High,2026-06-25 06:16:29.063000+00:00,2026-06-25 15:16:29.063000+09:00,15,3,0,validation,0.3317639,0.17823610663414002,0.17823610663414002,1-5 km
VEH_09,VEH_09_FINAL_0158,Final,2026-06-25 06:19:06.063000+00:00,2026-06-25 06:27:11+00:00,3.7641346,8.082283333333333,21.516129032258064,77.0,19.76127031267088,1163.3243243243244,2182.25,417.4495513494304,0.0,0.097835193643415,0.4,21.113,High,2026-06-25 06:19:06.063000+00:00,2026-06-25 15:19:06.063000+09:00,15,3,0,validation,0.6838072,-0.28380719423294065,0.28380719423294065,1-5 km
VEH_10,VEH_10_FINAL_0119,Final,2026-06-25 06:24:44.063000+00:00,2026-06-25 06:25:28+00:00,0.12020197,0.7322833333333333,6.875,21.0,7.270445309607934,1040.25,1535.0,365.1764299622855,0.0,0.0442824074074074,0.01,2.87,High,2026-06-25 06:24:44.063000+00:00,2026-06-25 15:24:44.063000+09:00,15,3,0,validation,-0.007290101,0.017290101144462826,0.017290101144462826,0-0.5 km
VEH_09,VEH_09_FINAL_0159,Final,2026-06-25 06:29:21.127000+00:00,2026-06-25 06:41:30+00:00,3.2768505,12.147883333333334,16.919540229885058,41.0,12.205348734044671,1121.9551282051282,2038.25,413.85779203125264,0.0,0.1168883977900552,0.34,18.333,High,2026-06-25 06:29:21.127000+00:00,2026-06-25 15:29:21.127000+09:00,15,3,0,validation,0.4324697,-0.09246969580650327,0.09246969580650327,1-5 km
VEH_10,VEH_10_FINAL_0120,Final,2026-06-25 06:35:25.063000+00:00,2026-06-25 06:39:25.127000+00:00,0.8274102,4.0010666666666665,12.107142857142858,43.0,12.887810646704354,1170.8194444444443,2292.0,501.8216247773065,0.0,0.1953334345745176,0.14,0.433,High,2026-06-25 06:35:25.063000+00:00,2026-06-25 15:35:25.063000+09:00,15,3,0,validation,0.16080701,-0.0208070135116577,0.0208070135116577,0.5-1 km
VEH_08,VEH_08_FINAL_0068,Final,2026-06-25 06:35:50.063000+00:00,2026-06-25 06:42:57+00:00,1.0250903,7.115616666666667,10.191489361702128,44.0,12.36955476223151,1147.0862068965516,2274.5,463.6464275822151,0.0,0.2256667299255406,0.18,1.703,High,2026-06-25 06:35:50.063000+00:00,2026-06-25 15:35:50.063000+09:00,15,3,0,validation,0.24583597,-0.06583597481250764,0.06583597481250764,1-5 km
VEH_01,VEH_01_FINAL_0180,Final,2026-06-25 06:36:55.063000+00:00,2026-06-25 06:43:36.063000+00:00,1.4542253,6.683333333333334,15.977272727272728,43.0,12.158963465772215,1120.645161290323,1813.0,417.1750414616416,0.0,0.1463887976592123,0.21,16.567,High,2026-06-25 06:36:55.063000+00:00,2026-06-25 15:36:55.063000+09:00,15,3,0,validation,0.33390012,-0.12390012383461,0.12390012383461,1-5 km
VEH_10,VEH_10_FINAL_0121,Final,2026-06-25 06:45:48.127000+00:00,2026-06-25 06:54:03+00:00,1.789668,8.247883333333332,16.0,43.0,13.627233488030996,1214.7881355932204,2316.75,537.9861396629148,0.0,0.2855176820988007,0.23,17.763,High,2026-06-25 06:45:48.127000+00:00,2026-06-25 15:45:48.127000+09:00,15,3,0,validation,0.30546632,-0.07546632409095763,0.07546632409095763,1-5 km
VEH_12,VEH_12_FINAL_0132,Final,2026-06-25 06:48:57.063000+00:00,2026-06-25 07:27:27+00:00,41.24633,38.49895,42.69421487603306,89.0,29.345432853210024,1127.3444444444444,1838.25,416.0430643070795,0.0,0.0645766029650924,11.11,15.273,High,2026-06-25 06:48:57.063000+00:00,2026-06-25 15:48:57.063000+09:00,15,3,0,validation,11.093493,0.016506538391112713,0.016506538391112713,20-50 km
VEH_01,VEH_01_FINAL_0181,Final,2026-06-25 06:49:45.063000+00:00,2026-06-25 06:55:00.063000+00:00,0.89469033,5.25,11.151515151515152,26.0,9.082521383074903,1093.0555555555557,1903.5,442.4858092165496,0.0,0.1564140097825698,0.13,0.48,High,2026-06-25 06:49:45.063000+00:00,2026-06-25 15:49:45.063000+09:00,15,3,0,validation,0.197276,-0.06727599620819091,0.06727599620819091,0.5-1 km
VEH_09,VEH_09_FINAL_0160,Final,2026-06-25 06:57:19.063000+00:00,2026-06-25 07:00:15+00:00,0.10417693,2.932283333333334,7.380952380952381,19.0,6.267650812865866,1093.779411764706,1695.5,375.01107711436674,0.0,0.1327425485787237,0.09,17.64,High,2026-06-25 06:57:19.063000+00:00,2026-06-25 15:57:19.063000+09:00,15,3,0,validation,0.10986267,-0.019862670302391056,0.019862670302391056,0-0.5 km
VEH_01,VEH_01_FINAL_0182,Final,2026-06-25 06:58:44.063000+00:00,2026-06-25 07:09:28+00:00,1.9009007,10.732283333333331,13.07936507936508,46.0,13.293155641098284,1091.392857142857,1992.5,405.1867130706282,0.0,0.1822160021385905,0.27,2.12,High,2026-06-25 06:58:44.063000+00:00,2026-06-25 15:58:44.063000+09:00,15,3,0,validation,0.2897108,-0.01971078991889952,0.01971078991889952,1-5 km
VEH_07,VEH_07_FINAL_0085,Final,2026-06-25 07:00:25+00:00,2026-06-25 07:19:38+00:00,9.356988,19.216666666666665,30.96527777777778,98.0,28.55219713146347,1449.551094890511,3064.25,643.7821277779047,0.0218978102189781,0.1993619385597017,1.51,5.07,High,2026-06-25 07:00:25+00:00,2026-06-25 16:00:25+09:00,16,3,0,validation,1.3407756,0.16922439098358155,0.16922439098358155,5-20 km
VEH_09,VEH_09_FINAL_0161,Final,2026-06-25 07:01:14.063000+00:00,2026-06-25 07:11:14+00:00,1.4063652,9.99895,13.01639344262295,39.0,11.937668448082754,1127.1647727272727,2530.25,473.9979980034853,0.0,0.1455205415152487,0.3,17.46,High,2026-06-25 07:01:14.063000+00:00,2026-06-25 16:01:14.063000+09:00,16,3,0,validation,0.27449468,0.025505322217941273,0.025505322217941273,1-5 km
VEH_01,VEH_01_FINAL_0183,Final,2026-06-25 07:13:16.063000+00:00,2026-06-25 07:16:52+00:00,0.33673275,3.5989500000000003,5.071428571428571,18.0,6.052912943537254,1028.9375,1533.25,353.70056522961625,0.0,0.2763439362024735,0.09,1.457,High,2026-06-25 07:13:16.063000+00:00,2026-06-25 16:13:16.063000+09:00,16,3,0,validation,0.26179692,-0.17179692149162293,0.17179692149162293,0-0.5 km
VEH_01,VEH_01_FINAL_0184,Final,2026-06-25 07:19:32.127000+00:00,2026-06-25 07:28:54.127000+00:00,1.9514694,9.366666666666667,11.706666666666669,53.0,12.72768461093987,1199.0865384615386,1868.0,391.4517908125156,0.0,0.1553207550453467,0.28,16.476,High,2026-06-25 07:19:32.127000+00:00,2026-06-25 16:19:32.127000+09:00,16,3,0,validation,0.29251117,-0.0125111651420593,0.0125111651420593,1-5 km
VEH_03,VEH_03_FINAL_0063,Final,2026-06-25 07:21:38.063000+00:00,2026-06-25 07:23:52.063000+00:00,0.38224745,2.2333333333333334,11.0,30.0,10.120111988840176,1137.7962962962963,1994.75,473.97800404619613,0.0,0.1056334851833476,0.08,0.16,High,2026-06-25 07:21:38.063000+00:00,2026-06-25 16:21:38.063000+09:00,16,3,0,validation,0.094542794,-0.014542793929576872,0.014542793929576872,0-0.5 km
VEH_02,VEH_02_FINAL_0111,Final,2026-06-25 07:24:40+00:00,2026-06-25 07:27:33.063000+00:00,0.5161934,2.884383333333333,11.571428571428571,30.0,11.922653222498152,1083.3823529411766,2022.75,460.5296352925607,0.0,0.3379196982298509,0.31,0.144,High,2026-06-25 07:24:40+00:00,2026-06-25 16:24:40+09:00,16,3,0,validation,0.10099846,0.20900153875350952,0.20900153875350952,0.5-1 km
VEH_08,VEH_08_FINAL_0069,Final,2026-06-25 07:25:43.063000+00:00,2026-06-25 08:14:18+00:00,30.222256,48.58228333333333,33.666666666666664,101.0,28.004093268057833,1325.3781512605042,2760.5,562.6058521929826,0.0,0.144935230461665,2.89,23.223,High,2026-06-25 07:25:43.063000+00:00,2026-06-25 16:25:43.063000+09:00,16,3,0,validation,2.8160517,0.07394827842712415,0.07394827842712415,20-50 km
VEH_10,VEH_10_FINAL_0123,Final,2026-06-25 07:26:32.063000+00:00,2026-06-25 07:53:59+00:00,14.246954,27.44895,32.58641975308642,81.0,22.108499304629877,1294.9744525547446,2386.5,525.9649736858989,0.0,0.1182612875222137,1.25,3.96,High,2026-06-25 07:26:32.063000+00:00,2026-06-25 16:26:32.063000+09:00,16,3,0,validation,1.4233292,-0.17332923412322998,0.17332923412322998,5-20 km
VEH_01,VEH_01_FINAL_0185,Final,2026-06-25 07:32:49.063000+00:00,2026-06-25 07:38:49+00:00,1.1635424,5.99895,13.428571428571429,32.0,9.644003459201391,1148.9444444444443,1985.0,422.6023398590228,0.0,0.2202219674084541,0.16,1.29,High,2026-06-25 07:32:49.063000+00:00,2026-06-25 16:32:49.063000+09:00,16,3,0,validation,0.23947495,-0.07947495222091674,0.07947495222091674,1-5 km
VEH_03,VEH_03_FINAL_0064,Final,2026-06-25 07:39:59.063000+00:00,2026-06-25 08:34:26+00:00,23.540665,54.44895,24.08564231738035,138.0,26.007995678194817,1299.734947643979,3952.0,604.0491491673621,0.0183246073298429,0.159349192884409,3.13,18.97,High,2026-06-25 07:39:59.063000+00:00,2026-06-25 16:39:59.063000+09:00,16,3,0,validation,2.7459211,0.3840788650512694,0.3840788650512694,20-50 km
VEH_09,VEH_09_FINAL_0163,Final,2026-06-25 07:50:47+00:00,2026-06-25 08:13:27+00:00,6.5519004,22.666666666666668,21.52517985611511,61.0,16.589556797932378,1233.5849056603774,2080.0,492.84315203521896,0.0,0.1784560811294037,1.5,18.273,High,2026-06-25 07:50:47+00:00,2026-06-25 16:50:47+09:00,16,3,0,validation,0.7117756,0.7882243990898132,0.7882243990898132,5-20 km
VEH_02,VEH_02_FINAL_0113,Final,2026-06-25 07:58:00.063000+00:00,2026-06-25 08:24:29+00:00,15.570081,26.48228333333333,32.60666666666667,84.0,23.011271634184457,1323.0424528301887,2658.5,551.3857590410083,0.0,0.1697030997950908,1.33,1.667,High,2026-06-25 07:58:00.063000+00:00,2026-06-25 16:58:00.063000+09:00,16,3,0,validation,1.4546136,-0.12461356639862053,0.12461356639862053,5-20 km
VEH_12,VEH_12_FINAL_0133,Final,2026-06-25 08:11:50.063000+00:00,2026-06-25 08:43:35+00:00,37.35535,31.748949999999997,54.82142857142857,89.0,27.706437585396458,1156.7065217391305,1821.5,439.7992541821849,0.0,0.0052987231623988,8.66,11.457,High,2026-06-25 08:11:50.063000+00:00,2026-06-25 17:11:50.063000+09:00,17,3,0,validation,8.841673,-0.18167289733886705,0.18167289733886705,20-50 km
VEH_02,VEH_02_FINAL_0114,Final,2026-06-25 08:27:20.063000+00:00,2026-06-25 08:34:43+00:00,1.707821,7.382283333333333,21.52238805970149,75.0,18.843707694355302,1336.6491228070176,3112.75,632.5784724562005,0.0175438596491228,0.1874419388221703,0.4,19.677,High,2026-06-25 08:27:20.063000+00:00,2026-06-25 17:27:20.063000+09:00,17,3,0,validation,0.39096874,0.009031260013580344,0.009031260013580344,1-5 km
VEH_11,VEH_11_FINAL_0061,Final,2026-06-25 08:49:43.630000+00:00,2026-06-25 10:25:36+00:00,88.78939,95.87283333333332,41.51069518716577,94.0,25.784973509294197,1145.239754098361,1859.5,422.5233520046955,0.0,0.0207725236004113,24.46,2.13,High,2026-06-25 08:49:43.630000+00:00,2026-06-25 17:49:43.630000+09:00,17,3,0,validation,22.980873,1.4791268920898446,1.4791268920898446,50+ km
VEH_05,VEH_05_FINAL_0092,Final,2026-06-25 08:52:51+00:00,2026-06-25 09:34:33+00:00,39.5173,41.7,38.52475247524752,89.0,26.67315707049033,1004.445,1866.0,389.5162168960363,0.0,0.046403432577269,9.98,4.823,High,2026-06-25 08:52:51+00:00,2026-06-25 17:52:51+09:00,17,3,0,validation,9.544909,0.4350914764404301,0.4350914764404301,20-50 km
VEH_12,VEH_12_FINAL_0138,Final,2026-06-25 10:06:07.063000+00:00,2026-06-25 10:41:46+00:00,39.46049,35.64895,45.66386554621849,89.0,30.852121485946515,1158.7241379310344,1830.25,453.8493519274282,0.0,0.0698167003109022,11.45,4.823,High,2026-06-25 10:06:07.063000+00:00,2026-06-25 19:06:07.063000+09:00,19,3,0,validation,11.594169,-0.14416866302490305,0.14416866302490305,20-50 km
VEH_05,VEH_05_FINAL_0095,Final,2026-06-25 10:24:39.063000+00:00,2026-06-25 10:26:56+00:00,0.6443603,2.2822833333333334,14.352941176470589,38.0,12.170075046752942,960.0,1514.5,401.9878574036783,0.0,0.1413316680977285,0.3,8.083,High,2026-06-25 10:24:39.063000+00:00,2026-06-25 19:24:39.063000+09:00,19,3,0,validation,0.711467,-0.4114670276641846,0.4114670276641846,0.5-1 km
VEH_11,VEH_11_FINAL_0063,Final,2026-06-25 10:36:52.480000+00:00,2026-06-25 10:39:22+00:00,0.6523187,2.492,9.11111111111111,28.0,9.4097401598845,607.5,1007.5,400.0,0.0,0.0268660642155297,0.25,20.347,High,2026-06-25 10:36:52.480000+00:00,2026-06-25 19:36:52.480000+09:00,19,3,0,validation,0.115099154,0.13490084558725357,0.13490084558725357,0.5-1 km
VEH_06,VEH_06_FINAL_0143,Final,2026-06-25 10:57:25.063000+00:00,2026-06-25 11:00:30+00:00,0.72692025,3.0822833333333337,13.952380952380953,40.0,13.95392482925824,898.7,1394.75,461.1945196985758,0.0,0.0716995022646159,0.34,8.197,High,2026-06-25 10:57:25.063000+00:00,2026-06-25 19:57:25.063000+09:00,19,3,0,validation,0.5313019,-0.19130191564559934,0.19130191564559934,0.5-1 km
VEH_12,VEH_12_FINAL_0140,Final,2026-06-25 11:13:22.063000+00:00,2026-06-25 11:16:02+00:00,0.2118572,2.6656166666666667,2.44,11.0,3.2009998437988094,804.25,1178.5,352.1697625672407,0.0,0.1374454018515296,0.21,18.32,High,2026-06-25 11:13:22.063000+00:00,2026-06-25 20:13:22.063000+09:00,20,3,0,validation,0.5086526,-0.29865262746810917,0.29865262746810917,0-0.5 km
VEH_06,VEH_06_FINAL_0147,Final,2026-06-25 15:20:51+00:00,2026-06-25 15:56:04+00:00,38.772507,35.21666666666667,41.25773195876289,89.0,29.49026690755222,1190.0988372093022,1880.25,437.43285909906007,0.0,0.0613970353658962,13.46,11.377,High,2026-06-25 15:20:51+00:00,2026-06-26 00:20:51+09:00,0,4,0,validation,11.810237,1.6497630691528329,1.6497630691528329,20-50 km
VEH_12,VEH_12_FINAL_0143,Final,2026-06-25 15:36:53+00:00,2026-06-25 16:30:34+00:00,62.50667,53.68333333333333,40.63157894736842,89.0,30.222062104657955,1096.3275862068965,1612.5,386.614138160011,0.0,0.113506132737168,16.6,4.53,High,2026-06-25 15:36:53+00:00,2026-06-26 00:36:53+09:00,0,4,0,validation,15.997741,0.6022592544555678,0.6022592544555678,50+ km
VEH_06,VEH_06_FINAL_0149,Final,2026-06-25 16:32:37+00:00,2026-06-25 17:04:28+00:00,31.633808,31.85,46.98425196850393,89.0,32.3981102423443,964.2763157894736,1481.0,352.04195599553674,0.0,0.1321089798965051,7.28,8.127,High,2026-06-25 16:32:37+00:00,2026-06-26 01:32:37+09:00,1,4,0,validation,6.7010937,0.5789063262939456,0.5789063262939456,20-50 km
VEH_12,VEH_12_FINAL_0144,Final,2026-06-25 16:45:21.063000+00:00,2026-06-25 17:13:06+00:00,18.958183,27.748949999999997,32.96938775510204,84.0,26.90893717011425,987.7068965517242,1667.0,417.9063584526996,0.0,0.1253922587492137,5.31,3.493,High,2026-06-25 16:45:21.063000+00:00,2026-06-26 01:45:21.063000+09:00,1,4,0,validation,6.6537404,-1.3437404060363773,1.3437404060363773,5-20 km
VEH_05,VEH_05_FINAL_0101,Final,2026-06-25 17:09:57.063000+00:00,2026-06-25 18:13:56+00:00,76.72408,63.982283333333335,50.770270270270274,100.0,31.53185746292294,1139.733173076923,1866.5,416.298013898107,0.0,0.0347941524412112,17.72,20.477,High,2026-06-25 17:09:57.063000+00:00,2026-06-26 02:09:57.063000+09:00,2,4,0,validation,18.131039,-0.4110386657714855,0.4110386657714855,50+ km
VEH_12,VEH_12_FINAL_0146,Final,2026-06-25 17:23:01.063000+00:00,2026-06-25 17:24:10+00:00,0.12361419,1.14895,3.0,13.0,4.3094580368566735,781.5,1286.0,409.3187938514429,0.0,0.1153303362285946,0.06,4.067,High,2026-06-25 17:23:01.063000+00:00,2026-06-26 02:23:01.063000+09:00,2,4,0,validation,3.7210653,-3.661065282821655,3.661065282821655,0-0.5 km
VEH_06,VEH_06_FINAL_0150,Final,2026-06-25 17:27:18.063000+00:00,2026-06-25 18:23:28+00:00,67.49683,56.165616666666665,48.95967741935484,93.0,33.17193703038089,983.7619047619048,1737.75,394.5137413578663,0.0,0.1237240758170783,14.76,5.12,High,2026-06-25 17:27:18.063000+00:00,2026-06-26 02:27:18.063000+09:00,2,4,0,validation,15.233181,-0.4731809997558596,0.4731809997558596,50+ km
VEH_12,VEH_12_FINAL_0147,Final,2026-06-25 17:36:44.127000+00:00,2026-06-25 18:19:05+00:00,39.574963,42.347883333333336,41.18348623853211,91.0,31.864727022416393,1062.0258620689656,1734.5,421.9685514145308,0.0,0.1252805991320133,9.38,5.25,High,2026-06-25 17:36:44.127000+00:00,2026-06-26 02:36:44.127000+09:00,2,4,0,validation,9.568433,-0.1884328079223625,0.1884328079223625,20-50 km
VEH_12,VEH_12_FINAL_0148,Final,2026-06-25 18:34:33.063000+00:00,2026-06-25 19:07:59+00:00,40.61856,33.43228333333333,45.75,94.0,29.06486620248614,1124.2211538461538,1707.0,420.3648159573093,0.0,0.0199075405339644,9.83,5.46,High,2026-06-25 18:34:33.063000+00:00,2026-06-26 03:34:33.063000+09:00,3,4,0,validation,11.2780695,-1.448069496154785,1.448069496154785,20-50 km
VEH_06,VEH_06_FINAL_0152,Final,2026-06-25 18:53:21+00:00,2026-06-25 19:24:20+00:00,32.48578,30.983333333333334,41.293577981651374,95.0,32.34966719970999,1153.391304347826,1798.75,401.2845327554171,0.0,0.1525290914077499,8.620000000000001,6.737,High,2026-06-25 18:53:21+00:00,2026-06-26 03:53:21+09:00,3,4,0,validation,8.877826,-0.2578257369995107,0.2578257369995107,20-50 km
VEH_06,VEH_06_FINAL_0154,Final,2026-06-25 19:47:29+00:00,2026-06-25 19:59:17+00:00,5.930968,11.8,27.303030303030305,85.0,25.024817800910732,1107.032258064516,1768.25,437.465117235794,0.0,0.0974318345152436,2.16,7.46,High,2026-06-25 19:47:29+00:00,2026-06-26 04:47:29+09:00,4,4,0,validation,6.7915764,-4.631576385498047,4.631576385498047,5-20 km
VEH_06,VEH_06_FINAL_0156,Final,2026-06-25 20:32:24+00:00,2026-06-25 20:36:04.063000+00:00,0.33835387,3.6677166666666663,4.95,23.0,6.9027168564268955,867.4166666666666,1396.0,372.0523783316298,0.0,0.1213773603958396,6.7,0.84,High,2026-06-25 20:32:24+00:00,2026-06-26 05:32:24+09:00,5,4,0,validation,2.2502935,4.449706506729126,4.449706506729126,0-0.5 km
VEH_05,VEH_05_FINAL_0102,Final,2026-06-25 23:59:48.063000+00:00,2026-06-26 01:38:21+00:00,80.00619,98.54895,41.872727272727275,97.0,27.13561087225545,1075.44375,1744.0,402.6302771341273,0.0,0.0516227604001357,19.6,16.397,High,2026-06-25 23:59:48.063000+00:00,2026-06-26 08:59:48.063000+09:00,8,4,0,validation,19.684828,-0.08482780456542827,0.08482780456542827,50+ km
VEH_09,VEH_09_FINAL_0164,Final,2026-06-26 00:37:01.127000+00:00,2026-06-26 00:52:26+00:00,2.616085,15.41455,17.959183673469386,53.0,14.285655976557386,1187.7536764705883,2008.25,458.9589111844341,0.0,0.1805931685766799,0.51,18.003,High,2026-06-26 00:37:01.127000+00:00,2026-06-26 09:37:01.127000+09:00,9,4,0,validation,0.40835005,0.10164994955062867,0.10164994955062867,1-5 km
VEH_04,VEH_04_FINAL_0078,Final,2026-06-26 00:47:34.063000+00:00,2026-06-26 00:48:42+00:00,0.1,1.1322833333333333,0.6666666666666666,2.0,0.816496580927726,630.25,942.5,369.4523819113906,0.0,0.0868541820873427,0.03,4.47,High,2026-06-26 00:47:34.063000+00:00,2026-06-26 09:47:34.063000+09:00,9,4,0,validation,0.16121839,-0.13121838986873627,0.13121838986873627,0-0.5 km
VEH_09,VEH_09_FINAL_0165,Final,2026-06-26 00:58:48.063000+00:00,2026-06-26 01:01:11+00:00,0.10654941,2.3822833333333335,9.36842105263158,27.0,8.151270655327234,1077.4558823529412,2024.0,480.6078047891248,0.0,0.2460711042816232,0.08,1.347,High,2026-06-26 00:58:48.063000+00:00,2026-06-26 09:58:48.063000+09:00,9,4,0,validation,0.0956982,-0.01569820016622543,0.01569820016622543,0-0.5 km
VEH_09,VEH_09_FINAL_0166,Final,2026-06-26 01:11:46.063000+00:00,2026-06-26 01:19:19+00:00,2.1700292,7.54895,16.466666666666665,53.0,15.986939113608402,1180.5127118644068,2144.75,480.62366885872575,0.0,0.2282204410917282,0.27,1.777,High,2026-06-26 01:11:46.063000+00:00,2026-06-26 10:11:46.063000+09:00,10,4,0,validation,0.35292903,-0.08292902588844298,0.08292902588844298,1-5 km
VEH_09,VEH_09_FINAL_0167,Final,2026-06-26 01:32:03.063000+00:00,2026-06-26 01:33:06.127000+00:00,0.25736204,1.0510666666666666,13.545454545454543,26.0,8.105706590966822,1179.4,2025.75,443.96869540543065,0.0,0.0,0.03,0.64,High,2026-06-26 01:32:03.063000+00:00,2026-06-26 10:32:03.063000+09:00,10,4,0,validation,0.0029640254,0.027035974636673926,0.027035974636673926,0-0.5 km
VEH_03,VEH_03_FINAL_0066,Final,2026-06-26 01:34:05.063000+00:00,2026-06-26 02:19:18.127000+00:00,23.572319,45.21773333333333,29.481884057971016,99.0,23.805439445113446,1242.6795154185022,2423.0,517.9448140336445,0.0,0.1441001130555034,2.49,0.097,High,2026-06-26 01:34:05.063000+00:00,2026-06-26 10:34:05.063000+09:00,10,4,0,validation,2.4543757,0.035624256134033416,0.035624256134033416,20-50 km
VEH_09,VEH_09_FINAL_0168,Final,2026-06-26 01:40:23.063000+00:00,2026-06-26 01:53:04+00:00,3.7739558,12.682283333333334,21.633333333333333,66.0,16.543847463298523,1204.9571428571428,2303.75,501.2039468894385,0.0,0.1671047229726077,0.56,17.343,High,2026-06-26 01:40:23.063000+00:00,2026-06-26 10:40:23.063000+09:00,10,4,0,validation,0.6354818,-0.07548177480697627,0.07548177480697627,1-5 km
VEH_01,VEH_01_FINAL_0187,Final,2026-06-26 01:42:48.063000+00:00,2026-06-26 02:32:38+00:00,31.270893,49.83228333333333,33.78087649402391,112.0,30.907067243694605,1249.2259259259258,2415.5,518.9878717219826,0.0,0.1500024515954117,3.25,18.987,High,2026-06-26 01:42:48.063000+00:00,2026-06-26 10:42:48.063000+09:00,10,4,0,validation,3.0353856,0.2146143913269043,0.2146143913269043,20-50 km
VEH_06,VEH_06_FINAL_0160,Final,2026-06-26 01:48:28.063000+00:00,2026-06-26 02:27:10+00:00,41.323444,38.69895,54.36363636363637,89.0,27.55844278247668,1137.0326086956522,1604.0,389.2863614606626,0.0,0.0088376534850433,8.89,16.433,High,2026-06-26 01:48:28.063000+00:00,2026-06-26 10:48:28.063000+09:00,10,4,0,validation,11.106385,-2.216385231018066,2.216385231018066,20-50 km
VEH_10,VEH_10_FINAL_0128,Final,2026-06-26 01:57:13.063000+00:00,2026-06-26 02:36:28+00:00,11.766111,39.24895,24.885106382978723,79.0,19.77510770041849,1366.1528340080972,2731.75,568.1423518410955,0.0,0.2027950631923682,1.46,1.267,High,2026-06-26 01:57:13.063000+00:00,2026-06-26 10:57:13.063000+09:00,10,4,0,validation,1.6566696,-0.19666961669921879,0.19666961669921879,5-20 km
VEH_02,VEH_02_FINAL_0120,Final,2026-06-26 01:58:34.063000+00:00,2026-06-26 02:12:47.127000+00:00,2.8636892,14.217733333333332,17.96629213483146,73.0,19.56116850339028,1218.75,3249.5,525.0943027549569,0.010204081632653,0.1823534660932542,0.52,0.546,High,2026-06-26 01:58:34.063000+00:00,2026-06-26 10:58:34.063000+09:00,10,4,0,validation,0.4346721,0.08532791256904604,0.08532791256904604,1-5 km
VEH_09,VEH_09_FINAL_0170,Final,2026-06-26 02:00:10.063000+00:00,2026-06-26 02:11:12.063000+00:00,3.6541712,11.033333333333331,22.794520547945204,64.0,16.64369468343286,1169.4224137931035,2109.75,436.150238585641,0.0,0.1054401009789268,0.42,0.674,High,2026-06-26 02:00:10.063000+00:00,2026-06-26 11:00:10.063000+09:00,11,4,0,validation,0.54533726,-0.1253372597694397,0.1253372597694397,1-5 km
VEH_07,VEH_07_FINAL_0091,Final,2026-06-26 02:02:15.127000+00:00,2026-06-26 02:31:28+00:00,10.526461,29.21455,31.72222222222222,93.0,28.10615898410002,1430.4470588235297,2905.25,652.8237117842917,0.0,0.2777370588553528,1.66,1.903,High,2026-06-26 02:02:15.127000+00:00,2026-06-26 11:02:15.127000+09:00,11,4,0,validation,1.4428269,0.21717313289642326,0.21717313289642326,5-20 km
VEH_02,VEH_02_FINAL_0121,Final,2026-06-26 02:13:11+00:00,2026-06-26 02:30:26.063000+00:00,8.12856,17.251050000000003,31.302083333333332,85.0,21.2975545308154,1380.4123711340203,2845.25,624.3442808106563,0.0,0.0701560667241039,1.01,0.86,High,2026-06-26 02:13:11+00:00,2026-06-26 11:13:11+09:00,11,4,0,validation,1.0688403,-0.05884026527404784,0.05884026527404784,5-20 km
VEH_09,VEH_09_FINAL_0171,Final,2026-06-26 02:18:10.063000+00:00,2026-06-26 02:29:34+00:00,3.344502,11.39895,18.215686274509803,52.0,12.882293252017986,1177.9913793103449,2187.5,481.6025637179547,0.0,0.1642879642170914,0.45,17.397,High,2026-06-26 02:18:10.063000+00:00,2026-06-26 11:18:10.063000+09:00,11,4,0,validation,0.4217633,0.028236699104309093,0.028236699104309093,1-5 km
VEH_04,VEH_04_FINAL_0080,Final,2026-06-26 02:18:22+00:00,2026-06-26 02:49:13+00:00,22.487616,30.85,40.346820809248555,100.0,29.4641146241727,1394.441935483871,3232.0,581.0333729653398,0.0129032258064516,0.080408204506416,5.02,2.927,High,2026-06-26 02:18:22+00:00,2026-06-26 11:18:22+09:00,11,4,0,validation,2.2942905,2.7257094573974605,2.7257094573974605,20-50 km
VEH_03,VEH_03_FINAL_0067,Final,2026-06-26 02:28:18.063000+00:00,2026-06-26 02:31:18.063000+00:00,0.4374348,3.0,9.55,31.0,10.094429156718077,1082.108695652174,2116.75,485.4258262087758,0.0,0.2416321485836451,0.08,0.43,High,2026-06-26 02:28:18.063000+00:00,2026-06-26 11:28:18.063000+09:00,11,4,0,validation,0.097739935,-0.017739934921264647,0.017739934921264647,0-0.5 km
VEH_09,VEH_09_FINAL_0172,Final,2026-06-26 02:32:30.063000+00:00,2026-06-26 02:37:07+00:00,1.0079956,4.615616666666667,11.8,40.0,11.459057552870568,1171.0384615384614,1937.25,470.4119036521431,0.0,0.1510305837577492,0.15,19.04,High,2026-06-26 02:32:30.063000+00:00,2026-06-26 11:32:30.063000+09:00,11,4,0,validation,0.22368456,-0.07368456423282624,0.07368456423282624,1-5 km
VEH_02,VEH_02_FINAL_0122,Final,2026-06-26 02:36:27.063000+00:00,2026-06-26 02:39:51+00:00,0.3062999,3.39895,7.852941176470588,29.0,8.10276769324269,1078.2105263157894,2035.75,433.8268608008898,0.0,0.2660960913850105,0.09,17.0,High,2026-06-26 02:36:27.063000+00:00,2026-06-26 11:36:27.063000+09:00,11,4,0,validation,0.22299218,-0.1329921817779541,0.1329921817779541,0-0.5 km
VEH_01,VEH_01_FINAL_0188,Final,2026-06-26 02:36:54.063000+00:00,2026-06-26 02:40:57.063000+00:00,0.5834077,4.05,13.583333333333334,30.0,10.020465169952054,1100.659090909091,1702.75,379.8385912093462,0.0,0.1755603043886167,0.12,0.1,High,2026-06-26 02:36:54.063000+00:00,2026-06-26 11:36:54.063000+09:00,11,4,0,validation,0.16519399,-0.04519398987293244,0.04519398987293244,0.5-1 km
VEH_10,VEH_10_FINAL_0129,Final,2026-06-26 02:39:02.063000+00:00,2026-06-26 02:51:45+00:00,4.0330777,12.715616666666667,23.301075268817204,83.0,21.65555626446402,1315.5459770114942,3066.5,637.1345656787631,0.0114942528735632,0.2591030617609881,0.51,17.487,High,2026-06-26 02:39:02.063000+00:00,2026-06-26 11:39:02.063000+09:00,11,4,0,validation,0.76965255,-0.2596525454521179,0.2596525454521179,1-5 km
VEH_09,VEH_09_FINAL_0173,Final,2026-06-26 02:40:55.063000+00:00,2026-06-26 02:53:25+00:00,3.3844259,12.49895,17.0625,65.0,18.67139774494668,1140.7906976744189,2059.0,454.0616215807459,0.0,0.2938119693449541,0.44,17.657,High,2026-06-26 02:40:55.063000+00:00,2026-06-26 11:40:55.063000+09:00,11,4,0,validation,0.42043325,0.01956674695014954,0.01956674695014954,1-5 km
VEH_01,VEH_01_FINAL_0189,Final,2026-06-26 02:42:33.063000+00:00,2026-06-26 02:53:47.063000+00:00,2.3724267,11.233333333333333,11.844444444444443,47.0,11.32049381638953,1087.14,1720.75,365.80609672338704,0.0,0.1488878034408702,0.24,0.85,High,2026-06-26 02:42:33.063000+00:00,2026-06-26 11:42:33.063000+09:00,11,4,0,validation,0.37398595,-0.1339859461784363,0.1339859461784363,1-5 km
VEH_03,VEH_03_FINAL_0068,Final,2026-06-26 02:49:49.063000+00:00,2026-06-26 02:59:29.063000+00:00,2.1030736,9.666666666666666,11.435185185185183,51.0,13.502587645109164,1227.8636363636365,2540.0,520.4347678302967,0.0,0.2975823454187261,0.38,0.667,High,2026-06-26 02:49:49.063000+00:00,2026-06-26 11:49:49.063000+09:00,11,4,0,validation,0.32493183,0.05506816983222962,0.05506816983222962,1-5 km
VEH_08,VEH_08_FINAL_0070,Final,2026-06-26 02:52:50.063000+00:00,2026-06-26 02:56:36.063000+00:00,0.32754636,3.7666666666666666,14.22222222222222,33.0,10.343483664655135,1111.0192307692307,1795.75,404.2348893700588,0.0,0.1906896731480999,0.1,0.27,High,2026-06-26 02:52:50.063000+00:00,2026-06-26 11:52:50.063000+09:00,11,4,0,validation,0.12131832,-0.021318317949771876,0.021318317949771876,0-0.5 km
VEH_09,VEH_09_FINAL_0174,Final,2026-06-26 02:55:52.063000+00:00,2026-06-26 03:01:16+00:00,1.0594411,5.39895,12.113636363636363,32.0,9.936653701164165,1103.7954545454545,1826.5,415.32290036819296,0.0,0.2048803886980472,0.15,19.003,High,2026-06-26 02:55:52.063000+00:00,2026-06-26 11:55:52.063000+09:00,11,4,0,validation,0.26467857,-0.11467856764793397,0.11467856764793397,1-5 km
VEH_01,VEH_01_FINAL_0190,Final,2026-06-26 02:57:30.063000+00:00,2026-06-26 02:59:40+00:00,0.34470546,2.1656166666666667,7.5,19.0,7.776388764858803,1088.75,1521.75,341.23319555693877,0.0,0.1337806668064583,0.04,1.8,High,2026-06-26 02:57:30.063000+00:00,2026-06-26 11:57:30.063000+09:00,11,4,0,validation,0.35671386,-0.31671386122703554,0.31671386122703554,0-0.5 km
VEH_01,VEH_01_FINAL_0191,Final,2026-06-26 03:04:01.063000+00:00,2026-06-26 03:15:12+00:00,2.6081038,11.182283333333334,17.105263157894736,54.0,15.05042309893857,1168.984375,1930.5,417.9390574538861,0.0,0.2190447418621796,0.37,1.933,High,2026-06-26 03:04:01.063000+00:00,2026-06-26 12:04:01.063000+09:00,12,4,0,validation,0.41038328,-0.04038328409194947,0.04038328409194947,1-5 km
VEH_12,VEH_12_FINAL_0152,Final,2026-06-26 03:04:35.127000+00:00,2026-06-26 03:06:26+00:00,0.14220344,1.847883333333333,5.5,16.0,6.264982043070834,1279.25,1632.75,353.5,0.0,0.361205922439803,0.13,2.903,High,2026-06-26 03:04:35.127000+00:00,2026-06-26 12:04:35.127000+09:00,12,4,0,validation,0.034654852,0.09534514799714089,0.09534514799714089,0-0.5 km
VEH_09,VEH_09_FINAL_0175,Final,2026-06-26 03:05:30.063000+00:00,2026-06-26 03:09:21+00:00,0.6756534,3.84895,12.72093023255814,30.0,9.440943935353143,1117.140625,1783.25,400.7093365671798,0.0,0.0347485485250756,0.13,1.203,High,2026-06-26 03:05:30.063000+00:00,2026-06-26 12:05:30.063000+09:00,12,4,0,validation,0.14613634,-0.01613634347915649,0.01613634347915649,0.5-1 km
VEH_03,VEH_03_FINAL_0070,Final,2026-06-26 03:05:47.063000+00:00,2026-06-26 03:06:49.063000+00:00,0.13929749,1.0333333333333334,7.857142857142857,25.0,8.296790626132346,1102.767857142857,2338.75,528.5303365421971,0.0,0.0622361477572559,0.04,0.93,High,2026-06-26 03:05:47.063000+00:00,2026-06-26 12:05:47.063000+09:00,12,4,0,validation,0.105391756,-0.06539175570011138,0.06539175570011138,0-0.5 km
VEH_10,VEH_10_FINAL_0131,Final,2026-06-26 03:09:04.063000+00:00,2026-06-26 03:10:50+00:00,0.15374666,1.7656166666666666,12.5,31.0,11.992557215682924,943.1964285714286,1791.5,553.3734787207737,0.0,0.3079765937788727,0.04,1.77,High,2026-06-26 03:09:04.063000+00:00,2026-06-26 12:09:04.063000+09:00,12,4,0,validation,0.2857902,-0.24579020500183105,0.24579020500183105,0-0.5 km
VEH_09,VEH_09_FINAL_0176,Final,2026-06-26 03:13:36.063000+00:00,2026-06-26 03:21:36+00:00,1.9977623,7.99895,15.303030303030305,38.0,10.912836057472116,1137.9892857142856,1914.0,419.0490199668818,0.0,0.1473916254017895,0.3,1.523,High,2026-06-26 03:13:36.063000+00:00,2026-06-26 12:13:36.063000+09:00,12,4,0,validation,0.3196607,-0.019660693407058727,0.019660693407058727,1-5 km
VEH_01,VEH_01_FINAL_0192,Final,2026-06-26 03:20:37.063000+00:00,2026-06-26 03:25:25+00:00,1.3847398,4.7989500000000005,14.461538461538462,51.0,15.991738498275872,1073.0555555555557,1946.75,449.35933990296087,0.0,0.1743659621129355,0.17,2.957,High,2026-06-26 03:20:37.063000+00:00,2026-06-26 12:20:37.063000+09:00,12,4,0,validation,0.24017158,-0.07017158150672911,0.07017158150672911,1-5 km
VEH_03,VEH_03_FINAL_0071,Final,2026-06-26 03:21:53.127000+00:00,2026-06-26 03:38:53.127000+00:00,3.379071,17.0,14.601449275362318,52.0,13.97333892804979,1297.3587962962963,2706.5,574.0237084901079,0.0,0.290379126334078,0.59,15.486,High,2026-06-26 03:21:53.127000+00:00,2026-06-26 12:21:53.127000+09:00,12,4,0,validation,0.44744515,0.1425548458099365,0.1425548458099365,1-5 km
VEH_09,VEH_09_FINAL_0177,Final,2026-06-26 03:23:14.063000+00:00,2026-06-26 03:33:32+00:00,4.167368,10.29895,21.217391304347824,81.0,19.149200282402827,1189.6798245614036,2122.25,458.8309557479757,0.0,0.1582236292454,0.38,1.52,High,2026-06-26 03:23:14.063000+00:00,2026-06-26 12:23:14.063000+09:00,12,4,0,validation,0.6642784,-0.28427838802337646,0.28427838802337646,1-5 km
VEH_01,VEH_01_FINAL_0193,Final,2026-06-26 03:28:45.063000+00:00,2026-06-26 03:31:06+00:00,0.44472185,2.3489500000000003,11.058823529411764,30.0,10.62444787899889,1190.767857142857,2242.5,491.4445403992858,0.0,0.0358105258643488,0.15,5.31,High,2026-06-26 03:28:45.063000+00:00,2026-06-26 12:28:45.063000+09:00,12,4,0,validation,0.067917965,0.08208203464746475,0.08208203464746475,0-0.5 km
VEH_07,VEH_07_FINAL_0092,Final,2026-06-26 03:35:03.063000+00:00,2026-06-26 03:57:46+00:00,11.402027,22.715616666666666,31.702439024390245,91.0,25.10979293758181,1403.0181818181818,2678.0,595.2042565840613,0.0,0.1117452538421278,1.92,21.763,High,2026-06-26 03:35:03.063000+00:00,2026-06-26 12:35:03.063000+09:00,12,4,0,validation,1.2970755,0.6229244899749755,0.6229244899749755,5-20 km
VEH_02,VEH_02_FINAL_0124,Final,2026-06-26 03:36:07.063000+00:00,2026-06-26 03:59:54+00:00,12.481415,23.782283333333332,29.024844720496898,103.0,24.285811186285052,1374.673076923077,3112.75,612.3208925825547,0.017094017094017,0.1111658661343646,1.61,29.003,High,2026-06-26 03:36:07.063000+00:00,2026-06-26 12:36:07.063000+09:00,12,4,0,validation,1.5364431,0.07355688571929941,0.07355688571929941,5-20 km
VEH_01,VEH_01_FINAL_0194,Final,2026-06-26 03:36:40.063000+00:00,2026-06-26 03:42:43.187000+00:00,0.9854792,6.052066666666667,9.97222222222222,30.0,9.81066911046651,1240.4027777777778,1921.75,466.95621329111026,0.0,0.1193785744054185,0.21,16.196,High,2026-06-26 03:36:40.063000+00:00,2026-06-26 12:36:40.063000+09:00,12,4,0,validation,0.23754647,-0.02754647374153138,0.02754647374153138,0.5-1 km
VEH_04,VEH_04_FINAL_0081,Final,2026-06-26 03:37:12.063000+00:00,2026-06-26 03:44:14+00:00,2.409346,7.032283333333334,22.321428571428573,65.0,18.77032911544283,1307.9814814814815,2307.5,496.6431758330209,0.0,0.1307506302148512,0.39,5.497,High,2026-06-26 03:37:12.063000+00:00,2026-06-26 12:37:12.063000+09:00,12,4,0,validation,0.35824022,0.03175978302955629,0.03175978302955629,1-5 km
VEH_08,VEH_08_FINAL_0071,Final,2026-06-26 03:37:16.063000+00:00,2026-06-26 03:40:35+00:00,0.3680337,3.3156166666666667,15.93939393939394,37.0,11.138084797936488,1262.201923076923,1930.0,487.4973916065857,0.0,0.1326421672055334,0.16,19.43,High,2026-06-26 03:37:16.063000+00:00,2026-06-26 12:37:16.063000+09:00,12,4,0,validation,0.14838636,0.011613640785217288,0.011613640785217288,0-0.5 km
VEH_09,VEH_09_FINAL_0178,Final,2026-06-26 03:38:07.063000+00:00,2026-06-26 03:41:49+00:00,0.26707733,3.69895,8.173913043478262,30.0,8.711073282412965,1042.4833333333331,1604.75,345.0646251871605,0.0,0.3335574342387363,0.08,18.467,High,2026-06-26 03:38:07.063000+00:00,2026-06-26 12:38:07.063000+09:00,12,4,0,validation,0.123957746,-0.04395774573087692,0.04395774573087692,0-0.5 km
VEH_09,VEH_09_FINAL_0179,Final,2026-06-26 03:46:29.063000+00:00,2026-06-26 03:51:58+00:00,1.089246,5.482283333333333,14.92156862745098,36.0,10.737223391867142,1126.9485294117646,1941.25,434.20890192687585,0.0,0.0092367645426629,0.2,19.48,High,2026-06-26 03:46:29.063000+00:00,2026-06-26 12:46:29.063000+09:00,12,4,0,validation,0.24228391,-0.04228391051292418,0.04228391051292418,1-5 km
VEH_01,VEH_01_FINAL_0195,Final,2026-06-26 03:48:04.063000+00:00,2026-06-26 03:55:54+00:00,1.5635145,7.832283333333334,13.61111111111111,57.0,14.754053638421952,1158.3486842105262,1984.5,453.0881265921619,0.0,0.2195719775668445,0.3,18.003,High,2026-06-26 03:48:04.063000+00:00,2026-06-26 12:48:04.063000+09:00,12,4,0,validation,0.2679534,0.03204660415649413,0.03204660415649413,1-5 km
VEH_10,VEH_10_FINAL_0132,Final,2026-06-26 03:50:47.063000+00:00,2026-06-26 04:11:57+00:00,15.663352,21.165616666666665,39.5546875,96.0,28.40989280650921,1360.604838709677,2764.25,559.6494655506275,0.0,0.0463306198504371,1.43,1.437,High,2026-06-26 03:50:47.063000+00:00,2026-06-26 12:50:47.063000+09:00,12,4,0,validation,1.4357553,-0.005755252838134828,0.005755252838134828,5-20 km
VEH_09,VEH_09_FINAL_0180,Final,2026-06-26 03:56:28.063000+00:00,2026-06-26 04:00:16+00:00,0.93787926,3.79895,16.96551724137931,33.0,9.426604898099589,1146.5859375,1823.0,422.1911621296342,0.0,0.0604929183215562,0.12,21.317,High,2026-06-26 03:56:28.063000+00:00,2026-06-26 12:56:28.063000+09:00,12,4,0,validation,0.35488394,-0.23488393902778626,0.23488393902778626,0.5-1 km
VEH_01,VEH_01_FINAL_0196,Final,2026-06-26 04:00:59.063000+00:00,2026-06-26 04:06:48.063000+00:00,1.1103647,5.816666666666666,12.108108108108109,49.0,10.355267059820548,1045.4239130434785,1725.75,369.0732476698327,0.0,0.1890694370449298,0.14,0.854,High,2026-06-26 04:00:59.063000+00:00,2026-06-26 13:00:59.063000+09:00,13,4,0,validation,0.30473635,-0.16473634600639342,0.16473634600639342,1-5 km
VEH_11,VEH_11_FINAL_0069,Final,2026-06-26 04:07:17+00:00,2026-06-26 06:09:12+00:00,122.0004,121.91666666666669,41.17078189300412,92.0,28.81089275541374,1102.686170212766,1797.75,401.90979414277274,0.0,0.0319676545053715,33.87,21.0,High,2026-06-26 04:07:17+00:00,2026-06-26 13:07:17+09:00,13,4,0,validation,27.635662,6.234337921142576,6.234337921142576,50+ km
VEH_01,VEH_01_FINAL_0197,Final,2026-06-26 04:11:33.127000+00:00,2026-06-26 04:17:01+00:00,0.75701016,5.46455,8.928571428571429,25.0,7.596656084980377,1094.3970588235295,1603.0,342.95353246835924,0.0,0.1393800724547572,0.14,2.173,High,2026-06-26 04:11:33.127000+00:00,2026-06-26 13:11:33.127000+09:00,13,4,0,validation,0.30418012,-0.16418011546134947,0.16418011546134947,0.5-1 km
VEH_01,VEH_01_FINAL_0198,Final,2026-06-26 04:20:58.063000+00:00,2026-06-26 04:27:41+00:00,1.3991699,6.715616666666667,11.61904761904762,38.0,10.378440062966572,1116.74,1924.5,381.16580040711943,0.0,0.2275409879671098,0.15,2.56,High,2026-06-26 04:20:58.063000+00:00,2026-06-26 13:20:58.063000+09:00,13,4,0,validation,0.22401457,-0.07401456534862519,0.07401456534862519,1-5 km
VEH_08,VEH_08_FINAL_0072,Final,2026-06-26 04:36:39.063000+00:00,2026-06-26 05:08:02+00:00,26.45821,31.38228333333333,42.78260869565217,96.0,30.261119439248215,1369.4781746031747,2789.25,599.5353144508271,0.0,0.0841733917102714,2.2,4.287,High,2026-06-26 04:36:39.063000+00:00,2026-06-26 13:36:39.063000+09:00,13,4,0,validation,2.333409,-0.13340907096862775,0.13340907096862775,20-50 km
VEH_10,VEH_10_FINAL_0136,Final,2026-06-26 04:40:08.063000+00:00,2026-06-26 04:59:25.063000+00:00,9.481853,19.283333333333335,31.22142857142857,85.0,22.875460294242593,1374.0885416666667,2865.5,567.8179599572002,0.0,0.0761969849246231,0.94,0.084,High,2026-06-26 04:40:08.063000+00:00,2026-06-26 13:40:08.063000+09:00,13,4,0,validation,1.0955704,-0.15557044506073003,0.15557044506073003,5-20 km
VEH_01,VEH_01_FINAL_0200,Final,2026-06-26 04:40:16+00:00,2026-06-26 04:44:18+00:00,0.32409936,4.033333333333333,8.304347826086957,19.0,6.299998499714767,1084.78125,1813.0,414.25074376630573,0.0,0.0106012498873617,0.25,18.773,High,2026-06-26 04:40:16+00:00,2026-06-26 13:40:16+09:00,13,4,0,validation,0.14025941,0.10974058508872986,0.10974058508872986,0-0.5 km
VEH_02,VEH_02_FINAL_0125,Final,2026-06-26 04:48:42.127000+00:00,2026-06-26 05:01:06.063000+00:00,3.9700277,12.398933333333334,19.78481012658228,59.0,16.85956205121844,1278.0528169014085,2338.0,528.8092438682551,0.0,0.1505450710061401,0.53,0.867,High,2026-06-26 04:48:42.127000+00:00,2026-06-26 13:48:42.127000+09:00,13,4,0,validation,0.6375707,-0.10757067918777463,0.10757067918777463,1-5 km
VEH_01,VEH_01_FINAL_0201,Final,2026-06-26 04:48:51.063000+00:00,2026-06-26 05:00:17+00:00,1.2071903,11.432283333333334,10.295774647887324,34.0,9.33325776223172,1150.7714285714285,1925.75,430.4930162509217,0.0,0.2774784564645804,0.36,19.387,High,2026-06-26 04:48:51.063000+00:00,2026-06-26 13:48:51.063000+09:00,13,4,0,validation,0.27582362,0.08417637705802916,0.08417637705802916,1-5 km
VEH_05,VEH_05_FINAL_0103,Final,2026-06-26 04:54:12.127000+00:00,2026-06-26 06:31:09+00:00,77.88048,96.94788333333332,36.02675585284281,89.0,25.856420248573215,1002.6592741935484,1774.5,374.5618829619768,0.0,0.0696066054845744,19.07,14.96,High,2026-06-26 04:54:12.127000+00:00,2026-06-26 13:54:12.127000+09:00,13,4,0,validation,20.12731,-1.0573097991943357,1.0573097991943357,50+ km
VEH_02,VEH_02_FINAL_0126,Final,2026-06-26 05:02:56.063000+00:00,2026-06-26 05:19:08+00:00,4.8609514,16.19895,19.634408602150536,68.0,18.708163330158385,1330.6875,3676.75,682.350493692618,0.0357142857142857,0.2121724498353329,0.73,4.707,High,2026-06-26 05:02:56.063000+00:00,2026-06-26 14:02:56.063000+09:00,14,4,0,validation,0.7296372,0.00036279439926145685,0.00036279439926145685,1-5 km
VEH_09,VEH_09_FINAL_0182,Final,2026-06-26 05:04:16+00:00,2026-06-26 05:06:40+00:00,0.31812918,2.4,9.608695652173912,28.0,8.165351668109226,1123.946428571429,1905.5,406.3212924101029,0.0,0.0176056957018546,0.41,17.787,High,2026-06-26 05:04:16+00:00,2026-06-26 14:04:16+09:00,14,4,0,validation,0.04424311,0.36575689151883123,0.36575689151883123,0-0.5 km
VEH_03,VEH_03_FINAL_0072,Final,2026-06-26 05:05:37.063000+00:00,2026-06-26 05:06:49+00:00,0.18253191,1.19895,11.083333333333334,20.0,7.750896005552448,1235.7291666666667,1951.75,451.4106299785583,0.0,0.232167597296276,0.06,2.063,High,2026-06-26 05:05:37.063000+00:00,2026-06-26 14:05:37.063000+09:00,14,4,0,validation,0.05170274,0.00829725846648216,0.00829725846648216,0-0.5 km
VEH_10,VEH_10_FINAL_0137,Final,2026-06-26 05:08:59.063000+00:00,2026-06-26 05:32:45+00:00,15.173577,23.765616666666663,34.77777777777778,92.0,26.471799576898928,1392.0589430894308,2804.75,542.3147674489345,0.0,0.1632156854503998,1.38,3.173,High,2026-06-26 05:08:59.063000+00:00,2026-06-26 14:08:59.063000+09:00,14,4,0,validation,1.4486854,-0.06868540763854991,0.06868540763854991,5-20 km
VEH_08,VEH_08_FINAL_0073,Final,2026-06-26 05:10:19.063000+00:00,2026-06-26 05:25:29+00:00,4.6685643,15.165616666666669,19.935185185185187,59.0,16.63178190724466,1391.5691489361702,2779.5,588.2993208929494,0.0,0.2323523257706286,0.65,4.583,High,2026-06-26 05:10:19.063000+00:00,2026-06-26 14:10:19.063000+09:00,14,4,0,validation,0.63922036,0.010779643058776878,0.010779643058776878,1-5 km
VEH_01,VEH_01_FINAL_0202,Final,2026-06-26 05:11:13.063000+00:00,2026-06-26 05:13:18+00:00,0.30694443,2.0822833333333333,9.77777777777778,20.0,7.494854201795579,1088.7,1614.0,341.01152473193633,0.0,0.031394869681673,0.04,19.003,High,2026-06-26 05:11:13.063000+00:00,2026-06-26 14:11:13.063000+09:00,14,4,0,validation,-0.032589044,0.07258904442191125,0.07258904442191125,0-0.5 km
VEH_09,VEH_09_FINAL_0183,Final,2026-06-26 05:16:12.127000+00:00,2026-06-26 05:18:50+00:00,0.12549454,2.6312166666666665,7.575757575757576,23.0,6.932708172705466,1118.0288461538462,1791.0,416.4117514720895,0.0,0.0957148322917995,0.09,18.0,High,2026-06-26 05:16:12.127000+00:00,2026-06-26 14:16:12.127000+09:00,14,4,0,validation,0.1271274,-0.03712739408016205,0.03712739408016205,0-0.5 km
VEH_01,VEH_01_FINAL_0203,Final,2026-06-26 05:17:42.063000+00:00,2026-06-26 05:23:42+00:00,0.8410307,5.99895,12.659090909090908,30.0,8.347408911583887,1228.9857142857145,2036.5,490.6154150760085,0.0,0.1808995895318765,0.28,1.757,High,2026-06-26 05:17:42.063000+00:00,2026-06-26 14:17:42.063000+09:00,14,4,0,validation,0.240805,0.039194999933242824,0.039194999933242824,0.5-1 km
VEH_03,VEH_03_FINAL_0073,Final,2026-06-26 05:25:00.063000+00:00,2026-06-26 05:46:11+00:00,4.2408423,21.18228333333333,13.54109589041096,62.0,16.119896117959904,1159.8369565217392,2116.0,483.6058422363041,0.0,0.3073130822252107,0.64,4.657,High,2026-06-26 05:25:00.063000+00:00,2026-06-26 14:25:00.063000+09:00,14,4,0,validation,0.6501205,-0.010120496749877916,0.010120496749877916,1-5 km
VEH_01,VEH_01_FINAL_0204,Final,2026-06-26 05:25:56.063000+00:00,2026-06-26 05:33:34+00:00,2.2510405,7.632283333333333,15.461538461538462,42.0,10.424567023773031,1123.9338235294117,1956.75,399.23922279472185,0.0,0.0280961085946934,0.23,1.39,High,2026-06-26 05:25:56.063000+00:00,2026-06-26 14:25:56.063000+09:00,14,4,0,validation,0.29007402,-0.06007402062416076,0.06007402062416076,1-5 km
VEH_09,VEH_09_FINAL_0184,Final,2026-06-26 05:26:17.063000+00:00,2026-06-26 05:34:39+00:00,1.5624785,8.365616666666666,15.95744680851064,60.0,14.130030562386594,1140.4886363636365,1832.5,410.2383174980063,0.0,0.213116498432692,0.27,1.867,High,2026-06-26 05:26:17.063000+00:00,2026-06-26 14:26:17.063000+09:00,14,4,0,validation,0.3599802,-0.08998019576072691,0.08998019576072691,1-5 km
VEH_08,VEH_08_FINAL_0074,Final,2026-06-26 05:27:56.063000+00:00,2026-06-26 05:40:15+00:00,2.3331609,12.315616666666669,16.258823529411764,47.0,14.843618506975409,1162.3256578947369,2185.75,466.7842237539952,0.0,0.3139512375464964,0.34,20.82,High,2026-06-26 05:27:56.063000+00:00,2026-06-26 14:27:56.063000+09:00,14,4,0,validation,0.3659505,-0.025950495004653906,0.025950495004653906,1-5 km
VEH_02,VEH_02_FINAL_0127,Final,2026-06-26 05:28:48.063000+00:00,2026-06-26 05:45:06+00:00,5.893266,16.29895,22.475806451612904,95.0,24.728351141070597,1405.3505747126435,3036.0,654.3893029810249,0.0229885057471264,0.2443247829696553,0.91,0.867,High,2026-06-26 05:28:48.063000+00:00,2026-06-26 14:28:48.063000+09:00,14,4,0,validation,0.9206038,-0.010603811740875213,0.010603811740875213,5-20 km
VEH_01,VEH_01_FINAL_0205,Final,2026-06-26 05:37:22.063000+00:00,2026-06-26 05:40:31+00:00,0.20713122,3.14895,5.0285714285714285,17.0,5.988015241347691,1007.4375,1443.75,302.9506908619784,0.0,0.1412728867448744,0.07,19.577,High,2026-06-26 05:37:22.063000+00:00,2026-06-26 14:37:22.063000+09:00,14,4,0,validation,0.16295601,-0.09295601427555084,0.09295601427555084,0-0.5 km
VEH_09,VEH_09_FINAL_0185,Final,2026-06-26 05:38:29.063000+00:00,2026-06-26 05:46:06+00:00,1.3761729,7.615616666666667,8.982758620689655,48.0,11.144027903197896,1085.1774193548388,2076.75,411.4802311401444,0.0,0.0894537214915521,0.19,4.453,High,2026-06-26 05:38:29.063000+00:00,2026-06-26 14:38:29.063000+09:00,14,4,0,validation,0.25770983,-0.06770983099937439,0.06770983099937439,1-5 km
VEH_10,VEH_10_FINAL_0139,Final,2026-06-26 05:40:10.063000+00:00,2026-06-26 05:41:58.063000+00:00,0.69211334,1.8,15.227272727272728,55.0,17.05854043149333,1287.2380952380952,2520.0,590.6359187763243,0.0,0.0616647611193372,0.08,0.217,High,2026-06-26 05:40:10.063000+00:00,2026-06-26 14:40:10.063000+09:00,14,4,0,validation,0.10989392,-0.02989391803741455,0.02989391803741455,0.5-1 km
VEH_10,VEH_10_FINAL_0140,Final,2026-06-26 05:46:05.063000+00:00,2026-06-26 06:02:17+00:00,10.09254,16.19895,29.4375,87.0,27.03289373615041,1288.6021505376343,2384.5,538.3628773267593,0.0,0.158267854714751,1.18,16.937,High,2026-06-26 05:46:05.063000+00:00,2026-06-26 14:46:05.063000+09:00,14,4,0,validation,1.1425745,0.03742545127868646,0.03742545127868646,5-20 km
VEH_04,VEH_04_FINAL_0083,Final,2026-06-26 05:46:58.063000+00:00,2026-06-26 05:55:24+00:00,0.71157974,8.432283333333334,11.952380952380953,35.0,9.82211397319815,1113.7878787878788,2254.0,442.6638719044506,0.0,0.1946194654813348,0.21,7.737,High,2026-06-26 05:46:58.063000+00:00,2026-06-26 14:46:58.063000+09:00,14,4,0,validation,0.26126125,-0.0512612545490265,0.0512612545490265,0.5-1 km
VEH_02,VEH_02_FINAL_0128,Final,2026-06-26 05:48:24.063000+00:00,2026-06-26 05:54:46.063000+00:00,1.6361047,6.366666666666666,15.607843137254902,63.0,18.45511612085434,1367.6,2601.75,638.9922586907188,0.0,0.169679864859297,0.3,0.394,High,2026-06-26 05:48:24.063000+00:00,2026-06-26 14:48:24.063000+09:00,14,4,0,validation,0.29890573,0.0010942697525024303,0.0010942697525024303,1-5 km
VEH_01,VEH_01_FINAL_0206,Final,2026-06-26 05:50:53.063000+00:00,2026-06-26 06:04:22+00:00,5.6033807,13.482283333333331,22.59036144578313,83.0,21.908372248255965,1248.6363636363635,2404.5,504.8748558220367,0.0,0.1872209119666337,0.59,7.367,High,2026-06-26 05:50:53.063000+00:00,2026-06-26 14:50:53.063000+09:00,14,4,0,validation,0.7185853,-0.12858531236648563,0.12858531236648563,5-20 km
VEH_08,VEH_08_FINAL_0075,Final,2026-06-26 05:54:23.063000+00:00,2026-06-26 06:13:25+00:00,5.521526,19.032283333333332,17.897959183673468,49.0,15.008720682168113,1221.277027027027,2534.25,504.56673206561845,0.0,0.1469128025651191,0.58,4.2,High,2026-06-26 05:54:23.063000+00:00,2026-06-26 14:54:23.063000+09:00,14,4,0,validation,0.67666095,-0.09666095495224003,0.09666095495224003,5-20 km
VEH_03,VEH_03_FINAL_0074,Final,2026-06-26 05:56:06.063000+00:00,2026-06-26 06:02:29+00:00,1.4961554,6.3822833333333335,13.6,46.0,13.365627557282895,1162.076923076923,2109.75,497.8717466718937,0.0,0.2453140387350914,0.22,3.773,High,2026-06-26 05:56:06.063000+00:00,2026-06-26 14:56:06.063000+09:00,14,4,0,validation,0.2527083,-0.03270828604698181,0.03270828604698181,1-5 km
VEH_09,VEH_09_FINAL_0187,Final,2026-06-26 05:56:54.063000+00:00,2026-06-26 06:09:51+00:00,2.6297355,12.94895,14.388349514563108,50.0,12.382443733362102,1175.5959302325582,2032.5,454.7847947627432,0.0,0.1637102454702684,0.6,17.637,High,2026-06-26 05:56:54.063000+00:00,2026-06-26 14:56:54.063000+09:00,14,4,0,validation,0.37683046,0.22316954135894773,0.22316954135894773,1-5 km
VEH_02,VEH_02_FINAL_0129,Final,2026-06-26 05:58:45.063000+00:00,2026-06-26 06:02:36+00:00,0.66167444,3.84895,13.76923076923077,41.0,13.83503827329974,1263.138888888889,2395.75,564.368662891838,0.0,0.1721586679428163,0.11,1.197,High,2026-06-26 05:58:45.063000+00:00,2026-06-26 14:58:45.063000+09:00,14,4,0,validation,0.16080701,-0.050807013511657714,0.050807013511657714,0.5-1 km
VEH_02,VEH_02_FINAL_0130,Final,2026-06-26 06:04:25.063000+00:00,2026-06-26 06:10:35+00:00,1.0605333,6.165616666666667,14.594594594594597,46.0,14.603700862784764,1370.5,2748.75,579.9626819891087,0.0,0.2497667364355886,0.27,11.743,High,2026-06-26 06:04:25.063000+00:00,2026-06-26 15:04:25.063000+09:00,15,4,0,validation,0.24454357,0.025456432700157183,0.025456432700157183,1-5 km
VEH_10,VEH_10_FINAL_0141,Final,2026-06-26 06:05:19.063000+00:00,2026-06-26 06:08:36+00:00,0.40068042,3.2822833333333334,13.81578947368421,42.0,11.95354002434314,1250.482142857143,2192.25,502.92611165882533,0.0,0.1717333740706793,0.12,16.96,High,2026-06-26 06:05:19.063000+00:00,2026-06-26 15:05:19.063000+09:00,15,4,0,validation,0.12435471,-0.004354712665081029,0.004354712665081029,0-0.5 km
VEH_07,VEH_07_FINAL_0097,Final,2026-06-26 06:05:54.063000+00:00,2026-06-26 06:13:30.063000+00:00,1.0974774,7.6,17.75,63.0,15.830684663749604,1291.2777777777778,2832.25,573.6937490917202,0.0,0.1897413793103448,0.26,0.557,High,2026-06-26 06:05:54.063000+00:00,2026-06-26 15:05:54.063000+09:00,15,4,0,validation,0.27921027,-0.01921026945114135,0.01921026945114135,1-5 km
VEH_01,VEH_01_FINAL_0207,Final,2026-06-26 06:10:00.063000+00:00,2026-06-26 06:13:14.063000+00:00,0.27767235,3.2333333333333334,9.5,18.0,7.074602462329597,940.4583333333334,1312.75,253.46122388619705,0.0,0.2715983363042186,0.05,0.707,High,2026-06-26 06:10:00.063000+00:00,2026-06-26 15:10:00.063000+09:00,15,4,0,validation,0.60027784,-0.550277841091156,0.550277841091156,0-0.5 km
VEH_02,VEH_02_FINAL_0131,Final,2026-06-26 06:11:58.063000+00:00,2026-06-26 06:16:33+00:00,1.2271066,4.582283333333334,16.405405405405407,45.0,13.77710490016829,1194.0119047619048,2212.0,505.7321865386202,0.0,0.0076366518641966,0.19,1.147,High,2026-06-26 06:11:58.063000+00:00,2026-06-26 15:11:58.063000+09:00,15,4,0,validation,0.25009003,-0.060090032815933225,0.060090032815933225,1-5 km
VEH_06,VEH_06_FINAL_0162,Final,2026-06-26 06:14:07.063000+00:00,2026-06-26 06:14:52+00:00,0.10022317,0.74895,7.428571428571429,29.0,9.67850553483104,929.5833333333334,1735.0,457.99071284858553,0.0,0.0222950527277997,0.1,9.273,High,2026-06-26 06:14:07.063000+00:00,2026-06-26 15:14:07.063000+09:00,15,4,0,validation,0.23860544,-0.13860543966293334,0.13860543966293334,0-0.5 km
VEH_08,VEH_08_FINAL_0076,Final,2026-06-26 06:15:36.063000+00:00,2026-06-26 06:37:53.063000+00:00,5.546659,22.283333333333335,14.518072289156626,65.0,13.900126935177656,1195.3503937007874,2525.0,458.27740011111274,0.0,0.2344194719386627,0.68,0.507,High,2026-06-26 06:15:36.063000+00:00,2026-06-26 15:15:36.063000+09:00,15,4,0,validation,0.66030735,0.019692652225494434,0.019692652225494434,5-20 km
VEH_10,VEH_10_FINAL_0142,Final,2026-06-26 06:15:43.063000+00:00,2026-06-26 06:20:30+00:00,0.5724354,4.782283333333334,12.630434782608695,34.0,9.379345243793324,1122.79,2242.0,495.1532322423029,0.0,0.190038958309759,0.14,17.003,High,2026-06-26 06:15:43.063000+00:00,2026-06-26 15:15:43.063000+09:00,15,4,0,validation,0.18262126,-0.04262125551700591,0.04262125551700591,0.5-1 km
VEH_11,VEH_11_FINAL_0070,Final,2026-06-26 06:16:04.853000+00:00,2026-06-26 07:38:16+00:00,87.52217,82.18578333333333,45.35310734463277,102.0,28.19388389730059,1186.363309352518,1853.5,430.5532090787862,0.0,0.0733600308964842,21.0,9.3,High,2026-06-26 06:16:04.853000+00:00,2026-06-26 15:16:04.853000+09:00,15,4,0,validation,20.72874,0.2712593078613281,0.2712593078613281,50+ km
VEH_02,VEH_02_FINAL_0132,Final,2026-06-26 06:17:14.063000+00:00,2026-06-26 06:32:30.127000+00:00,4.022707,15.267733333333332,15.11320754716981,45.0,14.449861757331131,1241.0269230769231,2136.25,516.9061961529401,0.0,0.1782603845448967,0.5700000000000001,0.79,High,2026-06-26 06:17:14.063000+00:00,2026-06-26 15:17:14.063000+09:00,15,4,0,validation,0.61331326,-0.04331325769424432,0.04331325769424432,1-5 km
VEH_06,VEH_06_FINAL_0163,Final,2026-06-26 06:17:14.063000+00:00,2026-06-26 07:39:46+00:00,77.78926,82.53228333333333,48.17330210772834,91.0,25.24999945018332,1172.3958333333333,1840.25,406.70418361353256,0.0,0.0343536340838959,21.41,10.453,High,2026-06-26 06:17:14.063000+00:00,2026-06-26 15:17:14.063000+09:00,15,4,0,validation,20.389435,1.0205651855468751,1.0205651855468751,50+ km
VEH_09,VEH_09_FINAL_0188,Final,2026-06-26 06:23:46.063000+00:00,2026-06-26 06:28:02+00:00,1.236738,4.265616666666667,16.857142857142858,35.0,9.989450217417298,1151.953125,1867.25,413.1954417260082,0.0,0.0039942514107147,0.16,1.75,High,2026-06-26 06:23:46.063000+00:00,2026-06-26 15:23:46.063000+09:00,15,4,0,validation,0.18372335,-0.02372334539890289,0.02372334539890289,1-5 km
VEH_01,VEH_01_FINAL_0208,Final,2026-06-26 06:25:07+00:00,2026-06-26 06:49:41+00:00,4.4696,24.566666666666663,15.33898305084746,68.0,15.59183855336788,1159.4928571428572,1974.0,434.7618518293923,0.0,0.1524142405739625,0.77,3.837,High,2026-06-26 06:25:07+00:00,2026-06-26 15:25:07+09:00,15,4,0,validation,0.752684,0.017316002845764178,0.017316002845764178,1-5 km
VEH_07,VEH_07_FINAL_0098,Final,2026-06-26 06:25:56.127000+00:00,2026-06-26 06:28:04+00:00,0.4807895,2.1312166666666665,16.346153846153847,47.0,15.18081356817598,1244.2395833333333,2372.75,554.2364092039843,0.0,0.3283740201040514,0.11,1.903,High,2026-06-26 06:25:56.127000+00:00,2026-06-26 15:25:56.127000+09:00,15,4,0,validation,0.11857008,-0.008570081889629363,0.008570081889629363,0-0.5 km
VEH_10,VEH_10_FINAL_0144,Final,2026-06-26 06:28:58.063000+00:00,2026-06-26 06:31:37+00:00,0.51069444,2.64895,11.25,26.0,8.39270516579726,1136.514705882353,2062.5,454.4192032515098,0.0,0.084672266129186,0.08,16.823,High,2026-06-26 06:28:58.063000+00:00,2026-06-26 15:28:58.063000+09:00,15,4,0,validation,0.07266554,0.007334457635879518,0.007334457635879518,0.5-1 km
VEH_09,VEH_09_FINAL_0189,Final,2026-06-26 06:33:41.063000+00:00,2026-06-26 06:43:24+00:00,3.7792263,9.715616666666667,20.342105263157897,67.0,18.580941446588525,1186.4076086956522,2120.75,469.67401495350214,0.0,0.1968750112558665,0.44,17.363,High,2026-06-26 06:33:41.063000+00:00,2026-06-26 15:33:41.063000+09:00,15,4,0,validation,0.6308943,-0.19089430332183838,0.19089430332183838,1-5 km
VEH_10,VEH_10_FINAL_0145,Final,2026-06-26 06:34:07.063000+00:00,2026-06-26 06:42:58+00:00,2.22764,8.84895,15.988372093023257,50.0,12.689030408142148,1219.6755952380952,2576.0,524.6320320162531,0.0,0.1905741805127802,0.34,1.233,High,2026-06-26 06:34:07.063000+00:00,2026-06-26 15:34:07.063000+09:00,15,4,0,validation,0.3626931,-0.02269310116767881,0.02269310116767881,1-5 km
VEH_04,VEH_04_FINAL_0084,Final,2026-06-26 06:37:34.063000+00:00,2026-06-26 06:42:49+00:00,0.52300435,5.24895,13.521739130434783,32.0,10.152616134116844,1177.5833333333333,2083.0,434.7708368273516,0.0,0.1565248000417191,0.18,4.593,High,2026-06-26 06:37:34.063000+00:00,2026-06-26 15:37:34.063000+09:00,15,4,0,validation,0.1839513,-0.003951303362846381,0.003951303362846381,0.5-1 km
VEH_05,VEH_05_FINAL_0104,Final,2026-06-26 06:37:47.063000+00:00,2026-06-26 06:39:07+00:00,0.22134167,1.3322833333333333,6.25,19.0,7.5291101731877985,618.0,1027.5,409.5,0.0,0.125741335219544,0.11,2.91,High,2026-06-26 06:37:47.063000+00:00,2026-06-26 15:37:47.063000+09:00,15,4,0,validation,0.8102376,-0.7002375864982605,0.7002375864982605,0-0.5 km
VEH_08,VEH_08_FINAL_0077,Final,2026-06-26 06:40:50.063000+00:00,2026-06-26 06:49:51+00:00,1.5878294,9.015616666666666,10.60655737704918,37.0,12.465399572777558,1170.909090909091,1941.0,429.98375065395936,0.0,0.2812791581515382,0.24,10.037,High,2026-06-26 06:40:50.063000+00:00,2026-06-26 15:40:50.063000+09:00,15,4,0,validation,0.27256623,-0.032566229104995736,0.032566229104995736,1-5 km
VEH_02,VEH_02_FINAL_0133,Final,2026-06-26 06:45:01.063000+00:00,2026-06-26 07:05:54.063000+00:00,7.2268677,20.883333333333333,20.364238410596027,72.0,20.989269867852585,1343.6342975206612,2988.25,575.3588181915591,0.0,0.2306875328031215,1.1,0.8,High,2026-06-26 06:45:01.063000+00:00,2026-06-26 15:45:01.063000+09:00,15,4,0,validation,0.7698817,0.3301182746887208,0.3301182746887208,5-20 km
VEH_09,VEH_09_FINAL_0190,Final,2026-06-26 06:45:35.063000+00:00,2026-06-26 07:01:16+00:00,4.2045536,15.682283333333334,20.281553398058257,71.0,14.485625600686536,1160.375,2152.75,450.7555204721414,0.0,0.1527035579989823,0.52,18.043,High,2026-06-26 06:45:35.063000+00:00,2026-06-26 15:45:35.063000+09:00,15,4,0,validation,0.6416398,-0.12163982868194578,0.12163982868194578,1-5 km
VEH_10,VEH_10_FINAL_0146,Final,2026-06-26 06:47:32.063000+00:00,2026-06-26 06:57:20+00:00,2.2489855,9.79895,15.674418604651162,49.0,14.20075486076243,1262.2427536231885,2851.0,561.7303461907217,0.0,0.2123467480614536,0.31,17.003,High,2026-06-26 06:47:32.063000+00:00,2026-06-26 15:47:32.063000+09:00,15,4,0,validation,0.3433744,-0.03337440133094788,0.03337440133094788,1-5 km
VEH_12,VEH_12_FINAL_0159,Final,2026-06-26 06:52:03.063000+00:00,2026-06-26 07:31:53+00:00,41.209217,39.83228333333333,41.17164179104478,89.0,29.209875175225985,1177.3662790697674,1865.25,451.6980956553977,0.0,0.0687799718636723,12.01,16.427,High,2026-06-26 06:52:03.063000+00:00,2026-06-26 15:52:03.063000+09:00,15,4,0,validation,10.792949,1.2170512771606443,1.2170512771606443,20-50 km
VEH_04,VEH_04_FINAL_0085,Final,2026-06-26 06:55:59.063000+00:00,2026-06-26 06:57:39.063000+00:00,0.37908098,1.6666666666666667,10.538461538461538,22.0,6.968228829318931,1159.342105263158,1986.5,401.89200737955446,0.0,0.0098612939151564,0.07,3.29,High,2026-06-26 06:55:59.063000+00:00,2026-06-26 15:55:59.063000+09:00,15,4,0,validation,0.06195612,0.00804388120770455,0.00804388120770455,0-0.5 km
VEH_05,VEH_05_FINAL_0105,Final,2026-06-26 06:57:16.063000+00:00,2026-06-26 07:35:15+00:00,40.57,37.982283333333335,44.35820895522388,90.0,29.638720888335182,1053.4951923076924,1779.0,419.5358140322853,0.0,0.043149382115325,8.97,14.62,High,2026-06-26 06:57:16.063000+00:00,2026-06-26 15:57:16.063000+09:00,15,4,0,validation,9.552451,-0.5824511337280267,0.5824511337280267,20-50 km
VEH_03,VEH_03_FINAL_0075,Final,2026-06-26 07:01:42.063000+00:00,2026-06-26 07:04:31.127000+00:00,0.39105567,2.8177333333333334,8.542857142857143,25.0,8.226587062316764,1054.3306451612902,1850.0,406.071349736722,0.0,0.1480603062987903,0.08,15.583,High,2026-06-26 07:01:42.063000+00:00,2026-06-26 16:01:42.063000+09:00,16,4,0,validation,0.103275985,-0.02327598452568054,0.02327598452568054,0-0.5 km
VEH_10,VEH_10_FINAL_0147,Final,2026-06-26 07:03:42.063000+00:00,2026-06-26 07:28:07.127000+00:00,7.001525,24.417733333333334,21.04,64.0,17.399954022927762,1349.9067357512954,3030.0,583.8207161513536,0.0103626943005181,0.2326452779843437,0.85,15.736,High,2026-06-26 07:03:42.063000+00:00,2026-06-26 16:03:42.063000+09:00,16,4,0,validation,0.88590574,-0.035905742645263694,0.035905742645263694,5-20 km
VEH_09,VEH_09_FINAL_0191,Final,2026-06-26 07:08:03.063000+00:00,2026-06-26 07:16:29+00:00,1.1242075,8.432283333333334,12.166666666666666,34.0,10.073342157507716,1153.0572916666667,2040.25,459.37010836279745,0.0,0.1653223217438762,0.27,18.047,High,2026-06-26 07:08:03.063000+00:00,2026-06-26 16:08:03.063000+09:00,16,4,0,validation,0.26126125,0.008738745450973529,0.008738745450973529,1-5 km
VEH_08,VEH_08_FINAL_0079,Final,2026-06-26 07:12:05.063000+00:00,2026-06-26 08:02:33.063000+00:00,27.388147,50.46666666666667,32.34,86.0,24.292887848092494,1302.2508928571428,2819.75,522.1264067229478,0.0,0.1079463441633313,2.42,0.647,High,2026-06-26 07:12:05.063000+00:00,2026-06-26 16:12:05.063000+09:00,16,4,0,validation,2.7289648,-0.3089648056030274,0.3089648056030274,20-50 km
VEH_03,VEH_03_FINAL_0076,Final,2026-06-26 07:12:26.063000+00:00,2026-06-26 07:12:51.063000+00:00,0.10891804,0.4166666666666667,11.833333333333334,24.0,9.007712744581108,1251.6875,1686.25,393.34877871775575,0.0,0.0,0.01,15.507,High,2026-06-26 07:12:26.063000+00:00,2026-06-26 16:12:26.063000+09:00,16,4,0,validation,-0.02010451,0.030104510709643366,0.030104510709643366,0-0.5 km
VEH_02,VEH_02_FINAL_0134,Final,2026-06-26 07:14:51.063000+00:00,2026-06-26 07:20:47+00:00,1.0531354,5.932283333333333,16.394736842105264,48.0,12.12552651853933,1121.7386363636365,2206.25,431.96717360861254,0.0,0.0050494225314903,0.19,16.653,High,2026-06-26 07:14:51.063000+00:00,2026-06-26 16:14:51.063000+09:00,16,4,0,validation,0.29478377,-0.10478377103805542,0.10478377103805542,1-5 km
VEH_09,VEH_09_FINAL_0192,Final,2026-06-26 07:17:48.063000+00:00,2026-06-26 07:22:20+00:00,0.321622,4.532283333333334,8.857142857142858,22.0,6.534055214873869,1079.3189655172414,1761.75,396.7073527072989,0.0,0.1281597028783658,0.13,19.907,High,2026-06-26 07:17:48.063000+00:00,2026-06-26 16:17:48.063000+09:00,16,4,0,validation,0.28496197,-0.1549619686603546,0.1549619686603546,0-0.5 km
VEH_07,VEH_07_FINAL_0102,Final,2026-06-26 07:28:57+00:00,2026-06-26 07:56:29+00:00,10.614525,27.533333333333335,27.747524752475247,99.0,25.39920125842974,1438.1369565217392,3512.75,660.6514947741047,0.008695652173913,0.1943159122022917,1.88,28.317,High,2026-06-26 07:28:57+00:00,2026-06-26 16:28:57+09:00,16,4,0,validation,1.562225,0.31777501583099355,0.31777501583099355,5-20 km
VEH_01,VEH_01_FINAL_0209,Final,2026-06-26 07:29:15.127000+00:00,2026-06-26 07:35:27.063000+00:00,0.95512426,6.198933333333333,9.804347826086955,41.0,11.16403301994048,1065.6666666666667,1682.75,378.46176234271746,0.0,0.2447169044543462,0.13,0.67,High,2026-06-26 07:29:15.127000+00:00,2026-06-26 16:29:15.127000+09:00,16,4,0,validation,0.25978005,-0.12978004932403564,0.12978004932403564,0.5-1 km
VEH_02,VEH_02_FINAL_0136,Final,2026-06-26 07:33:14+00:00,2026-06-26 07:35:05.063000+00:00,0.41426408,1.85105,18.77777777777778,41.0,14.323855608954345,1235.0,2122.5,525.865558805195,0.0,0.0235894092168688,0.2,0.51,High,2026-06-26 07:33:14+00:00,2026-06-26 16:33:14+09:00,16,4,0,validation,0.09470459,0.10529540926218034,0.10529540926218034,0-0.5 km
VEH_03,VEH_03_FINAL_0077,Final,2026-06-26 07:35:52.063000+00:00,2026-06-26 08:10:26.127000+00:00,5.309017,34.56773333333333,10.240458015267176,74.0,13.358225179375204,1154.5064766839378,2559.75,482.1389111926477,0.0,0.3834819728035117,1.1,15.643,High,2026-06-26 07:35:52.063000+00:00,2026-06-26 16:35:52.063000+09:00,16,4,0,validation,0.87579596,0.22420403957366952,0.22420403957366952,5-20 km
VEH_01,VEH_01_FINAL_0210,Final,2026-06-26 07:39:14.063000+00:00,2026-06-26 07:46:36+00:00,1.0486361,7.365616666666667,12.022727272727272,43.0,15.273995483059728,1247.2395833333333,1995.0,487.5363633829376,0.0,0.3659734486328482,0.21,2.25,High,2026-06-26 07:39:14.063000+00:00,2026-06-26 16:39:14.063000+09:00,16,4,0,validation,0.25042453,-0.04042453408241273,0.04042453408241273,1-5 km
VEH_09,VEH_09_FINAL_0193,Final,2026-06-26 07:42:08.063000+00:00,2026-06-26 08:25:22+00:00,10.024133,43.232283333333335,18.36,74.0,18.224993827159448,1211.6026315789477,2390.75,490.90626918450914,0.0,0.2952833271988131,1.53,1.843,High,2026-06-26 07:42:08.063000+00:00,2026-06-26 16:42:08.063000+09:00,16,4,0,validation,1.378496,0.15150394916534426,0.15150394916534426,5-20 km
VEH_02,VEH_02_FINAL_0137,Final,2026-06-26 07:43:15.063000+00:00,2026-06-26 07:51:18.127000+00:00,1.2072672,8.051066666666667,14.6,38.0,12.441864811996632,1281.2222222222222,2651.0,562.627531153363,0.0,0.2893789050291079,0.26,0.73,High,2026-06-26 07:43:15.063000+00:00,2026-06-26 16:43:15.063000+09:00,16,4,0,validation,0.27137232,-0.011372318267822257,0.011372318267822257,1-5 km
VEH_02,VEH_02_FINAL_0139,Final,2026-06-26 08:02:02.063000+00:00,2026-06-26 08:06:31+00:00,0.6899647,4.482283333333333,10.232558139534884,41.0,11.401422206884677,1203.7592592592594,3097.0,604.9141295100759,0.037037037037037,0.2600528115231228,0.2,1.94,High,2026-06-26 08:02:02.063000+00:00,2026-06-26 17:02:02.063000+09:00,17,4,0,validation,0.24074776,-0.04074776470661162,0.04074776470661162,0.5-1 km
VEH_04,VEH_04_FINAL_0089,Final,2026-06-26 08:05:16+00:00,2026-06-26 08:47:04+00:00,25.612328,41.8,32.638297872340424,96.0,26.367096569397333,1330.1704119850187,3942.5,568.4029321215713,0.0037453183520599,0.0997442087798856,2.57,5.57,High,2026-06-26 08:05:16+00:00,2026-06-26 17:05:16+09:00,17,4,0,validation,2.4748573,0.09514266967773422,0.09514266967773422,20-50 km
VEH_03,VEH_03_FINAL_0079,Final,2026-06-26 08:16:22.063000+00:00,2026-06-26 08:55:06+00:00,19.554314,38.732283333333335,28.186507936507937,93.0,22.475580587075555,1211.4247967479675,2409.5,464.2369268191832,0.0,0.0789310735529219,2.47,24.723,High,2026-06-26 08:16:22.063000+00:00,2026-06-26 17:16:22.063000+09:00,17,4,0,validation,2.2019274,0.26807257652282734,0.26807257652282734,5-20 km
VEH_02,VEH_02_FINAL_0140,Final,2026-06-26 08:17:50.063000+00:00,2026-06-26 08:48:49+00:00,12.2867565,30.98228333333333,26.605128205128207,127.0,25.01820822785439,1452.033625730994,3580.25,697.9486117084011,0.0292397660818713,0.1772843147760663,1.63,19.87,High,2026-06-26 08:17:50.063000+00:00,2026-06-26 17:17:50.063000+09:00,17,4,0,validation,1.8263034,-0.19630336284637462,0.19630336284637462,5-20 km
VEH_12,VEH_12_FINAL_0160,Final,2026-06-26 08:27:08.063000+00:00,2026-06-26 09:04:18+00:00,41.093166,37.165616666666665,43.564516129032256,88.0,26.62349251691308,1193.1902173913045,1871.75,453.08302634616115,0.0,0.0559557611694314,10.65,14.557,High,2026-06-26 08:27:08.063000+00:00,2026-06-26 17:27:08.063000+09:00,17,4,0,validation,10.471904,0.1780961990356449,0.1780961990356449,20-50 km
VEH_09,VEH_09_FINAL_0194,Final,2026-06-26 08:30:50.063000+00:00,2026-06-26 08:50:07+00:00,3.509816,19.282283333333332,14.732758620689657,69.0,15.267927709022691,1180.48125,2365.5,436.4139641280255,0.0,0.2341166917717943,0.61,18.297,High,2026-06-26 08:30:50.063000+00:00,2026-06-26 17:30:50.063000+09:00,17,4,0,validation,0.4654302,0.14456979990005492,0.14456979990005492,1-5 km
VEH_10,VEH_10_FINAL_0152,Final,2026-06-26 08:36:34.063000+00:00,2026-06-26 08:58:22+00:00,5.7395086,21.79895,23.26993865030675,67.0,17.16504557427065,1394.2487373737374,2995.0,610.8344539333405,0.0,0.1817832310268135,0.92,16.48,High,2026-06-26 08:36:34.063000+00:00,2026-06-26 17:36:34.063000+09:00,17,4,0,validation,0.74907666,0.17092333555221562,0.17092333555221562,5-20 km
VEH_11,VEH_11_FINAL_0071,Final,2026-06-26 09:00:48.813000+00:00,2026-06-26 11:11:40+00:00,88.81648,130.85311666666666,27.113577023498696,96.0,24.696991888765076,1123.5791505791506,1846.5,420.34523755501954,0.0,0.0461831534337556,26.21,2.637,High,2026-06-26 09:00:48.813000+00:00,2026-06-26 18:00:48.813000+09:00,18,4,0,validation,23.930449,2.2795514678955087,2.2795514678955087,50+ km
VEH_12,VEH_12_FINAL_0163,Final,2026-06-26 09:59:26.127000+00:00,2026-06-26 10:38:55+00:00,41.21698,39.48121666666667,43.737864077669904,89.0,29.771936080176378,1123.9296875,1887.25,486.4138831892829,0.0,0.079999542859755,11.85,16.927,High,2026-06-26 09:59:26.127000+00:00,2026-06-26 18:59:26.127000+09:00,18,4,0,validation,10.638807,1.21119270324707,1.21119270324707,20-50 km
VEH_07,VEH_07_FINAL_0106,Final,2026-06-26 10:21:29.063000+00:00,2026-06-26 10:35:04+00:00,2.4249554,13.582283333333333,16.633333333333333,47.0,13.730299017541869,1219.4864130434785,2196.25,513.171025929405,0.0,0.2851984454848679,0.46,5.07,High,2026-06-26 10:21:29.063000+00:00,2026-06-26 19:21:29.063000+09:00,19,4,0,validation,0.68034214,-0.2203421378135681,0.2203421378135681,1-5 km
VEH_11,VEH_11_FINAL_0075,Final,2026-06-26 11:30:27.203000+00:00,2026-06-26 11:33:29+00:00,0.15344977,3.02995,4.333333333333333,27.0,6.854496843979652,957.2142857142856,1799.5,569.3390345167718,0.0,0.3733641025641026,0.19,10.357,High,2026-06-26 11:30:27.203000+00:00,2026-06-26 20:30:27.203000+09:00,20,4,0,validation,0.6391688,-0.44916879892349243,0.44916879892349243,0-0.5 km
VEH_06,VEH_06_FINAL_0169,Final,2026-06-26 11:37:48+00:00,2026-06-26 11:39:12+00:00,0.34117913,1.4,9.333333333333334,23.0,9.249624617007738,1352.75,1352.75,0.0,0.0,0.0563562844301675,0.62,11.077,High,2026-06-26 11:37:48+00:00,2026-06-26 20:37:48+09:00,20,4,0,validation,4.3436174,-3.7236174392700194,3.7236174392700194,0-0.5 km
VEH_12,VEH_12_FINAL_0165,Final,2026-06-26 15:14:25.063000+00:00,2026-06-26 15:16:47.127000+00:00,0.23258404,2.3677333333333332,4.583333333333333,14.0,5.345688813323209,749.625,1146.25,365.385947492511,0.0,0.065014891325011,0.17,0.433,High,2026-06-26 15:14:25.063000+00:00,2026-06-27 00:14:25.063000+09:00,0,5,1,validation,0.3158336,-0.14583359837532042,0.14583359837532042,0-0.5 km
VEH_06,VEH_06_FINAL_0173,Final,2026-06-26 15:37:44+00:00,2026-06-26 16:17:39+00:00,42.516647,39.916666666666664,39.1,88.0,29.917143154811,1136.25,1897.25,430.1243175774053,0.0,0.0923424869263778,13.68,15.773,High,2026-06-26 15:37:44+00:00,2026-06-27 00:37:44+09:00,0,5,1,validation,13.898368,-0.21836788177490263,0.21836788177490263,20-50 km
VEH_12,VEH_12_FINAL_0167,Final,2026-06-26 15:39:13.063000+00:00,2026-06-26 15:40:21+00:00,0.16611673,1.1322833333333333,4.25,9.0,3.832427429188973,597.0,987.5,390.5,0.0,0.0,0.12,4.97,High,2026-06-26 15:39:13.063000+00:00,2026-06-27 00:39:13.063000+09:00,0,5,1,validation,-0.39761275,0.5176127505302429,0.5176127505302429,0-0.5 km
VEH_12,VEH_12_FINAL_0169,Final,2026-06-26 16:06:50+00:00,2026-06-26 16:58:39+00:00,62.560284,51.81666666666667,40.40196078431372,89.0,30.66557749683101,1088.46875,1758.5,405.66672430819057,0.0,0.1808327048985391,16.19,4.903,High,2026-06-26 16:06:50+00:00,2026-06-27 01:06:50+09:00,1,5,1,validation,16.145481,0.044518890380860654,0.044518890380860654,50+ km
VEH_06,VEH_06_FINAL_0175,Final,2026-06-26 16:50:43+00:00,2026-06-26 17:26:46+00:00,31.637846,36.05,46.70676691729323,89.0,31.06258101271104,1059.6477272727273,1795.75,447.114814285912,0.0,0.1702485564284424,7.37,5.977,High,2026-06-26 16:50:43+00:00,2026-06-27 01:50:43+09:00,1,5,1,validation,8.089311,-0.7193106460571288,0.7193106460571288,20-50 km
VEH_12,VEH_12_FINAL_0170,Final,2026-06-26 17:17:31.063000+00:00,2026-06-26 17:45:46+00:00,18.945145,28.248949999999997,30.466666666666665,86.0,27.721769567192275,1027.608695652174,1553.25,418.0341533925745,0.0,0.1310399283252832,5.56,3.843,High,2026-06-26 17:17:31.063000+00:00,2026-06-27 02:17:31.063000+09:00,2,5,1,validation,5.3407264,0.21927362442016562,0.21927362442016562,5-20 km
VEH_06,VEH_06_FINAL_0176,Final,2026-06-26 17:47:58.063000+00:00,2026-06-26 18:45:22+00:00,67.161125,57.39895,54.37795275590551,89.0,31.52949603495496,1052.5833333333333,1697.25,373.5475150924525,0.0,0.2415899313155709,14.6,6.31,High,2026-06-26 17:47:58.063000+00:00,2026-06-27 02:47:58.063000+09:00,2,5,1,validation,19.66064,-5.060640716552735,5.060640716552735,50+ km
VEH_12,VEH_12_FINAL_0171,Final,2026-06-26 17:52:42.063000+00:00,2026-06-26 17:53:32+00:00,0.11245485,0.8322833333333333,5.333333333333333,13.0,5.557777333511022,556.125,902.5,346.375,0.0,0.0,0.07,3.357,High,2026-06-26 17:52:42.063000+00:00,2026-06-27 02:52:42.063000+09:00,2,5,1,validation,2.0295792,-1.9595791625976562,1.9595791625976562,0-0.5 km
VEH_12,VEH_12_FINAL_0172,Final,2026-06-26 18:04:33.063000+00:00,2026-06-26 18:46:00+00:00,39.858288,41.44895,41.30578512396694,90.0,31.119296709427186,1034.9741379310344,1541.5,400.0144304769193,0.0,0.1035517347046116,9.21,4.273,High,2026-06-26 18:04:33.063000+00:00,2026-06-27 03:04:33.063000+09:00,3,5,1,validation,9.664913,-0.4549131774902335,0.4549131774902335,20-50 km
VEH_06,VEH_06_FINAL_0178,Final,2026-06-26 19:09:57+00:00,2026-06-26 19:40:37+00:00,32.649384,30.666666666666668,44.234042553191486,93.0,32.67259425837895,1071.0833333333333,1543.25,336.29786421002177,0.0,0.0931748770784748,8.58,15.66,High,2026-06-26 19:09:57+00:00,2026-06-27 04:09:57+09:00,4,5,1,validation,9.687552,-1.1075524520874023,1.1075524520874023,20-50 km
VEH_05,VEH_05_FINAL_0116,Final,2026-06-26 20:05:06+00:00,2026-06-26 20:52:03+00:00,57.404858,46.95,48.625,100.0,29.658510281921732,1121.482638888889,1798.0,390.9450362902447,0.0,0.0084534900191306,46.35,19.2,High,2026-06-26 20:05:06+00:00,2026-06-27 05:05:06+09:00,5,5,1,validation,34.96263,11.387368774414064,11.387368774414064,50+ km
VEH_12,VEH_12_FINAL_0175,Final,2026-06-27 03:49:09.063000+00:00,2026-06-27 04:27:16+00:00,40.874374,38.11561666666667,46.81308411214953,89.0,29.94609825617731,1073.0403225806451,1722.0,410.0903229422314,0.0,0.0302880982450948,10.61,15.0,High,2026-06-27 03:49:09.063000+00:00,2026-06-27 12:49:09.063000+09:00,12,5,1,validation,9.943736,0.666263923645019,0.666263923645019,20-50 km
VEH_06,VEH_06_FINAL_0183,Final,2026-06-27 03:54:31.127000+00:00,2026-06-27 05:02:34+00:00,77.83925,68.04788333333333,57.59051724137931,98.0,27.14267056222918,1055.0673076923076,1646.0,403.5777469999067,0.0,0.0471038155283715,21.2,4.383,High,2026-06-27 03:54:31.127000+00:00,2026-06-27 12:54:31.127000+09:00,12,5,1,validation,20.081264,1.11873550415039,1.11873550415039,50+ km
VEH_12,VEH_12_FINAL_0176,Final,2026-06-27 04:39:56.063000+00:00,2026-06-27 04:44:13+00:00,0.96351236,4.282283333333334,9.52777777777778,58.0,14.973098304609708,950.1,1485.5,434.6629470060681,0.0,0.1950772675611949,0.6,21.597,High,2026-06-27 04:39:56.063000+00:00,2026-06-27 13:39:56.063000+09:00,13,5,1,validation,1.3206996,-0.7206995725631714,0.7206995725631714,0.5-1 km
VEH_06,VEH_06_FINAL_0184,Final,2026-06-27 05:11:42.063000+00:00,2026-06-27 05:46:21+00:00,17.42524,34.64895,28.797101449275363,90.0,22.104437906748117,1052.0882352941176,2004.5,409.7630018739234,0.0,0.1448948074731459,7.81,8.003,High,2026-06-27 05:11:42.063000+00:00,2026-06-27 14:11:42.063000+09:00,14,5,1,validation,3.5968401,4.213159856796264,4.213159856796264,5-20 km
VEH_12,VEH_12_FINAL_0177,Final,2026-06-27 05:42:50.063000+00:00,2026-06-27 05:51:44+00:00,1.7470549,8.898950000000001,11.475,42.0,13.878017689857582,970.4772727272727,1534.5,447.53800568099865,0.0,0.0837142447462203,0.74,19.403,High,2026-06-27 05:42:50.063000+00:00,2026-06-27 14:42:50.063000+09:00,14,5,1,validation,0.60343796,0.13656203985214233,0.13656203985214233,1-5 km
VEH_06,VEH_06_FINAL_0185,Final,2026-06-27 06:18:06.063000+00:00,2026-06-27 07:30:46+00:00,59.137653,72.66561666666666,32.78362573099415,93.0,27.07677995229619,957.4798387096774,1559.5,350.9442944101047,0.0,0.0439748331616522,16.05,2.483,High,2026-06-27 06:18:06.063000+00:00,2026-06-27 15:18:06.063000+09:00,15,5,1,validation,15.4937105,0.5562894821166999,0.5562894821166999,50+ km
VEH_12,VEH_12_FINAL_0179,Final,2026-06-27 06:30:00+00:00,2026-06-27 07:07:47+00:00,39.5151,37.78333333333333,42.981651376146786,89.0,30.579414329891858,1061.641304347826,1917.75,440.2699013234293,0.0,0.1013642045763356,10.93,28.953,High,2026-06-27 06:30:00+00:00,2026-06-27 15:30:00+09:00,15,5,1,validation,10.32306,0.6069399642944333,0.6069399642944333,20-50 km
VEH_06,VEH_06_FINAL_0186,Final,2026-06-27 07:36:00.063000+00:00,2026-06-27 07:43:42.063000+00:00,2.9313877,7.7,24.09090909090909,68.0,21.34438203903077,923.45,1418.5,414.22644471351657,0.0,0.0830635941955349,1.1,0.48,High,2026-06-27 07:36:00.063000+00:00,2026-06-27 16:36:00.063000+09:00,16,5,1,validation,1.3269577,-0.22695770263671866,0.22695770263671866,1-5 km
VEH_12,VEH_12_FINAL_0181,Final,2026-06-28 07:41:24+00:00,2026-06-28 08:23:11+00:00,41.161354,41.78333333333333,33.64341085271318,88.0,27.287387679119817,1194.175,1849.5,458.95469956195024,0.0,0.1060625764655824,11.42,6.02,High,2026-06-28 07:41:24+00:00,2026-06-28 16:41:24+09:00,16,6,1,validation,11.1073475,0.3126525115966796,0.3126525115966796,20-50 km
VEH_06,VEH_06_FINAL_0190,Final,2026-06-28 09:31:52.063000+00:00,2026-06-28 10:12:58+00:00,41.95441,41.098949999999995,41.9375,89.0,28.77648990978187,1132.0434782608695,1879.0,446.5958570370803,0.0,0.0992435661549154,12.2,13.243,High,2026-06-28 09:31:52.063000+00:00,2026-06-28 18:31:52.063000+09:00,18,6,1,validation,11.755947,0.4440528869628899,0.4440528869628899,20-50 km
VEH_12,VEH_12_FINAL_0188,Final,2026-06-28 15:02:00+00:00,2026-06-28 15:06:42+00:00,0.51637864,4.7,13.625,27.0,8.084514518510064,1093.46875,1522.0,364.4078766793296,0.0,0.012704079297516,17.88,6.39,High,2026-06-28 15:02:00+00:00,2026-06-29 00:02:00+09:00,0,0,0,validation,17.037352,0.8426483917236318,0.8426483917236318,0.5-1 km
VEH_12,VEH_12_FINAL_0190,Final,2026-06-28 15:31:28+00:00,2026-06-28 16:35:40+00:00,75.38684,64.2,47.08450704225352,93.0,30.981251249462872,1122.198275862069,1707.75,385.72988013383383,0.0,0.1139663188403378,17.1,3.41,High,2026-06-28 15:31:28+00:00,2026-06-29 00:31:28+09:00,0,0,0,validation,17.115269,-0.015268707275389204,0.015268707275389204,50+ km
VEH_12,VEH_12_FINAL_0193,Final,2026-06-28 18:06:10.063000+00:00,2026-06-28 18:38:32.063000+00:00,26.981117,32.36666666666667,33.0,88.0,25.547341675146292,1046.233870967742,1640.75,409.10965944295646,0.0,0.1120714973709557,6.99,0.987,High,2026-06-28 18:06:10.063000+00:00,2026-06-29 03:06:10.063000+09:00,3,0,0,validation,6.257967,0.7320330047607424,0.7320330047607424,20-50 km
VEH_09,VEH_09_FINAL_0195,Final,2026-06-29 00:07:33.063000+00:00,2026-06-29 00:18:31+00:00,1.4362495,10.965616666666667,14.014705882352942,48.0,11.2517876319052,1147.5107142857144,2059.75,422.7728587123061,0.0,0.1760402899521777,0.35,17.46,High,2026-06-29 00:07:33.063000+00:00,2026-06-29 09:07:33.063000+09:00,9,0,0,validation,0.2747034,0.07529658675193784,0.07529658675193784,1-5 km
VEH_09,VEH_09_FINAL_0196,Final,2026-06-29 00:21:59.127000+00:00,2026-06-29 00:25:57+00:00,0.6132331,3.96455,13.025641025641026,30.0,8.680916823514579,1161.0202702702702,2004.75,462.2531568394477,0.0,0.0469785327924273,0.13,17.977,High,2026-06-29 00:21:59.127000+00:00,2026-06-29 09:21:59.127000+09:00,9,0,0,validation,0.09493044,0.03506955981254578,0.03506955981254578,0.5-1 km
VEH_01,VEH_01_FINAL_0212,Final,2026-06-29 00:25:32.063000+00:00,2026-06-29 01:15:01.063000+00:00,30.754446,49.483333333333334,35.39035087719298,111.0,29.569147236569705,1275.30859375,2667.5,528.1292025390993,0.0,0.1550531480286512,3.1,0.717,High,2026-06-29 00:25:32.063000+00:00,2026-06-29 09:25:32.063000+09:00,9,0,0,validation,2.9917154,0.10828456878662118,0.10828456878662118,20-50 km
VEH_07,VEH_07_FINAL_0113,Final,2026-06-29 00:28:04.063000+00:00,2026-06-29 01:04:56+00:00,12.433041,36.86561666666667,23.48913043478261,81.0,21.391025426778253,1200.075,2351.25,475.07374581040926,0.0,0.1924999544900151,1.38,3.32,High,2026-06-29 00:28:04.063000+00:00,2026-06-29 09:28:04.063000+09:00,9,0,0,validation,1.6213747,-0.2413747262954713,0.2413747262954713,5-20 km
VEH_04,VEH_04_FINAL_0091,Final,2026-06-29 00:29:15.063000+00:00,2026-06-29 00:56:00+00:00,21.926975,26.748949999999997,44.865921787709496,122.0,34.675573980169645,1599.0409836065571,4032.0,820.8442440015693,0.0655737704918032,0.0890287496889547,2.57,2.697,High,2026-06-29 00:29:15.063000+00:00,2026-06-29 09:29:15.063000+09:00,9,0,0,validation,2.4597147,0.11028534889221175,0.11028534889221175,20-50 km
VEH_10,VEH_10_FINAL_0158,Final,2026-06-29 00:31:11.127000+00:00,2026-06-29 00:52:19+00:00,5.231386,21.131216666666667,20.731884057971016,69.0,17.2935188727179,1335.2846385542168,2593.25,553.1777462132694,0.0,0.1801834290676506,0.77,16.97,High,2026-06-29 00:31:11.127000+00:00,2026-06-29 09:31:11.127000+09:00,9,0,0,validation,0.6788176,0.09118242979049684,0.09118242979049684,5-20 km
VEH_03,VEH_03_FINAL_0081,Final,2026-06-29 00:31:49.063000+00:00,2026-06-29 01:18:20+00:00,24.03073,46.515616666666666,32.54940711462451,99.0,28.091650709230947,1248.8390151515152,2334.75,488.3520498138238,0.0,0.1696143313555454,2.72,3.88,High,2026-06-29 00:31:49.063000+00:00,2026-06-29 09:31:49.063000+09:00,9,0,0,validation,2.5806468,0.13935324668884297,0.13935324668884297,20-50 km
VEH_09,VEH_09_FINAL_0197,Final,2026-06-29 00:33:10.063000+00:00,2026-06-29 00:40:19+00:00,0.85811234,7.14895,13.444444444444445,41.0,12.760277871505178,1151.1666666666667,2000.5,468.69194797224446,0.0,0.3147257127247441,0.23,1.493,High,2026-06-29 00:33:10.063000+00:00,2026-06-29 09:33:10.063000+09:00,9,0,0,validation,0.24471584,-0.014715839624404897,0.014715839624404897,0.5-1 km
VEH_02,VEH_02_FINAL_0145,Final,2026-06-29 00:41:22+00:00,2026-06-29 00:56:52+00:00,5.067275,15.5,20.484126984126984,66.0,19.080337309830004,1278.8986486486488,2638.75,537.8487121804046,0.0,0.1605588036878795,0.79,3.897,High,2026-06-29 00:41:22+00:00,2026-06-29 09:41:22+09:00,9,0,0,validation,0.64068025,0.14931974649429325,0.14931974649429325,5-20 km
VEH_09,VEH_09_FINAL_0198,Final,2026-06-29 00:43:45.063000+00:00,2026-06-29 00:47:59+00:00,0.89908093,4.232283333333333,15.607843137254902,41.0,10.61090528815603,1231.982142857143,2437.75,518.6923458863862,0.0,0.0303544576572878,0.22,17.037,High,2026-06-29 00:43:45.063000+00:00,2026-06-29 09:43:45.063000+09:00,9,0,0,validation,0.12974967,0.09025032937526703,0.09025032937526703,0.5-1 km
VEH_08,VEH_08_FINAL_0083,Final,2026-06-29 00:51:15.063000+00:00,2026-06-29 01:33:26+00:00,23.405104,42.18228333333333,30.424242424242426,93.0,25.59799304247703,1281.7674129353234,2465.25,515.4616992351438,0.0,0.1454244989495165,1.98,4.317,High,2026-06-29 00:51:15.063000+00:00,2026-06-29 09:51:15.063000+09:00,9,0,0,validation,2.317455,-0.3374550533294678,0.3374550533294678,20-50 km
VEH_09,VEH_09_FINAL_0199,Final,2026-06-29 00:52:02.063000+00:00,2026-06-29 00:57:10+00:00,0.8060093,5.1322833333333335,12.772727272727272,35.0,9.486506293303798,1173.2051282051282,1985.75,443.2670118786817,0.0,0.159735396656701,0.19,18.047,High,2026-06-29 00:52:02.063000+00:00,2026-06-29 09:52:02.063000+09:00,9,0,0,validation,0.20834893,-0.01834892988204956,0.01834892988204956,0.5-1 km
VEH_05,VEH_05_FINAL_0118,Final,2026-06-29 00:52:52.127000+00:00,2026-06-29 01:03:11+00:00,4.3434224,10.31455,27.241935483870968,89.0,22.684857450383607,1057.3333333333333,1748.5,424.5135525670898,0.0,0.0955653082730895,2.23,26.717,High,2026-06-29 00:52:52.127000+00:00,2026-06-29 09:52:52.127000+09:00,9,0,0,validation,1.6559045,0.5740954685211181,0.5740954685211181,1-5 km
VEH_02,VEH_02_FINAL_0146,Final,2026-06-29 01:01:18.127000+00:00,2026-06-29 01:20:25.127000+00:00,3.6258569,19.116666666666667,13.590909090909092,53.0,13.788105939806234,1244.6313868613138,3156.0,576.6275158575612,0.0072992700729927,0.2750249518911359,0.68,0.313,High,2026-06-29 01:01:18.127000+00:00,2026-06-29 10:01:18.127000+09:00,10,0,0,validation,0.6856356,-0.005635626316070508,0.005635626316070508,1-5 km
VEH_09,VEH_09_FINAL_0201,Final,2026-06-29 01:06:07.063000+00:00,2026-06-29 01:10:47+00:00,0.73140687,4.665616666666667,10.72093023255814,30.0,8.800966071166856,1100.4928571428572,1706.5,377.4209448239946,0.0,0.0778037374792292,0.11,17.837,High,2026-06-29 01:06:07.063000+00:00,2026-06-29 10:06:07.063000+09:00,10,0,0,validation,0.27031937,-0.16031937241554262,0.16031937241554262,0.5-1 km
VEH_05,VEH_05_FINAL_0119,Final,2026-06-29 01:07:12.127000+00:00,2026-06-29 01:18:43+00:00,6.431726,11.514550000000002,28.48148148148148,89.0,26.35564507719062,1018.6944444444443,1897.75,442.9069499996864,0.0,0.1361474435196195,2.54,15.183,High,2026-06-29 01:07:12.127000+00:00,2026-06-29 10:07:12.127000+09:00,10,0,0,validation,1.4927607,1.0472393417358399,1.0472393417358399,5-20 km
VEH_04,VEH_04_FINAL_0093,Final,2026-06-29 01:07:24.063000+00:00,2026-06-29 01:10:12+00:00,0.47678643,2.79895,10.172413793103448,28.0,7.983037903805973,1181.625,2668.0,519.9261902458574,0.0,0.0627151097245998,0.09,6.2,High,2026-06-29 01:07:24.063000+00:00,2026-06-29 10:07:24.063000+09:00,10,0,0,validation,0.10657641,-0.016576412916183475,0.016576412916183475,0-0.5 km
VEH_09,VEH_09_FINAL_0202,Final,2026-06-29 01:15:48.063000+00:00,2026-06-29 01:18:34+00:00,0.48763213,2.765616666666667,12.185185185185183,30.0,9.59180605956068,1071.3472222222222,1612.5,375.9451620295107,0.0,0.0807935960501715,0.07,2.72,High,2026-06-29 01:15:48.063000+00:00,2026-06-29 10:15:48.063000+09:00,10,0,0,validation,0.08795152,-0.017951518595218652,0.017951518595218652,0-0.5 km
VEH_01,VEH_01_FINAL_0213,Final,2026-06-29 01:19:02.063000+00:00,2026-06-29 01:22:32+00:00,0.5839174,3.49895,11.733333333333333,28.0,8.671537093016182,1063.4130434782608,1971.75,390.6050532903468,0.0,0.131696332525351,0.1,18.003,High,2026-06-29 01:19:02.063000+00:00,2026-06-29 10:19:02.063000+09:00,10,0,0,validation,0.18009214,-0.08009214103221893,0.08009214103221893,0.5-1 km
VEH_04,VEH_04_FINAL_0094,Final,2026-06-29 01:21:03.127000+00:00,2026-06-29 01:24:11.063000+00:00,0.48609614,3.1322666666666668,11.703703703703704,25.0,7.600267124032744,1196.551282051282,2060.5,450.4446634227656,0.0,0.2304694055423525,0.11,0.377,High,2026-06-29 01:21:03.127000+00:00,2026-06-29 10:21:03.127000+09:00,10,0,0,validation,0.09015643,0.019843571484088898,0.019843571484088898,0-0.5 km
VEH_09,VEH_09_FINAL_0203,Final,2026-06-29 01:21:28.063000+00:00,2026-06-29 01:22:04+00:00,0.10105569,0.59895,8.428571428571429,20.0,7.761758689832072,1010.45,1429.0,338.7207699566119,0.0,0.0288242584959501,0.01,1.433,High,2026-06-29 01:21:28.063000+00:00,2026-06-29 10:21:28.063000+09:00,10,0,0,validation,0.77754426,-0.7675442600250244,0.7675442600250244,0-0.5 km
VEH_10,VEH_10_FINAL_0159,Final,2026-06-29 01:21:42.063000+00:00,2026-06-29 01:40:10+00:00,6.3797035,18.465616666666666,22.41304347826087,71.0,21.18781720667839,1394.4255319148936,3124.5,634.2001200936852,0.0070921985815602,0.2396765788026765,0.8,1.353,High,2026-06-29 01:21:42.063000+00:00,2026-06-29 10:21:42.063000+09:00,10,0,0,validation,0.797393,0.0026069760322571245,0.0026069760322571245,5-20 km
VEH_01,VEH_01_FINAL_0214,Final,2026-06-29 01:26:15.063000+00:00,2026-06-29 01:33:09+00:00,1.6485769,6.89895,16.352941176470587,45.0,13.433676630769,1090.7905405405406,1868.5,400.3829818314564,0.0,0.1479213732238245,0.19,3.817,High,2026-06-29 01:26:15.063000+00:00,2026-06-29 10:26:15.063000+09:00,10,0,0,validation,0.25341955,-0.06341954827308655,0.06341954827308655,1-5 km
VEH_02,VEH_02_FINAL_0147,Final,2026-06-29 01:27:09.063000+00:00,2026-06-29 01:34:58+00:00,2.9281135,7.815616666666667,21.55263157894737,74.0,23.020811372162516,1490.59375,2694.0,635.7973624770808,0.0,0.227897312152289,0.49,2.22,High,2026-06-29 01:27:09.063000+00:00,2026-06-29 10:27:09.063000+09:00,10,0,0,validation,0.52249694,-0.032496938705444345,0.032496938705444345,1-5 km
VEH_09,VEH_09_FINAL_0204,Final,2026-06-29 01:27:40.063000+00:00,2026-06-29 01:31:10+00:00,0.69111055,3.49895,12.727272727272728,27.0,8.338565850358883,1140.4351851851852,1794.0,400.61964500721433,0.0,0.0889996797369062,0.11,18.047,High,2026-06-29 01:27:40.063000+00:00,2026-06-29 10:27:40.063000+09:00,10,0,0,validation,0.15885042,-0.04885041654109955,0.04885041654109955,0.5-1 km
VEH_07,VEH_07_FINAL_0114,Final,2026-06-29 01:27:41.063000+00:00,2026-06-29 01:44:24.063000+00:00,7.0821624,16.716666666666665,28.63157894736842,81.0,24.056316658855646,1299.3598484848485,2281.25,498.6678316319617,0.0,0.1140522720381457,0.99,0.26,High,2026-06-29 01:27:41.063000+00:00,2026-06-29 10:27:41.063000+09:00,10,0,0,validation,0.82925075,0.1607492470741272,0.1607492470741272,5-20 km
VEH_04,VEH_04_FINAL_0095,Final,2026-06-29 01:28:04.127000+00:00,2026-06-29 01:50:57.063000+00:00,5.027044,22.882266666666663,17.423841059602648,82.0,19.37891155511141,1366.4084967320262,3775.0,718.8402547775061,0.0392156862745098,0.288492248554995,0.85,2.747,High,2026-06-29 01:28:04.127000+00:00,2026-06-29 10:28:04.127000+09:00,10,0,0,validation,1.0242038,-0.17420377731323244,0.17420377731323244,5-20 km
VEH_09,VEH_09_FINAL_0205,Final,2026-06-29 01:32:11.063000+00:00,2026-06-29 01:33:07+00:00,0.13416667,0.9322833333333332,7.222222222222222,15.0,5.028314888437671,1000.25,1580.0,308.85369860640674,0.0,0.0200144639305731,0.02,18.517,High,2026-06-29 01:32:11.063000+00:00,2026-06-29 10:32:11.063000+09:00,10,0,0,validation,-0.26734823,0.28734822988510134,0.28734822988510134,0-0.5 km
VEH_05,VEH_05_FINAL_0120,Final,2026-06-29 01:33:07.063000+00:00,2026-06-29 01:48:07+00:00,9.831471,14.99895,32.29333333333334,88.0,28.929234732744355,1092.1818181818182,1848.5,421.6610204709146,0.0,0.0314156180657588,3.63,14.397,High,2026-06-29 01:33:07.063000+00:00,2026-06-29 10:33:07.063000+09:00,10,0,0,validation,2.7842784,0.8457216072082518,0.8457216072082518,5-20 km
VEH_09,VEH_09_FINAL_0206,Final,2026-06-29 01:36:43.063000+00:00,2026-06-29 01:39:56+00:00,0.77611667,3.215616666666667,17.181818181818183,39.0,11.45863322923348,1183.3445945945946,2005.5,474.3578566725736,0.0,0.0943175252580458,0.12,1.48,High,2026-06-29 01:36:43.063000+00:00,2026-06-29 10:36:43.063000+09:00,10,0,0,validation,0.14613502,-0.026135017275810246,0.026135017275810246,0.5-1 km
VEH_02,VEH_02_FINAL_0148,Final,2026-06-29 01:39:55.063000+00:00,2026-06-29 02:09:29+00:00,14.803415,29.565616666666664,32.17948717948718,104.0,24.53659934525,1474.329887218045,3453.0,649.7807130532594,0.0037593984962406,0.1763672387476916,1.8,18.947,High,2026-06-29 01:39:55.063000+00:00,2026-06-29 10:39:55.063000+09:00,10,0,0,validation,1.7881569,0.01184313297271733,0.01184313297271733,5-20 km
VEH_08,VEH_08_FINAL_0084,Final,2026-06-29 01:42:36.063000+00:00,2026-06-29 01:46:08+00:00,1.2441672,3.5322833333333334,21.20689655172414,47.0,15.223347111104069,1307.173076923077,2637.75,626.2113444588767,0.0,0.1601687408986503,0.14,2.127,High,2026-06-29 01:42:36.063000+00:00,2026-06-29 10:42:36.063000+09:00,10,0,0,validation,0.2068769,-0.06687690377235411,0.06687690377235411,1-5 km
VEH_10,VEH_10_FINAL_0160,Final,2026-06-29 01:45:22.063000+00:00,2026-06-29 01:47:53.063000+00:00,0.80397487,2.5166666666666666,16.03125,46.0,15.030145489565296,1187.6666666666667,2638.5,511.6997768381003,0.0,0.067400945790697,0.1,0.794,High,2026-06-29 01:45:22.063000+00:00,2026-06-29 10:45:22.063000+09:00,10,0,0,validation,0.15936118,-0.05936118364334106,0.05936118364334106,0.5-1 km
VEH_08,VEH_08_FINAL_0085,Final,2026-06-29 01:48:11.063000+00:00,2026-06-29 01:54:07+00:00,0.70874906,5.932283333333333,10.456521739130435,34.0,10.920078279977288,1106.7,2060.0,448.19731305371687,0.0,0.399996469861442,0.16,1.32,High,2026-06-29 01:48:11.063000+00:00,2026-06-29 10:48:11.063000+09:00,10,0,0,validation,0.23183778,-0.07183777928352356,0.07183777928352356,0.5-1 km
VEH_01,VEH_01_FINAL_0216,Final,2026-06-29 01:49:40+00:00,2026-06-29 01:52:23.063000+00:00,0.8553756,2.7177166666666666,17.48,44.0,15.184518431613167,1193.0576923076924,2005.5,483.3421223610878,0.0,0.2377678133347871,0.28,0.034,High,2026-06-29 01:49:40+00:00,2026-06-29 10:49:40+09:00,10,0,0,validation,0.15405475,0.12594525396823886,0.12594525396823886,0.5-1 km
VEH_10,VEH_10_FINAL_0161,Final,2026-06-29 01:50:52.063000+00:00,2026-06-29 01:55:48.127000+00:00,1.2023026,4.9344,16.75,43.0,11.91550110850008,1205.093220338983,2257.5,504.3860630826374,0.0,0.2157151811633534,0.16,0.353,High,2026-06-29 01:50:52.063000+00:00,2026-06-29 10:50:52.063000+09:00,10,0,0,validation,0.24561402,-0.08561402201652527,0.08561402201652527,1-5 km
VEH_03,VEH_03_FINAL_0082,Final,2026-06-29 01:53:02.063000+00:00,2026-06-29 01:59:27+00:00,1.5919826,6.415616666666667,14.42622950819672,52.0,14.413630862341751,1157.1931818181818,2204.75,487.3742345456589,0.0,0.0891522769892607,0.21,1.493,High,2026-06-29 01:53:02.063000+00:00,2026-06-29 10:53:02.063000+09:00,10,0,0,validation,0.23582795,-0.025827952623367317,0.025827952623367317,1-5 km
VEH_09,VEH_09_FINAL_0207,Final,2026-06-29 01:54:36.063000+00:00,2026-06-29 02:08:18+00:00,4.9702783,13.69895,24.186046511627907,82.0,20.837974965168748,1274.813432835821,2328.0,536.5012994366098,0.0,0.2110094472517289,0.73,18.307,High,2026-06-29 01:54:36.063000+00:00,2026-06-29 10:54:36.063000+09:00,10,0,0,validation,0.67348224,0.056517760753631574,0.056517760753631574,1-5 km
VEH_10,VEH_10_FINAL_0162,Final,2026-06-29 01:57:53.063000+00:00,2026-06-29 02:05:45+00:00,1.2031957,7.865616666666667,13.227272727272728,55.0,15.154552725816728,1325.640350877193,2583.75,550.8953518001078,0.0,0.3268422081068131,0.28,17.003,High,2026-06-29 01:57:53.063000+00:00,2026-06-29 10:57:53.063000+09:00,10,0,0,validation,0.2669936,0.013006387948989895,0.013006387948989895,1-5 km
VEH_05,VEH_05_FINAL_0121,Final,2026-06-29 01:59:09.063000+00:00,2026-06-29 02:00:38+00:00,0.33301613,1.4822833333333334,10.545454545454543,27.0,9.68939097779944,962.7,1430.75,455.0640174744648,0.0,0.0688610384244594,0.17,21.487,High,2026-06-29 01:59:09.063000+00:00,2026-06-29 10:59:09.063000+09:00,10,0,0,validation,3.0379379,-2.867937879562378,2.867937879562378,0-0.5 km
VEH_08,VEH_08_FINAL_0086,Final,2026-06-29 01:59:29.063000+00:00,2026-06-29 02:09:22+00:00,1.702968,9.882283333333334,14.012345679012345,40.0,10.415437055913266,1169.6521739130435,2339.5,461.55972617702184,0.0,0.1950822482921317,0.33,0.21,High,2026-06-29 01:59:29.063000+00:00,2026-06-29 10:59:29.063000+09:00,10,0,0,validation,0.27144602,0.05855398058891298,0.05855398058891298,1-5 km
VEH_01,VEH_01_FINAL_0217,Final,2026-06-29 01:59:38.063000+00:00,2026-06-29 02:04:56+00:00,0.8450016,5.2989500000000005,13.129032258064516,37.0,13.60915710571348,1099.3625,1840.75,426.4722842328091,0.0,0.3116062808908106,0.15,1.163,High,2026-06-29 01:59:38.063000+00:00,2026-06-29 10:59:38.063000+09:00,10,0,0,validation,0.28168264,-0.13168264031410218,0.13168264031410218,0.5-1 km
VEH_07,VEH_07_FINAL_0116,Final,2026-06-29 02:05:32+00:00,2026-06-29 02:09:12+00:00,0.11063945,3.6666666666666665,3.2777777777777777,20.0,5.8670980481131245,1068.25,1732.0,410.46730229093765,0.0,0.2549070247933884,0.26,17.667,High,2026-06-29 02:05:32+00:00,2026-06-29 11:05:32+09:00,11,0,0,validation,0.18304507,0.07695492565631867,0.07695492565631867,0-0.5 km
VEH_04,VEH_04_FINAL_0097,Final,2026-06-29 02:06:50.063000+00:00,2026-06-29 02:53:07+00:00,27.558437,46.28228333333333,26.842105263157897,88.0,26.76459396861289,1271.0992366412213,2345.0,493.4882359358234,0.0,0.2267314685125893,2.94,22.493,High,2026-06-29 02:06:50.063000+00:00,2026-06-29 11:06:50.063000+09:00,11,0,0,validation,2.7027192,0.2372807884216308,0.2372807884216308,20-50 km
VEH_01,VEH_01_FINAL_0218,Final,2026-06-29 02:10:14.063000+00:00,2026-06-29 02:16:24.063000+00:00,1.4395385,6.166666666666667,13.96,32.0,10.005918248716606,1227.8,2034.0,469.6148062508251,0.0,0.1415759198489276,0.29,17.457,High,2026-06-29 02:10:14.063000+00:00,2026-06-29 11:10:14.063000+09:00,11,0,0,validation,0.24965961,0.04034038722515104,0.04034038722515104,1-5 km
VEH_08,VEH_08_FINAL_0087,Final,2026-06-29 02:12:27.063000+00:00,2026-06-29 02:25:19+00:00,2.5663958,12.865616666666666,14.80952380952381,48.0,13.699562202316809,1203.6376811594205,2088.25,483.61690869657536,0.0,0.2109872319147931,0.43,4.507,High,2026-06-29 02:12:27.063000+00:00,2026-06-29 11:12:27.063000+09:00,11,0,0,validation,0.3388702,0.09112980246543884,0.09112980246543884,1-5 km
VEH_09,VEH_09_FINAL_0208,Final,2026-06-29 02:13:28.063000+00:00,2026-06-29 02:15:58+00:00,0.15056007,2.49895,9.5,18.0,5.72673157616581,1068.67,1769.75,350.7459388218201,0.0,0.0315502161388128,0.11,17.81,High,2026-06-29 02:13:28.063000+00:00,2026-06-29 11:13:28.063000+09:00,11,0,0,validation,-0.027182518,0.1371825175732374,0.1371825175732374,0-0.5 km
VEH_07,VEH_07_FINAL_0117,Final,2026-06-29 02:14:57.063000+00:00,2026-06-29 02:19:52+00:00,0.21862096,4.915616666666667,4.913043478260869,22.0,6.473444372325131,992.0357142857144,1636.75,375.8690508240163,0.0,0.0409966328326219,0.1,17.343,High,2026-06-29 02:14:57.063000+00:00,2026-06-29 11:14:57.063000+09:00,11,0,0,validation,0.36400366,-0.26400365829467776,0.26400365829467776,0-0.5 km
VEH_10,VEH_10_FINAL_0163,Final,2026-06-29 02:16:47.063000+00:00,2026-06-29 02:18:58+00:00,0.44069445,2.182283333333334,10.214285714285714,24.0,8.2866378795588,1139.075,2144.0,500.3004541023324,0.0,0.0857067326009034,0.08,17.003,High,2026-06-29 02:16:47.063000+00:00,2026-06-29 11:16:47.063000+09:00,11,0,0,validation,0.05753248,0.02246751815080643,0.02246751815080643,0-0.5 km
VEH_02,VEH_02_FINAL_0149,Final,2026-06-29 02:17:04.063000+00:00,2026-06-29 02:24:21.063000+00:00,1.0449624,7.283333333333333,14.88679245283019,48.0,14.68365845287535,1246.7254901960785,2370.75,527.9472972409039,0.0,0.3573917549722128,0.27,0.884,High,2026-06-29 02:17:04.063000+00:00,2026-06-29 11:17:04.063000+09:00,11,0,0,validation,0.24604589,0.023954112529754656,0.023954112529754656,1-5 km
VEH_01,VEH_01_FINAL_0219,Final,2026-06-29 02:20:43.063000+00:00,2026-06-29 02:27:09+00:00,0.6104673,6.432283333333333,9.355555555555556,29.0,7.589921842828614,1079.1346153846157,1787.0,389.5391522163946,0.0,0.1445316938099117,0.18,18.52,High,2026-06-29 02:20:43.063000+00:00,2026-06-29 11:20:43.063000+09:00,11,0,0,validation,0.21669304,-0.036693043708801276,0.036693043708801276,0.5-1 km
VEH_09,VEH_09_FINAL_0209,Final,2026-06-29 02:21:25.063000+00:00,2026-06-29 02:27:21+00:00,0.6367193,5.932283333333333,10.978260869565217,31.0,9.676257654321562,1112.668918918919,2095.25,421.9701541500606,0.0,0.2301960675147769,0.24,18.23,High,2026-06-29 02:21:25.063000+00:00,2026-06-29 11:21:25.063000+09:00,11,0,0,validation,0.22914597,0.010854026079177848,0.010854026079177848,0.5-1 km
VEH_10,VEH_10_FINAL_0164,Final,2026-06-29 02:24:00.063000+00:00,2026-06-29 02:26:55+00:00,0.7223611,2.9156166666666667,14.363636363636363,32.0,9.23044429745257,1178.9545454545455,2185.25,495.7878809873072,0.0,0.0739682557932315,0.09,16.597,High,2026-06-29 02:24:00.063000+00:00,2026-06-29 11:24:00.063000+09:00,11,0,0,validation,0.13176858,-0.04176858425140381,0.04176858425140381,0.5-1 km
VEH_02,VEH_02_FINAL_0150,Final,2026-06-29 02:26:38.063000+00:00,2026-06-29 02:37:06+00:00,2.9620993,10.465616666666667,20.67441860465116,88.0,23.505289785871465,1384.236666666667,2448.75,562.3081760229192,0.0,0.2985562500746973,0.46,2.183,High,2026-06-29 02:26:38.063000+00:00,2026-06-29 11:26:38.063000+09:00,11,0,0,validation,0.52885115,-0.06885115146636961,0.06885115146636961,1-5 km
VEH_07,VEH_07_FINAL_0118,Final,2026-06-29 02:27:43.063000+00:00,2026-06-29 02:35:46+00:00,0.42211866,8.04895,7.4375,34.0,9.117077039819286,1113.0681818181818,1753.25,403.96038131161015,0.0,0.408363290734223,0.16,20.8,High,2026-06-29 02:27:43.063000+00:00,2026-06-29 11:27:43.063000+09:00,11,0,0,validation,0.17623302,-0.01623302340507507,0.01623302340507507,0-0.5 km
VEH_08,VEH_08_FINAL_0088,Final,2026-06-29 02:28:56.063000+00:00,2026-06-29 02:30:28.063000+00:00,0.17607282,1.5333333333333334,9.842105263157896,26.0,7.98197415163321,1092.6375,1874.5,409.91482709064087,0.0,0.049187853879282,0.05,15.874,High,2026-06-29 02:28:56.063000+00:00,2026-06-29 11:28:56.063000+09:00,11,0,0,validation,0.04997662,2.3379176855090056e-05,2.3379176855090056e-05,0-0.5 km
VEH_09,VEH_09_FINAL_0210,Final,2026-06-29 02:30:39.127000+00:00,2026-06-29 02:36:33+00:00,1.4448087,5.897883333333334,17.35,39.0,10.374367450596688,1164.627192982456,1962.5,472.9475466140627,0.0,0.1107186358099878,0.33,1.72,High,2026-06-29 02:30:39.127000+00:00,2026-06-29 11:30:39.127000+09:00,11,0,0,validation,0.27236122,0.057638781070709244,0.057638781070709244,1-5 km
VEH_01,VEH_01_FINAL_0220,Final,2026-06-29 02:31:16.063000+00:00,2026-06-29 02:38:08+00:00,0.70223075,6.865616666666667,10.351851851851851,38.0,10.297711733245164,1125.610294117647,2068.5,436.4410343198137,0.0,0.245133759624168,0.22,17.703,High,2026-06-29 02:31:16.063000+00:00,2026-06-29 11:31:16.063000+09:00,11,0,0,validation,0.24145737,-0.02145737290382385,0.02145737290382385,0.5-1 km
VEH_10,VEH_10_FINAL_0165,Final,2026-06-29 02:33:08.127000+00:00,2026-06-29 02:38:28+00:00,2.0034597,5.331216666666666,22.38095238095238,63.0,17.7910523002467,1299.7178571428572,2606.0,569.7330028202255,0.0,0.0763892161575413,0.27,2.187,High,2026-06-29 02:33:08.127000+00:00,2026-06-29 11:33:08.127000+09:00,11,0,0,validation,0.28491747,-0.014917473793029767,0.014917473793029767,1-5 km
VEH_08,VEH_08_FINAL_0089,Final,2026-06-29 02:34:54.127000+00:00,2026-06-29 02:38:15+00:00,0.8867345,3.3478833333333333,15.512820512820513,37.0,10.59964149096634,1144.604838709677,1955.25,436.17802010019074,0.0,0.0382850846438946,0.11,1.29,High,2026-06-29 02:34:54.127000+00:00,2026-06-29 11:34:54.127000+09:00,11,0,0,validation,0.13686296,-0.026862963438034057,0.026862963438034057,0.5-1 km
VEH_09,VEH_09_FINAL_0211,Final,2026-06-29 02:39:57.063000+00:00,2026-06-29 02:43:00+00:00,0.5519055,3.04895,12.6,32.0,10.616339607730469,1107.375,2065.25,427.9829013398616,0.0,0.2561071065574728,0.09,1.32,High,2026-06-29 02:39:57.063000+00:00,2026-06-29 11:39:57.063000+09:00,11,0,0,validation,0.099916756,-0.009916756153106693,0.009916756153106693,0.5-1 km
VEH_01,VEH_01_FINAL_0221,Final,2026-06-29 02:41:17.063000+00:00,2026-06-29 02:53:08.127000+00:00,1.6658876,11.851066666666666,10.51388888888889,47.0,11.989570763741522,1167.85625,2147.0,489.37171418916057,0.0,0.2462912486031974,0.42,0.59,High,2026-06-29 02:41:17.063000+00:00,2026-06-29 11:41:17.063000+09:00,11,0,0,validation,0.27144492,0.1485550832748413,0.1485550832748413,1-5 km
VEH_08,VEH_08_FINAL_0090,Final,2026-06-29 02:41:30.063000+00:00,2026-06-29 02:45:44+00:00,0.97658956,4.232283333333333,14.08695652173913,29.0,8.914634004427342,1141.6949152542372,2086.75,465.7890973332076,0.0,0.0503271302953846,0.15,0.897,High,2026-06-29 02:41:30.063000+00:00,2026-06-29 11:41:30.063000+09:00,11,0,0,validation,0.12819798,0.021802017092704767,0.021802017092704767,0.5-1 km
VEH_02,VEH_02_FINAL_0151,Final,2026-06-29 02:42:13.063000+00:00,2026-06-29 02:46:51.127000+00:00,0.71108264,4.6344,13.166666666666666,49.0,13.69552701860941,1250.7325581395348,2404.25,579.9429938789415,0.0,0.2707868816971534,0.2,0.196,High,2026-06-29 02:42:13.063000+00:00,2026-06-29 11:42:13.063000+09:00,11,0,0,validation,0.22095561,-0.020955610275268544,0.020955610275268544,0.5-1 km
VEH_09,VEH_09_FINAL_0212,Final,2026-06-29 02:45:21.063000+00:00,2026-06-29 02:55:02+00:00,3.0663812,9.682283333333334,17.5875,66.0,15.786619136154515,1186.9198717948718,2452.75,499.2239626596197,0.0,0.1470921577614109,0.34,17.277,High,2026-06-29 02:45:21.063000+00:00,2026-06-29 11:45:21.063000+09:00,11,0,0,validation,0.41279715,-0.07279715299606321,0.07279715299606321,1-5 km
VEH_07,VEH_07_FINAL_0119,Final,2026-06-29 02:46:57.063000+00:00,2026-06-29 03:19:26+00:00,19.252993,32.482283333333335,37.19620253164557,101.0,31.340001304750544,1239.935393258427,2396.5,486.3843190295911,0.0,0.1367435840933534,1.76,29.887,High,2026-06-29 02:46:57.063000+00:00,2026-06-29 11:46:57.063000+09:00,11,0,0,validation,2.2310224,-0.4710223579406738,0.4710223579406738,5-20 km
VEH_03,VEH_03_FINAL_0083,Final,2026-06-29 02:47:51.063000+00:00,2026-06-29 03:21:43+00:00,24.194984,33.86561666666667,42.966887417218544,99.0,29.905019007434305,1349.404761904762,2516.25,522.8935603481025,0.0,0.096644813439908,2.66,18.257,High,2026-06-29 02:47:51.063000+00:00,2026-06-29 11:47:51.063000+09:00,11,0,0,validation,2.3762398,0.283760223388672,0.283760223388672,20-50 km
VEH_08,VEH_08_FINAL_0091,Final,2026-06-29 02:50:46.063000+00:00,2026-06-29 03:23:51+00:00,23.828611,33.08228333333333,34.72049689440994,94.0,26.43384128291776,1298.798076923077,2266.5,517.3196983343697,0.0,0.0879410176052307,1.99,24.673,High,2026-06-29 02:50:46.063000+00:00,2026-06-29 11:50:46.063000+09:00,11,0,0,validation,2.168775,-0.1787750816345215,0.1787750816345215,20-50 km
VEH_02,VEH_02_FINAL_0152,Final,2026-06-29 02:51:41.063000+00:00,2026-06-29 03:03:15.063000+00:00,4.5388803,11.566666666666666,22.044642857142858,76.0,17.920154452089267,1301.1083333333331,2469.5,562.9134848170622,0.0,0.1379483718216126,0.51,0.024,High,2026-06-29 02:51:41.063000+00:00,2026-06-29 11:51:41.063000+09:00,11,0,0,validation,0.65264755,-0.14264755487442016,0.14264755487442016,1-5 km
VEH_01,VEH_01_FINAL_0222,Final,2026-06-29 02:58:03.063000+00:00,2026-06-29 03:05:09+00:00,0.8421969,7.09895,8.783783783783784,31.0,7.912136196786163,1016.1052631578948,1728.75,353.8157630502427,0.0,0.2797211975325535,0.17,7.79,High,2026-06-29 02:58:03.063000+00:00,2026-06-29 11:58:03.063000+09:00,11,0,0,validation,0.79539937,-0.6253993678092956,0.6253993678092956,0.5-1 km
VEH_10,VEH_10_FINAL_0167,Final,2026-06-29 03:00:02.063000+00:00,2026-06-29 03:10:31+00:00,1.8789716,10.482283333333331,17.729411764705883,55.0,15.956844915395376,1310.436567164179,2677.0,607.9464015297663,0.0,0.2933561669060508,0.4,18.003,High,2026-06-29 03:00:02.063000+00:00,2026-06-29 12:00:02.063000+09:00,12,0,0,validation,0.34331775,0.056682252883911155,0.056682252883911155,1-5 km
VEH_09,VEH_09_FINAL_0213,Final,2026-06-29 03:03:35.063000+00:00,2026-06-29 03:11:18+00:00,1.368759,7.715616666666667,15.898550724637682,56.0,13.770526104835238,1147.4310344827586,2061.0,468.5137721844642,0.0,0.1390459314913855,0.36,17.627,High,2026-06-29 03:03:35.063000+00:00,2026-06-29 12:03:35.063000+09:00,12,0,0,validation,0.28760633,0.07239367127418517,0.07239367127418517,1-5 km
VEH_02,VEH_02_FINAL_0153,Final,2026-06-29 03:10:55.063000+00:00,2026-06-29 03:21:30+00:00,4.4291534,10.582283333333333,20.183908045977013,76.0,20.533420325031532,1307.6340579710145,2577.5,575.2345734185286,0.0,0.094091788006079,0.48,1.86,High,2026-06-29 03:10:55.063000+00:00,2026-06-29 12:10:55.063000+09:00,12,0,0,validation,0.65651125,-0.17651124715805055,0.17651124715805055,1-5 km
VEH_01,VEH_01_FINAL_0224,Final,2026-06-29 03:12:13.063000+00:00,2026-06-29 03:15:11.063000+00:00,0.22323842,2.966666666666667,10.866666666666667,23.0,7.957107235393749,1067.428571428571,1916.5,487.2428940016488,0.0,0.2842604122806231,0.08,15.887,High,2026-06-29 03:12:13.063000+00:00,2026-06-29 12:12:13.063000+09:00,12,0,0,validation,0.10155579,-0.02155578702688217,0.02155578702688217,0-0.5 km
VEH_10,VEH_10_FINAL_0168,Final,2026-06-29 03:17:04.063000+00:00,2026-06-29 03:21:45.063000+00:00,1.2407013,4.683333333333334,17.233333333333334,43.0,13.506006894053558,1274.680769230769,2407.75,552.883259877937,0.0,0.1153360445205479,0.21,0.05,High,2026-06-29 03:17:04.063000+00:00,2026-06-29 12:17:04.063000+09:00,12,0,0,validation,0.24770291,-0.03770291149616242,0.03770291149616242,1-5 km
VEH_01,VEH_01_FINAL_0225,Final,2026-06-29 03:19:24.063000+00:00,2026-06-29 03:20:34.127000+00:00,0.13339777,1.1677333333333333,6.5,18.0,6.726812023536855,899.25,1317.5,243.61464190397095,0.0,0.043661154627212,0.02,0.796,High,2026-06-29 03:19:24.063000+00:00,2026-06-29 12:19:24.063000+09:00,12,0,0,validation,-0.20306697,0.22306697487831115,0.22306697487831115,0-0.5 km
VEH_09,VEH_09_FINAL_0214,Final,2026-06-29 03:23:20.127000+00:00,2026-06-29 03:31:51.127000+00:00,2.6930234,8.516666666666667,20.625,73.0,21.61395258689561,1205.4932432432431,2194.5,484.4264911131348,0.0,0.174266222889964,0.56,0.63,High,2026-06-29 03:23:20.127000+00:00,2026-06-29 12:23:20.127000+09:00,12,0,0,validation,0.43838352,0.12161648035049444,0.12161648035049444,1-5 km
VEH_01,VEH_01_FINAL_0226,Final,2026-06-29 03:23:26.127000+00:00,2026-06-29 03:27:23+00:00,0.33345956,3.947883333333333,9.157894736842104,20.0,5.931744732190271,1012.0,1695.75,371.6734117474641,0.0,0.2429445901899992,0.06,2.683,High,2026-06-29 03:23:26.127000+00:00,2026-06-29 12:23:26.127000+09:00,12,0,0,validation,0.3192865,-0.2592864954471588,0.2592864954471588,0-0.5 km
VEH_10,VEH_10_FINAL_0169,Final,2026-06-29 03:24:55.063000+00:00,2026-06-29 03:29:40+00:00,0.743233,4.74895,14.19047619047619,44.0,12.585399884367328,1139.4358974358977,2177.5,545.4315238166131,0.0,0.3000932603330037,0.14,17.333,High,2026-06-29 03:24:55.063000+00:00,2026-06-29 12:24:55.063000+09:00,12,0,0,validation,0.20701888,-0.0670188820362091,0.0670188820362091,0.5-1 km
VEH_10,VEH_10_FINAL_0170,Final,2026-06-29 03:33:11.063000+00:00,2026-06-29 03:38:09+00:00,0.8430437,4.965616666666667,13.196078431372548,53.0,13.95513765515198,1258.2302631578948,2821.75,544.8131783295166,0.0,0.2976837872391573,0.19,16.75,High,2026-06-29 03:33:11.063000+00:00,2026-06-29 12:33:11.063000+09:00,12,0,0,validation,0.20834893,-0.01834892988204956,0.01834892988204956,0.5-1 km
VEH_02,VEH_02_FINAL_0154,Final,2026-06-29 03:35:45.063000+00:00,2026-06-29 04:08:08+00:00,23.541304,32.38228333333333,37.76525821596244,99.0,28.974188198133117,1386.1069651741293,3689.25,615.0129107177314,0.0099502487562189,0.1149416543395184,2.43,17.62,High,2026-06-29 03:35:45.063000+00:00,2026-06-29 12:35:45.063000+09:00,12,0,0,validation,2.4474802,-0.017480201721191246,0.017480201721191246,20-50 km
VEH_12,VEH_12_FINAL_0197,Final,2026-06-29 03:37:37.063000+00:00,2026-06-29 04:19:21+00:00,41.635094,41.732283333333335,38.48571428571429,89.0,30.602867679419873,1141.6714285714286,1875.75,436.8984262937544,0.0,0.1042617568778345,10.61,29.253,High,2026-06-29 03:37:37.063000+00:00,2026-06-29 12:37:37.063000+09:00,12,0,0,validation,11.029795,-0.41979469299316463,0.41979469299316463,20-50 km
VEH_09,VEH_09_FINAL_0215,Final,2026-06-29 03:37:39.063000+00:00,2026-06-29 03:43:21+00:00,3.0108066,5.69895,26.72972972972973,70.0,19.667023639734428,1219.1176470588234,2145.25,502.7445565099099,0.0,0.0572972810213483,0.3,2.423,High,2026-06-29 03:37:39.063000+00:00,2026-06-29 12:37:39.063000+09:00,12,0,0,validation,0.36965042,-0.06965042352676393,0.06965042352676393,1-5 km
VEH_01,VEH_01_FINAL_0228,Final,2026-06-29 03:39:40+00:00,2026-06-29 03:41:44+00:00,0.2614631,2.066666666666667,10.416666666666666,22.0,7.454957336490188,1018.4166666666666,1560.25,383.17975184268573,0.0,0.0,0.35,2.78,High,2026-06-29 03:39:40+00:00,2026-06-29 12:39:40+09:00,12,0,0,validation,0.70098925,-0.3509892463684082,0.3509892463684082,0-0.5 km
VEH_10,VEH_10_FINAL_0171,Final,2026-06-29 03:41:05.063000+00:00,2026-06-29 03:45:38+00:00,0.7802288,4.5489500000000005,12.857142857142858,38.0,12.373111070018744,1193.1513157894738,2015.5,472.7498801089277,0.0,0.3500658905801015,0.15,4.163,High,2026-06-29 03:41:05.063000+00:00,2026-06-29 12:41:05.063000+09:00,12,0,0,validation,0.21930593,-0.06930593252182007,0.06930593252182007,0.5-1 km
VEH_08,VEH_08_FINAL_0092,Final,2026-06-29 03:45:02.063000+00:00,2026-06-29 03:49:14+00:00,0.49318513,4.19895,13.454545454545457,39.0,10.430406915827977,1181.1666666666667,2401.0,476.704469654826,0.0,0.140157652106809,0.2,24.44,High,2026-06-29 03:45:02.063000+00:00,2026-06-29 12:45:02.063000+09:00,12,0,0,validation,0.12765215,0.07234784662723542,0.07234784662723542,0-0.5 km
VEH_01,VEH_01_FINAL_0229,Final,2026-06-29 03:45:05.063000+00:00,2026-06-29 03:53:00+00:00,1.5444909,7.915616666666667,9.234375,46.0,12.83274886216414,1068.53,1775.75,392.6391493470818,0.0,0.3127307186778063,0.23,3.457,High,2026-06-29 03:45:05.063000+00:00,2026-06-29 12:45:05.063000+09:00,12,0,0,validation,0.26804724,-0.0380472433567047,0.0380472433567047,1-5 km
VEH_09,VEH_09_FINAL_0216,Final,2026-06-29 03:46:24.063000+00:00,2026-06-29 03:55:33+00:00,3.2295046,9.14895,21.042105263157893,65.0,15.95910285664328,1363.554054054054,2619.75,559.186916167836,0.0,0.1854934254362505,0.52,1.27,High,2026-06-29 03:46:24.063000+00:00,2026-06-29 12:46:24.063000+09:00,12,0,0,validation,0.42051104,0.09948896288871767,0.09948896288871767,1-5 km
VEH_01,VEH_01_FINAL_0230,Final,2026-06-29 03:56:12.063000+00:00,2026-06-29 04:03:46+00:00,0.80476445,7.565616666666667,6.962962962962963,36.0,9.767601326082824,1099.9605263157894,1806.0,417.7189251344886,0.0,0.1960444513750563,0.2,1.383,High,2026-06-29 03:56:12.063000+00:00,2026-06-29 12:56:12.063000+09:00,12,0,0,validation,0.24933799,-0.04933798611164092,0.04933798611164092,0.5-1 km
VEH_01,VEH_01_FINAL_0231,Final,2026-06-29 04:07:04.063000+00:00,2026-06-29 04:16:03+00:00,1.002192,8.982283333333333,12.742857142857142,32.0,11.00478560093058,1227.7391304347825,2085.75,467.5828715101513,0.0,0.2646574916413964,0.34,3.563,High,2026-06-29 04:07:04.063000+00:00,2026-06-29 13:07:04.063000+09:00,13,0,0,validation,0.2582126,0.08178740382194521,0.08178740382194521,1-5 km
VEH_09,VEH_09_FINAL_0218,Final,2026-06-29 04:11:04.063000+00:00,2026-06-29 04:18:20+00:00,2.1242163,7.265616666666667,18.95890410958904,43.0,12.92808173818379,1184.0875,2085.75,483.57254890252335,0.0,0.1440185507246376,0.28,1.527,High,2026-06-29 04:11:04.063000+00:00,2026-06-29 13:11:04.063000+09:00,13,0,0,validation,0.332418,-0.052417994737625095,0.052417994737625095,1-5 km
VEH_10,VEH_10_FINAL_0172,Final,2026-06-29 04:16:56+00:00,2026-06-29 04:21:45.127000+00:00,0.50235784,4.818783333333333,14.696969696969695,38.0,10.62154713516521,1185.178571428571,2229.75,518.0983293029719,0.0,0.0218208961713784,0.23,15.923,High,2026-06-29 04:16:56+00:00,2026-06-29 13:16:56+09:00,13,0,0,validation,0.16929229,0.06070771396160127,0.06070771396160127,0.5-1 km
VEH_01,VEH_01_FINAL_0232,Final,2026-06-29 04:19:08.063000+00:00,2026-06-29 04:31:37+00:00,2.572103,12.482283333333331,12.8659793814433,38.0,11.61728969756288,1160.334821428571,2023.25,445.6803393728958,0.0,0.1289340180516651,0.42,1.653,High,2026-06-29 04:19:08.063000+00:00,2026-06-29 13:19:08.063000+09:00,13,0,0,validation,0.3711217,0.048878295421600326,0.048878295421600326,1-5 km
VEH_10,VEH_10_FINAL_0174,Final,2026-06-29 04:34:02.063000+00:00,2026-06-29 04:35:15.063000+00:00,0.29634437,1.2166666666666666,13.411764705882351,32.0,10.808813525405531,1300.696428571429,2546.5,560.2001251033566,0.0,0.0138446628824588,0.03,0.27,High,2026-06-29 04:34:02.063000+00:00,2026-06-29 13:34:02.063000+09:00,13,0,0,validation,0.009492249,0.020507750771939753,0.020507750771939753,0-0.5 km
VEH_10,VEH_10_FINAL_0175,Final,2026-06-29 04:39:51.063000+00:00,2026-06-29 05:04:25+00:00,7.8574777,24.565616666666664,23.150943396226417,77.0,20.60353168701735,1376.8057324840763,2571.0,569.2596254586564,0.0,0.2939593108311857,1.04,2.64,High,2026-06-29 04:39:51.063000+00:00,2026-06-29 13:39:51.063000+09:00,13,0,0,validation,1.1033405,-0.06334050655364987,0.06334050655364987,5-20 km
VEH_03,VEH_03_FINAL_0084,Final,2026-06-29 04:54:00.063000+00:00,2026-06-29 05:29:12+00:00,24.557333,35.198949999999996,38.464646464646464,101.0,30.724192794194135,1281.2754237288136,2371.5,507.6227500271826,0.0,0.1398964902693642,2.63,7.2,High,2026-06-29 04:54:00.063000+00:00,2026-06-29 13:54:00.063000+09:00,13,0,0,validation,2.4613452,0.16865480422973622,0.16865480422973622,20-50 km
VEH_01,VEH_01_FINAL_0233,Final,2026-06-29 04:54:54.063000+00:00,2026-06-29 04:58:21+00:00,0.1755488,3.4489500000000004,5.875,20.0,7.490619133289317,1052.5,1780.0,381.91311184613704,0.0,0.3080487352823544,0.09,1.853,High,2026-06-29 04:54:54.063000+00:00,2026-06-29 13:54:54.063000+09:00,13,0,0,validation,0.1210456,-0.031045596897602085,0.031045596897602085,0-0.5 km
VEH_08,VEH_08_FINAL_0093,Final,2026-06-29 04:55:25.063000+00:00,2026-06-29 05:25:44+00:00,26.604591,30.315616666666664,38.78709677419355,97.0,28.88173596265365,1330.9645833333334,2841.0,583.8170146185873,0.0,0.14234884459574,2.33,4.75,High,2026-06-29 04:55:25.063000+00:00,2026-06-29 13:55:25.063000+09:00,13,0,0,validation,2.1792066,0.15079339027404792,0.15079339027404792,20-50 km
VEH_04,VEH_04_FINAL_0098,Final,2026-06-29 04:56:16.063000+00:00,2026-06-29 05:34:13.063000+00:00,24.698706,37.95,34.680297397769515,125.0,34.758032720124774,1486.014705882353,3889.0,779.3143835431131,0.0504201680672268,0.1742687999703536,3.03,3.297,High,2026-06-29 04:56:16.063000+00:00,2026-06-29 13:56:16.063000+09:00,13,0,0,validation,2.8971474,0.13285258293151836,0.13285258293151836,20-50 km
VEH_02,VEH_02_FINAL_0155,Final,2026-06-29 04:57:39.063000+00:00,2026-06-29 05:28:15+00:00,8.076922,30.59895,19.77358490566038,75.0,17.989977827745953,1320.3115942028985,3507.25,608.1084631125049,0.0072463768115942,0.1802674313515597,1.51,18.433,High,2026-06-29 04:57:39.063000+00:00,2026-06-29 13:57:39.063000+09:00,13,0,0,validation,1.2016795,0.3083205318450928,0.3083205318450928,5-20 km
VEH_07,VEH_07_FINAL_0121,Final,2026-06-29 05:00:54.063000+00:00,2026-06-29 05:33:54+00:00,12.351003,32.99895,25.02298850574713,76.0,20.57337695529578,1252.071428571429,2343.0,514.060001725625,0.0,0.1251799469811247,1.75,21.497,High,2026-06-29 05:00:54.063000+00:00,2026-06-29 14:00:54.063000+09:00,14,0,0,validation,1.4616472,0.2883528470993042,0.2883528470993042,5-20 km
VEH_01,VEH_01_FINAL_0235,Final,2026-06-29 05:08:33+00:00,2026-06-29 05:15:26+00:00,1.273998,6.883333333333334,9.953488372093023,28.0,9.50386332308174,1047.3125,1594.5,335.36493066322544,0.0,0.0990873355448201,0.26,2.877,High,2026-06-29 05:08:33+00:00,2026-06-29 14:08:33+09:00,14,0,0,validation,0.2913378,-0.03133778810501098,0.03133778810501098,1-5 km
VEH_09,VEH_09_FINAL_0219,Final,2026-06-29 05:13:46+00:00,2026-06-29 05:24:26+00:00,2.618107,10.666666666666666,25.272727272727273,53.0,13.22731958754586,1188.9110169491526,2073.5,450.40332387571016,0.0,0.071497268112449,0.84,21.707,High,2026-06-29 05:13:46+00:00,2026-06-29 14:13:46+09:00,14,0,0,validation,0.41667014,0.4233298563957214,0.4233298563957214,1-5 km
VEH_01,VEH_01_FINAL_0236,Final,2026-06-29 05:15:58.063000+00:00,2026-06-29 05:18:13.127000+00:00,0.12312388,2.2510666666666665,3.0,13.0,4.183300132670378,921.6666666666666,1513.5,290.1608629517235,0.0,0.0542094319772691,0.05,0.153,High,2026-06-29 05:15:58.063000+00:00,2026-06-29 14:15:58.063000+09:00,14,0,0,validation,-0.3727871,0.42278708815574645,0.42278708815574645,0-0.5 km
VEH_10,VEH_10_FINAL_0176,Final,2026-06-29 05:21:36.063000+00:00,2026-06-29 05:38:25+00:00,6.0182614,16.815616666666667,28.115044247787612,76.0,20.685488142374297,1420.31,3139.0,605.0234932628649,0.008,0.219031944903848,0.8,4.973,High,2026-06-29 05:21:36.063000+00:00,2026-06-29 14:21:36.063000+09:00,14,0,0,validation,0.7511088,0.04889117479324345,0.04889117479324345,5-20 km
VEH_01,VEH_01_FINAL_0237,Final,2026-06-29 05:22:28.063000+00:00,2026-06-29 05:26:58+00:00,0.4762842,4.49895,8.194444444444445,29.0,8.428850733721532,1127.9666666666667,1940.75,413.6258763128288,0.0,0.1966461211477152,0.15,18.043,High,2026-06-29 05:22:28.063000+00:00,2026-06-29 14:22:28.063000+09:00,14,0,0,validation,0.13501592,0.014984080195426935,0.014984080195426935,0-0.5 km
VEH_01,VEH_01_FINAL_0238,Final,2026-06-29 05:30:15.063000+00:00,2026-06-29 05:35:30+00:00,0.21872519,5.24895,9.53125,24.0,7.729749248035152,1203.25,1802.25,423.1107600590864,0.0,0.2172007636245752,0.17,21.413,High,2026-06-29 05:30:15.063000+00:00,2026-06-29 14:30:15.063000+09:00,14,0,0,validation,0.21660796,-0.04660795807838439,0.04660795807838439,0-0.5 km
VEH_09,VEH_09_FINAL_0220,Final,2026-06-29 05:30:48.063000+00:00,2026-06-29 05:44:15.063000+00:00,3.442399,13.45,19.735632183908045,62.0,15.447694296661304,1221.0105633802816,2541.5,493.4158825606072,0.0,0.2048875289447568,0.45,0.647,High,2026-06-29 05:30:48.063000+00:00,2026-06-29 14:30:48.063000+09:00,14,0,0,validation,0.4230096,0.026990395784378063,0.026990395784378063,1-5 km
VEH_08,VEH_08_FINAL_0094,Final,2026-06-29 05:34:30.063000+00:00,2026-06-29 05:47:53+00:00,2.9748776,13.382283333333334,16.226190476190474,50.0,13.84209520893577,1170.466049382716,2109.5,457.4933713226299,0.0,0.2876263194021539,0.37,3.457,High,2026-06-29 05:34:30.063000+00:00,2026-06-29 14:34:30.063000+09:00,14,0,0,validation,0.4173846,-0.04738459467887879,0.04738459467887879,1-5 km
VEH_02,VEH_02_FINAL_0156,Final,2026-06-29 05:34:54.063000+00:00,2026-06-29 05:41:41+00:00,1.1633419,6.782283333333334,20.375,62.0,16.81470710419899,1284.1764705882354,3412.25,661.5195506687274,0.0196078431372549,0.0650499157961844,0.32,17.543,High,2026-06-29 05:34:54.063000+00:00,2026-06-29 14:34:54.063000+09:00,14,0,0,validation,0.3345395,-0.014539502859115594,0.014539502859115594,1-5 km
VEH_03,VEH_03_FINAL_0085,Final,2026-06-29 05:40:28+00:00,2026-06-29 05:47:43.187000+00:00,1.233581,7.253116666666667,14.454545454545457,47.0,14.783981726939444,1104.6323529411766,1974.75,430.9875340906306,0.0,0.2911158877016639,0.27,14.83,High,2026-06-29 05:40:28+00:00,2026-06-29 14:40:28+09:00,14,0,0,validation,0.2579492,0.01205079674720766,0.01205079674720766,1-5 km
VEH_01,VEH_01_FINAL_0239,Final,2026-06-29 05:42:34.063000+00:00,2026-06-29 05:49:56+00:00,1.1364293,7.365616666666667,9.096774193548388,38.0,10.172241922172566,1136.775,2047.5,438.2227903228371,0.0,0.1848728255742736,0.36,5.09,High,2026-06-29 05:42:34.063000+00:00,2026-06-29 14:42:34.063000+09:00,14,0,0,validation,0.24145737,0.11854262709617613,0.11854262709617613,1-5 km
VEH_02,VEH_02_FINAL_0157,Final,2026-06-29 05:50:00.063000+00:00,2026-06-29 06:17:00+00:00,9.501565,26.998949999999997,23.81958762886598,67.0,19.835234395925102,1378.7068965517242,3531.75,583.8538126474425,0.0086206896551724,0.1268903848743344,1.32,18.543,High,2026-06-29 05:50:00.063000+00:00,2026-06-29 14:50:00.063000+09:00,14,0,0,validation,1.1379983,0.18200165748596198,0.18200165748596198,5-20 km
VEH_08,VEH_08_FINAL_0095,Final,2026-06-29 05:52:48.063000+00:00,2026-06-29 06:10:12+00:00,5.243746,17.39895,18.625,57.0,18.782759842677336,1304.2547619047618,2752.25,512.8083056178572,0.0,0.2085505153410481,0.78,4.417,High,2026-06-29 05:52:48.063000+00:00,2026-06-29 14:52:48.063000+09:00,14,0,0,validation,0.6655145,0.11448547124862674,0.11448547124862674,5-20 km
VEH_10,VEH_10_FINAL_0178,Final,2026-06-29 05:54:15+00:00,2026-06-29 06:12:15.127000+00:00,5.473906,18.002116666666666,20.945454545454545,77.0,18.22061920427865,1304.4207746478874,2795.75,583.8356290075964,0.0,0.184924164818873,1.2,15.876,High,2026-06-29 05:54:15+00:00,2026-06-29 14:54:15+09:00,14,0,0,validation,0.7143642,0.48563582897186275,0.48563582897186275,5-20 km
VEH_04,VEH_04_FINAL_0101,Final,2026-06-29 05:58:37.063000+00:00,2026-06-29 06:03:02+00:00,0.7144555,4.415616666666667,12.548387096774194,56.0,15.353551043866291,1346.5,3429.5,742.4643701276789,0.0227272727272727,0.3561813573641229,0.21,10.66,High,2026-06-29 05:58:37.063000+00:00,2026-06-29 14:58:37.063000+09:00,14,0,0,validation,0.2149582,-0.004958205819129952,0.004958205819129952,0.5-1 km
VEH_07,VEH_07_FINAL_0123,Final,2026-06-29 05:58:46+00:00,2026-06-29 06:35:39+00:00,9.202387,36.88333333333333,18.438271604938272,73.0,19.29880101118825,1217.2317708333333,2120.75,470.4999117804443,0.0,0.2742319879331766,1.86,20.023,High,2026-06-29 05:58:46+00:00,2026-06-29 14:58:46+09:00,14,0,0,validation,1.3366503,0.523349747657776,0.523349747657776,5-20 km
VEH_03,VEH_03_FINAL_0086,Final,2026-06-29 06:04:53.127000+00:00,2026-06-29 06:05:39.063000+00:00,0.16635247,0.7656,6.4,20.0,6.974238309665078,870.6875,1626.25,454.77497440355046,0.0,0.0595538485586048,0.02,15.647,High,2026-06-29 06:04:53.127000+00:00,2026-06-29 15:04:53.127000+09:00,15,0,0,validation,0.009689329,0.01031067080795765,0.01031067080795765,0-0.5 km
VEH_09,VEH_09_FINAL_0221,Final,2026-06-29 06:05:07.063000+00:00,2026-06-29 06:05:56+00:00,0.11659584,0.8156166666666667,6.6923076923076925,20.0,7.699996157687506,1040.15625,1874.0,432.3613928456581,0.0,0.0723416558247114,0.02,2.163,High,2026-06-29 06:05:07.063000+00:00,2026-06-29 15:05:07.063000+09:00,15,0,0,validation,0.032917723,-0.012917723059654235,0.012917723059654235,0-0.5 km
VEH_09,VEH_09_FINAL_0222,Final,2026-06-29 06:09:59.063000+00:00,2026-06-29 06:10:35+00:00,0.16586079,0.59895,13.375,25.0,10.499255926016852,1166.85,1803.25,507.12120346126335,0.0,0.0286307412853559,0.02,1.927,High,2026-06-29 06:09:59.063000+00:00,2026-06-29 15:09:59.063000+09:00,15,0,0,validation,0.046989083,-0.026989083290100097,0.026989083290100097,0-0.5 km
VEH_04,VEH_04_FINAL_0102,Final,2026-06-29 06:11:06.063000+00:00,2026-06-29 06:22:18+00:00,2.2101076,11.19895,17.652631578947368,58.0,15.725787351087842,1392.906862745098,3779.0,735.1244583515286,0.0490196078431372,0.3087895557802073,0.54,1.82,High,2026-06-29 06:11:06.063000+00:00,2026-06-29 15:11:06.063000+09:00,15,0,0,validation,0.4859289,0.0540711069107056,0.0540711069107056,1-5 km
VEH_01,VEH_01_FINAL_0240,Final,2026-06-29 06:14:40.063000+00:00,2026-06-29 06:16:29+00:00,0.2527234,1.8156166666666669,5.055555555555555,19.0,6.645568466799028,1132.5454545454545,1830.75,440.3213162796549,0.0,0.0745005111049159,0.06,2.317,High,2026-06-29 06:14:40.063000+00:00,2026-06-29 15:14:40.063000+09:00,15,0,0,validation,0.36250034,-0.3025003397464752,0.3025003397464752,0-0.5 km
VEH_08,VEH_08_FINAL_0096,Final,2026-06-29 06:14:57.127000+00:00,2026-06-29 06:28:46+00:00,2.3313098,13.81455,11.064516129032258,52.0,13.511290739749516,1202.5489130434785,2267.5,493.92073443113566,0.0,0.301063584447667,0.38,2.457,High,2026-06-29 06:14:57.127000+00:00,2026-06-29 15:14:57.127000+09:00,15,0,0,validation,0.33774185,0.04225814819335938,0.04225814819335938,1-5 km
VEH_03,VEH_03_FINAL_0087,Final,2026-06-29 06:15:43.063000+00:00,2026-06-29 06:17:01.063000+00:00,0.23680319,1.3,9.77777777777778,26.0,10.517475169954873,974.3611111111112,1465.5,306.54112265166515,0.0,0.0980890897353131,0.04,0.54,High,2026-06-29 06:15:43.063000+00:00,2026-06-29 15:15:43.063000+09:00,15,0,0,validation,-0.11845866,0.15845865845680238,0.15845865845680238,0-0.5 km
VEH_09,VEH_09_FINAL_0223,Final,2026-06-29 06:16:48.063000+00:00,2026-06-29 06:30:40+00:00,2.8341627,13.865616666666666,16.659574468085108,64.0,15.856774638828108,1150.471590909091,2431.0,511.27959937628856,0.0,0.249636925709878,0.5,18.39,High,2026-06-29 06:16:48.063000+00:00,2026-06-29 15:16:48.063000+09:00,15,0,0,validation,0.41605455,0.08394545316696167,0.08394545316696167,1-5 km
VEH_10,VEH_10_FINAL_0179,Final,2026-06-29 06:16:53.063000+00:00,2026-06-29 06:23:18+00:00,0.44264707,6.415616666666667,10.932203389830509,29.0,8.297159830132728,1285.6011904761904,2897.0,600.3051408091688,0.0,0.1621838869660562,0.18,17.32,High,2026-06-29 06:16:53.063000+00:00,2026-06-29 15:16:53.063000+09:00,15,0,0,validation,0.20812999,-0.028129987120628364,0.028129987120628364,0-0.5 km
VEH_01,VEH_01_FINAL_0241,Final,2026-06-29 06:18:35.063000+00:00,2026-06-29 06:19:58+00:00,0.24909402,1.3822833333333333,9.181818181818182,25.0,7.952337355865104,994.1875,1546.0,335.5349914222807,0.0,0.02589971940954,0.03,1.473,High,2026-06-29 06:18:35.063000+00:00,2026-06-29 15:18:35.063000+09:00,15,0,0,validation,0.47399202,-0.44399201989173886,0.44399201989173886,0-0.5 km
VEH_01,VEH_01_FINAL_0242,Final,2026-06-29 06:25:59.063000+00:00,2026-06-29 06:32:44.063000+00:00,1.3689917,6.75,12.1875,36.0,10.094669075804315,1123.482142857143,1812.5,414.57658546622815,0.0,0.010477653170611,0.17,0.207,High,2026-06-29 06:25:59.063000+00:00,2026-06-29 15:25:59.063000+09:00,15,0,0,validation,0.30890968,-0.13890968441963195,0.13890968441963195,1-5 km
VEH_10,VEH_10_FINAL_0180,Final,2026-06-29 06:26:22.063000+00:00,2026-06-29 06:27:37+00:00,0.27041668,1.24895,11.4375,25.0,8.767616195409103,1160.5441176470588,1821.75,471.2022033437303,0.0,0.1041655432731194,0.04,17.243,High,2026-06-29 06:26:22.063000+00:00,2026-06-29 15:26:22.063000+09:00,15,0,0,validation,0.07698981,-0.036989807188510894,0.036989807188510894,0-0.5 km
VEH_03,VEH_03_FINAL_0088,Final,2026-06-29 06:28:18.063000+00:00,2026-06-29 06:29:13+00:00,0.17885332,0.9156166666666666,13.25,29.0,10.779030568655047,1070.375,1665.75,386.09084504168186,0.0,0.0186532363365043,0.02,5.82,High,2026-06-29 06:28:18.063000+00:00,2026-06-29 15:28:18.063000+09:00,15,0,0,validation,0.03902891,-0.01902890905737877,0.01902890905737877,0-0.5 km
VEH_04,VEH_04_FINAL_0103,Final,2026-06-29 06:28:54.063000+00:00,2026-06-29 06:35:45+00:00,1.3389878,6.84895,11.3875,50.0,13.828859090684237,1188.3636363636365,2057.5,484.5837712975526,0.0,0.1131471794268464,0.22,1.737,High,2026-06-29 06:28:54.063000+00:00,2026-06-29 15:28:54.063000+09:00,15,0,0,validation,0.25927925,-0.03927925109863281,0.03927925109863281,1-5 km
VEH_09,VEH_09_FINAL_0224,Final,2026-06-29 06:33:29.063000+00:00,2026-06-29 06:38:26+00:00,0.7571789,4.94895,13.148936170212766,39.0,9.24139328954763,1079.4071428571428,1841.5,410.83646853407623,0.0,0.1174070195588285,0.13,17.987,High,2026-06-29 06:33:29.063000+00:00,2026-06-29 15:33:29.063000+09:00,15,0,0,validation,0.32935858,-0.19935857772827148,0.19935857772827148,0.5-1 km
VEH_10,VEH_10_FINAL_0182,Final,2026-06-29 06:35:41.063000+00:00,2026-06-29 06:45:40+00:00,2.1423125,9.982283333333331,14.76530612244898,51.0,13.783901450315268,1305.0152439024391,2570.25,564.6314715817302,0.0,0.2678290347668502,0.4,1.507,High,2026-06-29 06:35:41.063000+00:00,2026-06-29 15:35:41.063000+09:00,15,0,0,validation,0.322642,0.07735800147056582,0.07735800147056582,1-5 km
VEH_08,VEH_08_FINAL_0097,Final,2026-06-29 06:39:05.063000+00:00,2026-06-29 06:55:33+00:00,3.7978148,16.465616666666666,17.078260869565216,55.0,16.684357592660653,1264.7716049382716,2367.75,529.240540479986,0.0,0.2563244162274889,0.73,16.503,High,2026-06-29 06:39:05.063000+00:00,2026-06-29 15:39:05.063000+09:00,15,0,0,validation,0.6634256,0.06657437562942503,0.06657437562942503,1-5 km
VEH_11,VEH_11_FINAL_0083,Final,2026-06-29 06:39:32.140000+00:00,2026-06-29 06:50:57+00:00,3.2044168,11.414333333333332,18.901408450704224,66.0,18.642791099728004,1061.2430555555557,1741.0,445.68101169770046,0.0,0.2145179195995495,1.84,3.433,High,2026-06-29 06:39:32.140000+00:00,2026-06-29 15:39:32.140000+09:00,15,0,0,validation,0.57447004,1.265529956817627,1.265529956817627,1-5 km
VEH_01,VEH_01_FINAL_0243,Final,2026-06-29 06:39:36.063000+00:00,2026-06-29 06:46:16+00:00,3.9039533,6.665616666666667,30.25531914893617,84.0,27.28842641830975,1243.2416666666666,2103.5,488.56925252607624,0.0,0.1235379706445437,0.38,1.897,High,2026-06-29 06:39:36.063000+00:00,2026-06-29 15:39:36.063000+09:00,15,0,0,validation,0.7978559,-0.4178559136390686,0.4178559136390686,1-5 km
VEH_04,VEH_04_FINAL_0104,Final,2026-06-29 06:40:40.063000+00:00,2026-06-29 06:54:01+00:00,3.1236475,13.34895,18.827272727272728,75.0,19.74098601705649,1349.4349593495936,3927.0,724.5579531528384,0.040650406504065,0.2282683098661994,0.6,11.3,High,2026-06-29 06:40:40.063000+00:00,2026-06-29 15:40:40.063000+09:00,15,0,0,validation,0.49736407,0.10263592600822447,0.10263592600822447,1-5 km
VEH_09,VEH_09_FINAL_0225,Final,2026-06-29 06:45:52.063000+00:00,2026-06-29 06:51:13+00:00,1.3218039,5.34895,15.46551724137931,35.0,9.645823675956024,1140.9525862068965,2071.5,459.4379190007343,0.0,0.0431525040903218,0.2,1.23,High,2026-06-29 06:45:52.063000+00:00,2026-06-29 15:45:52.063000+09:00,15,0,0,validation,0.20201693,-0.0020169347524642833,0.0020169347524642833,1-5 km
VEH_07,VEH_07_FINAL_0125,Final,2026-06-29 06:50:45+00:00,2026-06-29 07:09:00+00:00,6.3491855,18.25,23.77611940298507,61.0,19.517937326425667,1116.31875,1887.25,388.32279174153234,0.0,0.2118452875266254,0.54,19.603,High,2026-06-29 06:50:45+00:00,2026-06-29 15:50:45+09:00,15,0,0,validation,0.8080654,-0.2680654144287109,0.2680654144287109,5-20 km
VEH_12,VEH_12_FINAL_0201,Final,2026-06-29 06:52:18.063000+00:00,2026-06-29 07:27:50+00:00,39.38287,35.53228333333333,51.14018691588785,89.0,29.833948109128073,1117.571428571429,1755.25,434.44660436101503,0.0,0.0257601780851548,10.49,5.197,High,2026-06-29 06:52:18.063000+00:00,2026-06-29 15:52:18.063000+09:00,15,0,0,validation,9.627311,0.8626892471313479,0.8626892471313479,20-50 km
VEH_01,VEH_01_FINAL_0244,Final,2026-06-29 06:53:47.127000+00:00,2026-06-29 06:56:07+00:00,1.2116202,2.3312166666666667,25.94736842105263,66.0,21.663633568507887,1160.3125,1739.25,428.22299517161616,0.0,0.0144746980837228,0.12,2.43,High,2026-06-29 06:53:47.127000+00:00,2026-06-29 15:53:47.127000+09:00,15,0,0,validation,0.40799966,-0.2879996645450592,0.2879996645450592,1-5 km
VEH_09,VEH_09_FINAL_0226,Final,2026-06-29 06:54:32.063000+00:00,2026-06-29 07:05:31+00:00,3.7575417,10.982283333333331,22.51315789473684,91.0,24.129853436558747,1215.8779069767445,2142.5,486.77224860492856,0.0,0.1980417529330572,0.48,19.473,High,2026-06-29 06:54:32.063000+00:00,2026-06-29 15:54:32.063000+09:00,15,0,0,validation,0.7653648,-0.28536482572555544,0.28536482572555544,1-5 km
VEH_10,VEH_10_FINAL_0183,Final,2026-06-29 06:57:05.063000+00:00,2026-06-29 06:57:52+00:00,0.11617758,0.7822833333333333,9.88888888888889,20.0,7.355186294860162,1083.196428571429,1660.25,351.69355799793215,0.0,0.0,0.02,1.473,High,2026-06-29 06:57:05.063000+00:00,2026-06-29 15:57:05.063000+09:00,15,0,0,validation,-0.055003434,0.07500343441963196,0.07500343441963196,0-0.5 km
VEH_01,VEH_01_FINAL_0245,Final,2026-06-29 07:00:03.063000+00:00,2026-06-29 07:22:11+00:00,5.3860316,22.13228333333333,16.917721518987342,58.0,14.193047500102642,1162.095588235294,2225.75,475.0171695092458,0.0,0.1707937522712884,0.78,2.397,High,2026-06-29 07:00:03.063000+00:00,2026-06-29 16:00:03.063000+09:00,16,0,0,validation,0.67863035,0.10136964797973635,0.10136964797973635,5-20 km
VEH_08,VEH_08_FINAL_0098,Final,2026-06-29 07:01:31.063000+00:00,2026-06-29 07:07:26.063000+00:00,0.8849586,5.916666666666667,12.582089552238806,42.0,12.917822067866355,1116.39375,2245.75,542.1878735949722,0.0,0.2033466319364305,0.18,0.784,High,2026-06-29 07:01:31.063000+00:00,2026-06-29 16:01:31.063000+09:00,16,0,0,validation,0.2350963,-0.055096305608749396,0.055096305608749396,0.5-1 km
VEH_10,VEH_10_FINAL_0184,Final,2026-06-29 07:04:00.063000+00:00,2026-06-29 07:14:04.063000+00:00,2.2031505,10.066666666666666,14.945652173913045,67.0,15.440182001091928,1391.3449367088608,3500.25,670.1302883236913,0.0253164556962025,0.2874543650422181,0.38,0.784,High,2026-06-29 07:04:00.063000+00:00,2026-06-29 16:04:00.063000+09:00,16,0,0,validation,0.382648,-0.0026479911804199174,0.0026479911804199174,1-5 km
VEH_11,VEH_11_FINAL_0085,Final,2026-06-29 07:05:19.703000+00:00,2026-06-29 07:23:27+00:00,4.310719,18.121616666666668,13.795774647887324,63.0,16.906344643022422,1075.3255813953488,1810.75,440.3714457998211,0.0,0.2317589359933499,1.92,3.607,High,2026-06-29 07:05:19.703000+00:00,2026-06-29 16:05:19.703000+09:00,16,0,0,validation,1.0843216,0.8356783819198608,0.8356783819198608,1-5 km
VEH_08,VEH_08_FINAL_0099,Final,2026-06-29 07:11:14.063000+00:00,2026-06-29 07:24:23+00:00,1.1995505,13.14895,9.89873417721519,48.0,11.978456332900816,1146.223404255319,2198.0,492.2505530778329,0.0,0.4611166735490051,0.34,21.047,High,2026-06-29 07:11:14.063000+00:00,2026-06-29 16:11:14.063000+09:00,16,0,0,validation,0.27144492,0.06855508327484133,0.06855508327484133,1-5 km
VEH_09,VEH_09_FINAL_0227,Final,2026-06-29 07:14:14.063000+00:00,2026-06-29 07:18:35+00:00,0.6749484,4.34895,13.194444444444445,36.0,9.780421044232662,1069.633928571429,2031.0,409.9265095402493,0.0,0.1967783797938255,0.14,18.047,High,2026-06-29 07:14:14.063000+00:00,2026-06-29 16:14:14.063000+09:00,16,0,0,validation,0.17855704,-0.03855703830718993,0.03855703830718993,0.5-1 km
VEH_10,VEH_10_FINAL_0185,Final,2026-06-29 07:15:51.127000+00:00,2026-06-29 07:20:13+00:00,0.9487631,4.3645499999999995,16.066666666666666,43.0,13.079925246133651,1255.385,2455.25,553.3915277857079,0.0,0.1832243867710827,0.16,1.287,High,2026-06-29 07:15:51.127000+00:00,2026-06-29 16:15:51.127000+09:00,16,0,0,validation,0.18508129,-0.025081288218498227,0.025081288218498227,0.5-1 km
VEH_09,VEH_09_FINAL_0228,Final,2026-06-29 07:22:03.063000+00:00,2026-06-29 07:28:10+00:00,1.5064155,6.115616666666667,16.274193548387096,32.0,9.116042850538912,1138.105072463768,2001.75,421.3900079245092,0.0,0.0068403490409027,0.22,1.89,High,2026-06-29 07:22:03.063000+00:00,2026-06-29 16:22:03.063000+09:00,16,0,0,validation,0.29583946,-0.07583945870399475,0.07583945870399475,1-5 km
VEH_10,VEH_10_FINAL_0186,Final,2026-06-29 07:24:08.063000+00:00,2026-06-29 07:25:13.063000+00:00,0.28475478,1.0833333333333333,12.642857142857142,46.0,15.145047011468533,1340.9038461538462,2713.5,682.6076242169092,0.0,0.3155636967106602,0.05,0.084,High,2026-06-29 07:24:08.063000+00:00,2026-06-29 16:24:08.063000+09:00,16,0,0,validation,0.07222322,-0.022223216295242307,0.022223216295242307,0-0.5 km
VEH_01,VEH_01_FINAL_0246,Final,2026-06-29 07:26:03.063000+00:00,2026-06-29 07:27:42.063000+00:00,0.3443237,1.65,11.333333333333334,27.0,8.106924338010206,1120.825,1641.0,363.4292924696632,0.0,0.0120287216414704,0.07,0.93,High,2026-06-29 07:26:03.063000+00:00,2026-06-29 16:26:03.063000+09:00,16,0,0,validation,0.013184464,0.056815536394715316,0.056815536394715316,0-0.5 km
VEH_08,VEH_08_FINAL_0100,Final,2026-06-29 07:28:05.063000+00:00,2026-06-29 07:42:50+00:00,4.3136687,14.74895,18.28813559322034,55.0,15.41466487258665,1259.8177966101696,2489.5,514.8740853776292,0.0,0.1012288932660507,0.62,18.937,High,2026-06-29 07:28:05.063000+00:00,2026-06-29 16:28:05.063000+09:00,16,0,0,validation,0.6361576,-0.0161575722694397,0.0161575722694397,1-5 km
VEH_11,VEH_11_FINAL_0086,Final,2026-06-29 07:28:23.297000+00:00,2026-06-29 08:52:05+00:00,84.71822,83.69505000000001,45.84119106699752,100.0,29.161900950859017,1200.7025547445255,1832.5,449.4012638212427,0.0,0.0862070000744535,20.94,4.907,High,2026-06-29 07:28:23.297000+00:00,2026-06-29 16:28:23.297000+09:00,16,0,0,validation,20.806446,0.13355392456054815,0.13355392456054815,50+ km
VEH_01,VEH_01_FINAL_0247,Final,2026-06-29 07:29:43.063000+00:00,2026-06-29 07:33:09+00:00,0.72359365,3.432283333333334,14.565217391304348,28.0,9.636100992831352,1115.6447368421052,1748.75,399.0280816838574,0.0,0.1089443172407073,0.11,2.207,High,2026-06-29 07:29:43.063000+00:00,2026-06-29 16:29:43.063000+09:00,16,0,0,validation,0.15657537,-0.04657536685466766,0.04657536685466766,0.5-1 km
VEH_09,VEH_09_FINAL_0229,Final,2026-06-29 07:29:44.063000+00:00,2026-06-29 07:30:30+00:00,0.13234468,0.7656166666666666,11.0,24.0,8.215838362577491,1157.375,1575.25,373.9109672881144,0.0,0.0,0.02,2.29,High,2026-06-29 07:29:44.063000+00:00,2026-06-29 16:29:44.063000+09:00,16,0,0,validation,-0.18364637,0.20364636600017547,0.20364636600017547,0-0.5 km
VEH_09,VEH_09_FINAL_0230,Final,2026-06-29 07:33:49.063000+00:00,2026-06-29 07:39:45+00:00,2.6144242,5.932283333333333,23.65909090909091,52.0,17.534308164564614,1163.265625,2092.0,448.900219768205,0.0,0.1229205063903072,0.21,17.14,High,2026-06-29 07:33:49.063000+00:00,2026-06-29 16:33:49.063000+09:00,16,0,0,validation,0.37440446,-0.1644044601917267,0.1644044601917267,1-5 km
VEH_10,VEH_10_FINAL_0187,Final,2026-06-29 07:35:19.063000+00:00,2026-06-29 07:46:59.063000+00:00,3.170836,11.666666666666666,28.0875,86.0,22.821149045348264,1556.5106382978724,3148.25,718.1822845001159,0.0106382978723404,0.2987276739156685,0.58,0.334,High,2026-06-29 07:35:19.063000+00:00,2026-06-29 16:35:19.063000+09:00,16,0,0,validation,0.5895075,-0.009507520198822061,0.009507520198822061,1-5 km
VEH_01,VEH_01_FINAL_0248,Final,2026-06-29 07:35:35.063000+00:00,2026-06-29 07:36:45.063000+00:00,0.21747245,1.1666666666666667,8.666666666666666,20.0,6.99205898780101,919.5833333333334,1227.5,217.9193594479899,0.0,0.0326284510861725,0.02,0.814,High,2026-06-29 07:35:35.063000+00:00,2026-06-29 16:35:35.063000+09:00,16,0,0,validation,-0.19267288,0.21267287850379943,0.21267287850379943,0-0.5 km
VEH_04,VEH_04_FINAL_0105,Final,2026-06-29 07:36:27.063000+00:00,2026-06-29 07:43:33.063000+00:00,1.8691415,7.1,15.416666666666666,67.0,17.279363092686285,1430.057142857143,3896.0,769.1185657382517,0.0571428571428571,0.2267643837290749,0.39,3.014,High,2026-06-29 07:36:27.063000+00:00,2026-06-29 16:36:27.063000+09:00,16,0,0,validation,0.44603762,-0.056037620306015,0.056037620306015,1-5 km
